사고년도,다발시군구,지점명,사고일시,사고등급,가해자성별,가해자연령,가해자신체상해정도,피해자성별,피해자연령,피해자신체상해정도,기상상태,사망자수,부상자수,가해차종_개인형이동수단(PM),가해차종_건설기계,가해차종_기타,가해차종_농기계,가해차종_불명,가해차종_사륜오토바이(ATV),가해차종_승용차,가해차종_승합차,가해차종_원동기장치자전거,가해차종_이륜차,가해차종_자전거,가해차종_특수차,가해차종_화물차,피해차종_개인형이동수단(PM),피해차종_건설기계,피해차종_기타,피해차종_보행자,피해차종_불명,피해차종_사륜오토바이(ATV),피해차종_승용차,피해차종_승합차,피해차종_없음,피해차종_원동기장치자전거,피해차종_이륜차,피해차종_자전거,피해차종_특수차,피해차종_화물차,가해자법규위반_과속,가해자법규위반_교차로 통행방법 위반,가해자법규위반_교차로운행방법위반,가해자법규위반_기타,가해자법규위반_미분류,가해자법규위반_보행자 보호의무 위반,가해자법규위반_보행자보호의무위반,가해자법규위반_불법유턴,가해자법규위반_신호위반,가해자법규위반_안전거리 미확보,가해자법규위반_안전거리미확보,가해자법규위반_안전운전 의무 불이행,가해자법규위반_안전운전불이행,가해자법규위반_중앙선 침범,가해자법규위반_중앙선침범,가해자법규위반_직진우회전진행방해,가해자법규위반_차로위반,사고유형_차대사람 - 기타,사고유형_차대사람 - 길가장자리구역통행중,사고유형_차대사람 - 보도통행중,사고유형_차대사람 - 차도통행중,사고유형_차대사람 - 횡단중,사고유형_차대차 - 기타,사고유형_차대차 - 정면충돌,사고유형_차대차 - 추돌,사고유형_차대차 - 추돌 - 주정차중,사고유형_차대차 - 추돌 - 진행중,사고유형_차대차 - 측면직각충돌,사고유형_차대차 - 측면충돌,사고유형_차대차 - 후진중충돌,사고유형_차량단독 - 공작물충돌,사고유형_차량단독 - 기타,사고유형_차량단독 - 도로외이탈 - 추락,사고유형_차량단독 - 전도,사고유형_차량단독 - 전도전복,사고유형_차량단독 - 전도전복 - 전도
2015,경기도 성남시 분당구2,경기도 성남시 분당구 수내동(문옥관전통학원 부근),2015-05-03 20:00:00,1,0,25.0,4,0,41.0,1,0,0,1,0,0,0,0,0,0,0,0,0,0,1,0,0,0,0,0,1,0,0,0,0,0,0,0,0,0,0,0,0,0,0,0,0,0,0,0,0,0,0,1,0,0,0,0,0,0,0,0,1,0,0,0,0,0,0,0,0,0,0,0,0,0,0
2015,경기도 성남시 분당구1,경기도 성남시 분당구 삼평동(삼평중삼거리 부근),2015-05-19 16:00:00,0,2,47.74785772029103,5,1,14.0,0,0,0,1,0,0,0,0,0,0,1,0,0,0,0,0,0,0,0,0,0,0,0,0,0,0,0,0,1,0,0,0,0,0,1,0,0,0,0,0,0,0,0,0,0,0,0,0,0,0,0,0,0,1,0,0,0,0,0,0,0,0,0,0,0,0,0
2015,경기도 성남시 분당구1,경기도 성남시 분당구 삼평동(삼평중삼거리 부근),2015-05-28 09:00:00,1,1,15.0,1,1,45.0,4,0,0,1,0,0,0,0,0,0,0,0,0,0,1,0,0,0,0,0,0,0,0,1,0,0,0,0,0,0,0,0,0,0,0,0,0,0,0,0,0,0,0,1,0,0,0,0,0,0,0,0,0,1,0,0,0,0,0,0,0,0,0,0,0,0,0
2015,경기도 성남시 분당구1,경기도 성남시 분당구 삼평동(삼평중삼거리 부근),2015-08-18 08:00:00,0,1,45.0,0,1,21.0,4,0,0,1,0,0,0,0,0,0,0,0,0,0,1,0,0,0,0,0,1,0,0,0,0,0,0,0,0,0,0,0,0,0,0,0,0,0,0,0,0,0,0,1,0,0,0,0,1,0,0,0,0,0,0,0,0,0,0,0,0,0,0,0,0,0,0
2015,경기도 성남시 분당구1,경기도 성남시 분당구 삼평동(삼평중삼거리 부근),2015-06-19 18:00:00,0,1,46.0,4,0,4.0,0,0,0,1,0,0,0,0,0,0,0,0,0,0,1,0,0,0,0,0,1,0,0,0,0,0,0,0,0,0,0,0,0,0,0,0,0,0,0,0,0,0,0,1,0,0,0,0,1,0,0,0,0,0,0,0,0,0,0,0,0,0,0,0,0,0,0
2015,경기도 성남시 분당구1,경기도 성남시 분당구 삼평동(삼평중삼거리 부근),2015-07-10 18:00:00,1,1,49.0,1,1,28.0,4,0,0,1,0,0,0,0,0,0,0,0,0,0,1,0,0,0,0,0,0,0,0,0,0,0,0,0,1,0,0,0,0,0,0,0,0,0,0,0,0,0,0,1,0,0,0,0,0,0,0,0,0,1,0,0,0,0,0,0,0,0,0,0,0,0,0
2015,경기도 성남시 분당구2,경기도 성남시 분당구 삼평동(안말사거리 부근),2015-05-13 20:00:00,0,2,47.74785772029103,5,1,42.0,0,0,0,1,0,0,0,0,1,0,0,0,0,0,0,0,0,0,0,0,0,0,0,0,0,0,0,0,1,0,0,0,0,0,0,0,0,0,0,0,0,0,0,1,0,0,0,0,0,0,0,0,0,0,0,0,0,0,1,0,0,0,0,0,0,0,0
2015,경기도 성남시 분당구2,경기도 성남시 분당구 삼평동(안말사거리 부근),2015-10-24 13:00:00,0,0,58.0,4,0,45.0,0,0,0,1,0,0,0,0,0,0,1,0,0,0,0,0,0,0,0,0,0,0,0,0,0,0,0,0,1,0,0,0,0,0,0,0,0,0,0,1,0,0,0,0,0,0,0,0,0,0,0,0,0,0,0,0,0,0,1,0,0,0,0,0,0,0,0
2015,경기도 성남시 분당구2,경기도 성남시 분당구 삼평동(안말사거리 부근),2015-09-29 14:00:00,1,1,30.0,4,1,51.0,1,0,0,1,0,0,0,0,0,0,0,0,0,0,1,0,0,0,0,0,0,0,0,0,0,0,0,0,1,0,0,0,0,0,0,0,0,0,0,0,0,0,0,1,0,0,0,0,0,0,0,0,0,0,0,0,0,1,0,0,0,0,0,0,0,0,0
2015,경기도 성남시 분당구2,경기도 성남시 분당구 삼평동(안말사거리 부근),2015-11-20 20:00:00,0,1,42.0,4,0,60.0,0,0,0,1,0,0,0,0,0,0,0,0,0,0,1,0,0,0,0,0,0,0,0,0,0,0,0,0,1,0,0,0,0,0,0,0,0,0,0,0,0,0,0,1,0,0,0,0,0,0,0,0,0,0,1,0,0,0,0,0,0,0,0,0,0,0,0
2015,경기도 성남시 분당구2,경기도 성남시 분당구 삼평동(안말사거리 부근),2015-05-03 20:00:00,1,0,25.0,4,0,41.0,1,0,0,1,0,0,0,0,0,0,0,0,0,0,1,0,0,0,0,0,1,0,0,0,0,0,0,0,0,0,0,0,0,0,0,0,0,0,0,0,0,0,0,1,0,0,0,0,0,0,0,0,1,0,0,0,0,0,0,0,0,0,0,0,0,0,0
2015,경기도 의정부시1,경기도 의정부시 의정부동(송산교차로 부근),2015-09-25 21:00:00,0,2,47.74785772029103,5,1,36.0,0,0,0,1,0,0,0,0,1,0,0,0,0,0,0,0,0,0,0,0,0,0,0,0,0,0,0,0,1,0,0,0,0,0,0,0,0,0,0,0,0,0,0,1,0,0,0,0,0,0,0,0,0,1,0,0,0,0,0,0,0,0,0,0,0,0,0
2015,경기도 의정부시1,경기도 의정부시 의정부동(송산교차로 부근),2015-09-06 19:00:00,0,1,55.0,4,1,53.0,0,0,0,1,0,0,0,0,0,0,1,0,0,0,0,0,0,0,0,0,0,0,0,0,0,0,0,0,1,0,0,0,0,0,0,0,0,0,1,0,0,0,0,0,0,0,0,0,0,0,0,0,0,0,0,0,0,0,1,0,0,0,0,0,0,0,0
2015,경기도 의정부시1,경기도 의정부시 의정부동(송산교차로 부근),2015-08-14 17:00:00,1,1,72.0,5,1,53.0,1,0,0,1,0,0,0,0,0,0,1,0,0,0,0,0,0,0,0,0,0,0,0,0,0,0,0,0,1,0,0,0,0,0,0,0,0,0,0,0,0,0,0,1,0,0,0,0,0,0,0,0,0,0,0,0,0,1,0,0,0,0,0,0,0,0,0
2015,경기도 의정부시1,경기도 의정부시 의정부동(송산교차로 부근),2015-11-26 16:00:00,0,0,25.0,4,1,77.0,0,0,0,1,0,0,0,0,0,0,1,0,0,0,0,0,0,0,0,0,0,0,0,0,0,0,0,0,1,0,0,0,0,0,0,0,0,0,0,0,0,0,0,0,0,0,1,0,0,0,0,0,0,0,1,0,0,0,0,0,0,0,0,0,0,0,0
2015,경기도 의정부시1,경기도 의정부시 의정부동(송산교차로 부근),2015-09-03 16:00:00,0,0,43.0,4,1,64.0,0,0,0,1,0,0,0,0,0,0,1,0,0,0,0,0,0,0,0,0,0,0,0,0,0,0,0,0,1,0,0,0,0,0,1,0,0,0,0,0,0,0,0,0,0,0,0,0,0,0,0,0,0,1,0,0,0,0,0,0,0,0,0,0,0,0,0
2015,경기도 의정부시1,경기도 의정부시 의정부동(송산교차로 부근),2015-07-04 12:00:00,2,1,61.0,4,0,56.0,2,0,0,1,0,0,0,0,0,0,0,0,0,0,1,0,0,0,0,0,1,0,0,0,0,0,0,0,0,0,0,0,0,0,0,0,0,0,0,0,0,0,0,1,0,0,0,0,0,0,0,1,0,0,0,0,0,0,0,0,0,0,0,0,0,0,0
2015,경기도 의정부시1,경기도 의정부시 의정부동(송산교차로 부근),2015-11-10 10:00:00,1,1,69.0,4,0,53.0,1,0,0,1,0,0,0,0,0,0,0,0,0,0,1,0,0,0,0,0,0,0,0,0,0,0,0,0,1,0,0,0,0,0,0,0,0,0,0,0,0,0,0,1,0,0,0,0,0,0,0,0,0,0,0,0,0,1,0,0,0,0,0,0,0,0,0
2015,경기도 의정부시1,경기도 의정부시 의정부동(송산교차로 부근),2015-03-25 10:00:00,2,1,92.0,2,1,60.0,4,0,0,1,0,0,0,0,0,0,0,0,0,0,1,0,0,0,0,0,0,0,0,0,1,0,0,0,0,0,0,0,0,0,0,0,0,0,0,0,0,0,0,0,0,0,0,1,0,0,0,0,0,0,0,0,0,0,1,0,0,0,0,0,0,0,0
2015,경기도 의정부시1,경기도 의정부시 의정부동(송산교차로 부근),2015-01-14 16:00:00,2,1,45.0,4,1,74.0,2,0,0,1,0,0,0,0,0,0,0,0,0,0,0,0,1,0,0,0,0,0,0,0,0,0,0,0,1,0,0,0,0,0,0,0,0,0,0,0,0,0,0,0,0,0,1,0,0,0,0,0,0,0,0,0,0,0,1,0,0,0,0,0,0,0,0
2015,경기도 의정부시1,경기도 의정부시 의정부동(송산교차로 부근),2015-05-11 07:00:00,0,1,58.0,4,1,79.0,0,0,0,1,0,0,0,0,0,0,0,0,0,0,0,0,1,0,0,0,0,0,0,0,0,0,0,0,1,0,0,0,0,0,0,0,0,0,0,0,0,0,0,1,0,0,0,0,0,0,0,0,0,0,0,0,0,0,1,0,0,0,0,0,0,0,0
2015,경기도 의정부시2,경기도 의정부시 의정부동(파발로터리 부근),2015-12-09 15:00:00,1,1,36.0,4,0,70.0,1,0,0,1,0,0,0,0,0,0,1,0,0,0,0,0,0,0,0,0,0,0,0,0,0,0,0,0,1,0,0,0,0,0,0,0,0,0,0,0,0,0,0,1,0,0,0,0,0,0,0,0,0,0,0,0,0,0,1,0,0,0,0,0,0,0,0
2015,경기도 의정부시2,경기도 의정부시 의정부동(파발로터리 부근),2015-05-17 10:00:00,1,1,41.0,4,0,10.0,1,0,0,1,0,0,0,0,0,0,1,0,0,0,0,0,0,0,0,0,0,0,0,0,0,0,0,0,1,0,0,0,0,1,0,0,0,0,0,0,0,0,0,0,0,0,0,0,0,0,0,0,0,0,1,0,0,0,0,0,0,0,0,0,0,0,0
2015,경기도 의정부시2,경기도 의정부시 의정부동(파발로터리 부근),2015-09-12 13:00:00,1,1,56.0,4,1,36.0,1,0,0,1,0,0,0,0,0,0,0,1,0,0,0,0,0,0,0,0,0,0,0,0,0,0,0,0,1,0,0,0,0,1,0,0,0,0,0,0,0,0,0,0,0,0,0,0,0,0,0,0,0,0,0,0,0,0,1,0,0,0,0,0,0,0,0
2015,경기도 의정부시2,경기도 의정부시 의정부동(파발로터리 부근),2015-08-21 15:00:00,0,1,67.0,4,1,54.0,0,0,0,1,0,0,0,0,0,0,0,0,0,1,0,0,0,0,0,0,0,0,0,0,0,0,0,0,1,0,0,0,0,1,0,0,0,0,0,0,0,0,0,0,0,0,0,0,0,0,0,0,0,0,0,0,0,0,1,0,0,0,0,0,0,0,0
2015,경기도 의정부시2,경기도 의정부시 의정부동(파발로터리 부근),2015-07-17 22:00:00,0,0,18.0,2,1,27.0,0,0,0,3,0,0,0,0,0,0,0,0,0,0,1,0,0,0,0,0,0,0,0,1,0,0,0,0,0,0,0,0,0,0,0,0,0,0,0,0,0,0,0,1,0,0,0,0,0,0,0,0,0,1,0,0,0,0,0,0,0,0,0,0,0,0,0
2015,경기도 의정부시2,경기도 의정부시 의정부동(파발로터리 부근),2015-08-10 08:00:00,1,1,43.0,4,0,55.0,1,0,0,1,0,0,0,0,0,0,0,0,0,0,0,0,1,0,0,0,0,0,0,0,0,0,0,0,1,0,0,0,0,0,0,0,0,0,0,1,0,0,0,0,0,0,0,0,0,0,0,0,0,1,0,0,0,0,0,0,0,0,0,0,0,0,0
2015,경기도 의정부시3,경기도 의정부시 호원동((탑치과앞) 부근),2015-06-08 10:00:00,2,0,40.0,4,1,68.0,2,0,0,1,0,0,0,0,0,0,1,0,0,0,0,0,0,0,0,0,0,0,0,0,0,0,0,0,1,0,0,0,0,0,0,0,0,0,0,0,0,0,0,1,0,0,0,0,0,0,0,0,0,0,0,0,0,1,0,0,0,0,0,0,0,0,0
2015,경기도 의정부시3,경기도 의정부시 호원동((탑치과앞) 부근),2015-09-24 16:00:00,2,2,15.0,5,1,56.0,2,0,0,1,0,0,0,0,0,0,0,0,0,0,1,0,0,0,0,0,0,0,0,0,0,0,0,0,1,0,0,0,0,0,0,0,0,0,0,0,0,0,0,1,0,0,0,0,0,0,0,0,0,1,0,0,0,0,0,0,0,0,0,0,0,0,0
2015,경기도 의정부시3,경기도 의정부시 호원동((탑치과앞) 부근),2015-04-08 19:00:00,1,1,14.0,4,0,17.0,1,3,0,1,0,0,0,0,0,0,0,0,0,0,1,0,0,0,0,0,1,0,0,0,0,0,0,0,0,0,0,0,0,0,0,0,0,0,0,0,0,0,0,1,0,0,0,0,1,0,0,0,0,0,0,0,0,0,0,0,0,0,0,0,0,0,0
2015,경기도 의정부시3,경기도 의정부시 호원동((탑치과앞) 부근),2015-11-11 19:00:00,2,1,14.0,4,0,44.0,2,0,0,1,0,0,0,0,0,0,0,0,0,0,1,0,0,0,0,0,1,0,0,0,0,0,0,0,0,0,0,0,0,1,0,0,0,0,0,0,0,0,0,0,0,0,0,0,1,0,0,0,0,0,0,0,0,0,0,0,0,0,0,0,0,0,0
2015,경기도 의정부시3,경기도 의정부시 호원동((탑치과앞) 부근),2015-09-13 13:00:00,0,1,23.0,0,1,42.0,4,0,0,1,0,0,0,0,0,0,0,0,0,0,1,0,0,0,0,0,0,0,0,1,0,0,0,0,0,0,0,0,0,0,0,0,0,0,0,1,0,0,0,0,0,0,0,0,0,0,0,0,0,0,0,0,0,0,1,0,0,0,0,0,0,0,0
2015,경기도 의정부시4,경기도 의정부시 가능동((수정아파트앞) 부근),2015-06-13 13:00:00,0,1,64.0,4,1,47.0,0,0,0,1,0,0,0,0,0,0,1,0,0,0,0,0,0,0,0,0,0,0,0,0,0,0,0,0,1,0,0,0,0,1,0,0,0,0,0,0,0,0,0,0,0,0,0,0,0,0,0,0,0,0,0,0,0,0,1,0,0,0,0,0,0,0,0
2015,경기도 의정부시4,경기도 의정부시 가능동((수정아파트앞) 부근),2015-06-17 20:00:00,1,1,63.0,4,0,47.0,1,0,0,1,0,0,0,0,0,0,0,0,0,1,0,0,0,0,0,0,0,0,0,0,0,0,0,0,1,0,0,0,0,0,0,0,0,0,0,0,0,0,0,1,0,0,0,0,0,0,0,0,0,0,0,0,0,0,1,0,0,0,0,0,0,0,0
2015,경기도 의정부시4,경기도 의정부시 가능동((수정아파트앞) 부근),2015-11-10 08:00:00,1,1,16.0,4,1,72.0,1,0,0,1,0,0,0,0,0,0,0,0,0,0,1,0,0,0,0,0,1,0,0,0,0,0,0,0,0,0,0,0,0,0,0,0,0,1,0,0,0,0,0,0,0,0,0,0,0,0,0,0,1,0,0,0,0,0,0,0,0,0,0,0,0,0,0
2015,경기도 의정부시4,경기도 의정부시 가능동((수정아파트앞) 부근),2015-06-23 08:00:00,1,0,22.0,4,0,15.0,1,0,0,1,0,0,0,0,0,0,0,0,0,0,1,0,0,0,0,0,1,0,0,0,0,0,0,0,0,0,0,0,0,0,0,0,0,0,0,0,0,0,0,1,0,0,0,0,1,0,0,0,0,0,0,0,0,0,0,0,0,0,0,0,0,0,0
2015,경기도 안양시 만안구1,경기도 안양시 만안구 안양동(명학육교 부근),2015-06-02 18:00:00,0,1,31.0,4,1,22.0,0,0,0,1,0,0,0,0,0,0,1,0,0,0,0,0,0,0,0,0,0,0,0,0,0,0,0,0,1,0,0,0,0,0,0,0,0,0,0,0,0,0,0,1,0,0,0,0,0,0,0,0,0,0,0,0,0,0,1,0,0,0,0,0,0,0,0
2015,경기도 안양시 만안구1,경기도 안양시 만안구 안양동(명학육교 부근),2015-10-24 09:00:00,0,1,34.0,4,1,79.0,0,0,0,1,0,0,0,0,0,0,1,0,0,0,0,0,0,0,0,0,0,0,0,0,0,0,0,0,1,0,0,0,0,0,0,0,0,0,0,0,0,0,0,1,0,0,0,0,0,0,0,0,0,0,0,0,0,0,1,0,0,0,0,0,0,0,0
2015,경기도 안양시 만안구1,경기도 안양시 만안구 안양동(명학육교 부근),2015-05-28 08:00:00,0,1,60.0,4,0,44.0,0,0,0,1,0,0,0,0,0,0,1,0,0,0,0,0,0,0,0,0,0,0,0,0,0,0,0,0,1,0,0,0,0,0,0,0,0,0,0,1,0,0,0,0,0,0,0,0,0,0,0,0,0,0,0,0,0,0,1,0,0,0,0,0,0,0,0
2015,경기도 안양시 만안구1,경기도 안양시 만안구 안양동(명학육교 부근),2015-09-08 19:00:00,1,0,41.0,4,1,38.0,1,0,0,1,0,0,0,0,0,0,1,0,0,0,0,0,0,0,0,0,0,0,0,0,0,0,0,0,1,0,0,0,0,0,0,0,0,0,0,0,0,0,0,1,0,0,0,0,0,0,0,0,0,0,0,0,0,0,1,0,0,0,0,0,0,0,0
2015,경기도 안양시 만안구1,경기도 안양시 만안구 안양동(명학육교 부근),2015-12-13 11:00:00,0,1,79.0,0,1,36.0,4,0,0,1,0,0,0,0,0,0,0,0,0,0,1,0,0,0,0,0,0,0,0,1,0,0,0,0,0,0,0,0,0,0,0,0,0,0,0,1,0,0,0,0,0,0,0,0,0,0,0,0,0,0,1,0,0,0,0,0,0,0,0,0,0,0,0
2015,경기도 안양시 만안구2,경기도 안양시 만안구 안양동(벽산사거리 부근),2015-03-22 16:00:00,0,0,25.0,4,1,24.0,0,0,0,1,0,0,0,0,0,0,1,0,0,0,0,0,0,0,0,0,0,0,0,0,0,0,0,0,1,0,0,0,0,0,0,0,0,0,0,0,0,0,0,0,0,0,0,1,0,0,0,0,0,0,0,0,0,1,0,0,0,0,0,0,0,0,0
2015,경기도 안양시 만안구2,경기도 안양시 만안구 안양동(벽산사거리 부근),2015-09-15 21:00:00,0,1,62.0,4,1,22.0,0,0,0,1,0,0,0,0,0,0,0,0,0,1,0,0,0,0,0,0,0,0,0,0,0,0,0,0,1,0,0,0,0,0,0,0,0,0,0,0,0,1,0,0,0,0,0,0,0,0,0,0,0,0,0,0,0,0,1,0,0,0,0,0,0,0,0
2015,경기도 안양시 만안구2,경기도 안양시 만안구 안양동(벽산사거리 부근),2015-06-02 16:00:00,1,1,14.0,4,0,72.0,1,0,0,1,0,0,0,0,0,0,0,0,0,0,1,0,0,0,0,0,1,0,0,0,0,0,0,0,0,0,0,0,0,0,1,0,0,0,0,0,0,0,0,0,0,0,0,0,0,0,1,0,0,0,0,0,0,0,0,0,0,0,0,0,0,0,0
2015,경기도 안양시 만안구2,경기도 안양시 만안구 안양동(벽산사거리 부근),2015-11-22 12:00:00,0,1,75.0,0,1,49.0,4,0,0,1,0,0,0,0,0,0,0,0,0,0,1,0,0,0,0,0,0,0,0,0,1,0,0,0,0,0,0,0,0,0,0,0,0,0,0,0,0,0,0,1,0,0,0,0,0,0,0,0,0,0,1,0,0,0,0,0,0,0,0,0,0,0,0
2015,경기도 안양시 만안구2,경기도 안양시 만안구 안양동(벽산사거리 부근),2015-07-07 18:00:00,2,1,75.0,2,0,52.0,4,0,0,1,0,0,0,0,0,0,0,0,0,0,1,0,0,0,0,0,0,0,0,1,0,0,0,0,0,0,0,0,0,0,0,0,0,0,1,0,0,0,0,0,0,0,0,0,0,0,0,0,0,0,0,0,0,0,1,0,0,0,0,0,0,0,0
2015,경기도 안양시 만안구3,경기도 안양시 만안구 석수동(안양대교 부근),2015-08-26 23:00:00,1,1,40.0,4,1,41.0,1,0,0,1,0,0,0,0,0,0,1,0,0,0,0,0,0,0,0,0,0,0,0,0,0,0,0,0,1,0,0,0,0,0,0,0,0,0,0,1,0,0,0,0,0,0,0,0,0,0,0,0,0,0,0,0,0,0,1,0,0,0,0,0,0,0,0
2015,경기도 안양시 만안구3,경기도 안양시 만안구 석수동(안양대교 부근),2015-01-12 15:00:00,0,1,54.0,4,1,48.0,0,0,0,1,0,0,0,0,0,0,1,0,0,0,0,0,0,0,0,0,0,0,0,0,0,0,0,0,1,0,0,0,0,0,0,0,0,0,0,0,0,0,0,1,0,0,0,0,0,0,0,0,0,0,0,0,0,0,1,0,0,0,0,0,0,0,0
2015,경기도 안양시 만안구3,경기도 안양시 만안구 석수동(안양대교 부근),2015-07-09 13:00:00,2,1,15.0,2,2,47.23777883246322,6,0,0,1,0,0,0,0,0,0,0,0,0,0,1,0,0,0,0,0,0,0,0,0,0,1,0,0,0,0,0,0,0,0,0,0,0,0,0,0,0,0,0,1,0,0,0,0,0,0,0,0,0,0,0,0,0,0,0,0,0,0,1,0,0,0,0
2015,경기도 안양시 만안구3,경기도 안양시 만안구 석수동(안양대교 부근),2015-11-21 09:00:00,2,1,15.0,2,1,53.0,4,0,0,1,0,0,0,0,0,0,0,0,0,0,1,0,0,0,0,0,0,0,0,1,0,0,0,0,0,0,0,0,0,0,0,0,0,0,1,0,0,0,0,0,0,0,0,0,0,0,0,0,0,0,0,0,0,0,1,0,0,0,0,0,0,0,0
2015,경기도 안양시 만안구3,경기도 안양시 만안구 석수동(안양대교 부근),2015-09-04 14:00:00,2,1,41.0,2,1,36.0,4,0,0,1,0,0,0,0,0,0,0,0,0,0,1,0,0,0,0,0,0,0,0,0,0,0,0,0,0,0,1,0,0,0,0,0,0,0,1,0,0,0,0,0,0,0,0,0,0,0,0,0,0,0,0,0,0,0,1,0,0,0,0,0,0,0,0
2015,경기도 안양시 만안구4,경기도 안양시 만안구 석수동(석수전화국사거리 부근),2015-10-20 22:00:00,0,1,45.0,4,1,17.0,0,0,0,1,0,0,0,0,0,0,1,0,0,0,0,0,0,0,0,0,0,0,0,0,0,0,0,0,1,0,0,0,0,0,0,0,0,0,0,0,0,0,0,1,0,0,0,0,0,0,0,0,0,0,0,0,0,0,1,0,0,0,0,0,0,0,0
2015,경기도 안양시 만안구4,경기도 안양시 만안구 석수동(석수전화국사거리 부근),2015-09-16 13:00:00,1,1,62.0,4,1,75.0,1,0,0,1,0,0,0,0,0,0,1,0,0,0,0,0,0,0,0,0,0,0,0,0,0,0,0,0,1,0,0,0,0,0,0,0,0,0,0,1,0,0,0,0,0,0,0,0,0,0,0,0,0,0,0,0,0,0,1,0,0,0,0,0,0,0,0
2015,경기도 안양시 만안구4,경기도 안양시 만안구 석수동(석수전화국사거리 부근),2015-01-19 19:00:00,0,0,55.0,4,1,18.0,0,0,0,1,0,0,0,0,0,0,1,0,0,0,0,0,0,0,0,0,0,0,0,0,0,0,0,0,1,0,0,0,0,0,0,0,0,0,0,0,0,0,0,1,0,0,0,0,0,0,0,0,0,0,0,0,0,0,1,0,0,0,0,0,0,0,0
2015,경기도 안양시 만안구4,경기도 안양시 만안구 석수동(석수전화국사거리 부근),2015-11-24 17:00:00,2,1,49.0,4,1,91.0,2,0,0,1,0,0,0,0,0,0,0,0,0,0,0,0,1,0,0,0,0,0,0,0,0,0,0,0,1,0,0,0,0,0,0,0,0,0,0,0,0,0,0,1,0,0,0,0,0,0,0,0,0,0,0,0,0,0,1,0,0,0,0,0,0,0,0
2015,경기도 안양시 동안구1,경기도 안양시 동안구 관양동(인덕원교 앞 삼거리 부근),2015-02-08 02:00:00,1,1,19.0,4,1,25.0,1,1,0,1,0,0,0,0,0,0,1,0,0,0,0,0,0,0,0,0,0,0,0,0,0,0,0,0,1,0,0,0,0,0,0,0,0,0,0,0,0,0,0,1,0,0,0,0,0,0,0,0,0,0,0,0,0,0,1,0,0,0,0,0,0,0,0
2015,경기도 안양시 동안구1,경기도 안양시 동안구 관양동(인덕원교 앞 삼거리 부근),2015-07-01 14:00:00,0,1,44.0,5,1,53.0,0,0,0,1,0,0,0,0,0,0,1,0,0,0,0,0,0,0,0,0,0,0,0,0,0,0,0,0,1,0,0,0,0,0,0,0,0,0,0,0,0,0,0,1,0,0,0,0,0,0,0,0,0,0,0,0,0,0,1,0,0,0,0,0,0,0,0
2015,경기도 안양시 동안구1,경기도 안양시 동안구 관양동(인덕원교 앞 삼거리 부근),2015-11-06 18:00:00,0,1,53.0,4,1,70.0,0,2,0,1,0,0,0,0,0,0,1,0,0,0,0,0,0,0,0,0,0,0,0,0,0,0,0,0,1,0,0,0,0,0,0,0,0,0,0,0,0,0,0,1,0,0,0,0,0,0,0,0,0,0,0,0,0,0,1,0,0,0,0,0,0,0,0
2015,경기도 안양시 동안구1,경기도 안양시 동안구 관양동(인덕원교 앞 삼거리 부근),2015-11-04 08:00:00,1,1,64.0,4,1,17.0,1,0,0,1,0,0,0,0,0,0,1,0,0,0,0,0,0,0,0,0,0,0,0,0,0,0,0,0,1,0,0,0,0,0,0,0,0,0,0,0,0,1,0,0,0,0,0,0,0,0,0,0,0,0,0,0,0,1,0,0,0,0,0,0,0,0,0
2015,경기도 안양시 동안구1,경기도 안양시 동안구 관양동(인덕원교 앞 삼거리 부근),2015-06-30 18:00:00,0,1,70.0,0,1,47.0,4,2,0,1,0,0,0,0,0,0,0,0,0,0,1,0,0,0,0,0,0,0,0,1,0,0,0,0,0,0,0,0,0,0,0,0,0,0,0,1,0,0,0,0,0,0,0,0,0,0,0,0,0,0,0,0,0,0,1,0,0,0,0,0,0,0,0
2015,경기도 안양시 동안구1,경기도 안양시 동안구 관양동(인덕원교 앞 삼거리 부근),2015-04-09 15:00:00,0,1,81.0,0,1,56.0,4,0,0,1,0,0,0,0,0,0,0,0,0,0,1,0,0,0,0,0,0,0,0,0,0,0,0,0,1,0,0,0,0,0,0,0,0,0,0,0,0,0,0,1,0,0,0,0,0,0,0,0,0,0,0,0,0,1,0,0,0,0,0,0,0,0,0
2015,경기도 안양시 동안구1,경기도 안양시 동안구 관양동(인덕원교 앞 삼거리 부근),2015-06-13 14:00:00,1,1,8.0,1,1,26.0,4,0,0,1,0,0,0,0,0,0,0,0,0,0,1,0,0,0,0,0,0,0,0,1,0,0,0,0,0,0,0,0,0,0,0,0,0,0,0,0,0,0,0,1,0,0,0,0,0,0,0,0,0,0,0,0,0,0,1,0,0,0,0,0,0,0,0
2015,경기도 안양시 동안구1,경기도 안양시 동안구 관양동(인덕원교 앞 삼거리 부근),2015-08-15 11:00:00,1,1,46.0,4,1,25.0,1,0,0,1,0,0,0,0,0,0,0,0,0,0,0,0,1,0,0,0,0,0,0,0,0,0,0,0,1,0,0,0,0,0,0,0,0,0,0,0,0,0,0,1,0,0,0,0,0,0,0,0,0,1,0,0,0,0,0,0,0,0,0,0,0,0,0
2015,경기도 안양시 동안구4,경기도 안양시 동안구 관양동(인덕원사거리 부근),2015-08-30 22:00:00,1,1,28.0,4,1,23.0,1,0,0,1,0,0,0,0,0,0,1,0,0,0,0,0,0,0,0,0,0,0,0,0,0,0,0,0,1,0,0,0,0,0,0,0,0,0,0,1,0,0,0,0,0,0,0,0,0,0,0,0,0,0,0,0,0,0,1,0,0,0,0,0,0,0,0