사고년도,다발시군구,지점명,사고일시,사고등급,가해자성별,가해자연령,가해자신체상해정도,피해자성별,피해자연령,피해자신체상해정도,기상상태,사망자수,부상자수,가해차종_개인형이동수단(PM),가해차종_건설기계,가해차종_기타,가해차종_농기계,가해차종_불명,가해차종_사륜오토바이(ATV),가해차종_승용차,가해차종_승합차,가해차종_원동기장치자전거,가해차종_이륜차,가해차종_자전거,가해차종_특수차,가해차종_화물차,피해차종_개인형이동수단(PM),피해차종_건설기계,피해차종_기타,피해차종_보행자,피해차종_불명,피해차종_사륜오토바이(ATV),피해차종_승용차,피해차종_승합차,피해차종_없음,피해차종_원동기장치자전거,피해차종_이륜차,피해차종_자전거,피해차종_특수차,피해차종_화물차,가해자법규위반_과속,가해자법규위반_교차로 통행방법 위반,가해자법규위반_교차로운행방법위반,가해자법규위반_기타,가해자법규위반_미분류,가해자법규위반_보행자 보호의무 위반,가해자법규위반_보행자보호의무위반,가해자법규위반_불법유턴,가해자법규위반_신호위반,가해자법규위반_안전거리 미확보,가해자법규위반_안전거리미확보,가해자법규위반_안전운전 의무 불이행,가해자법규위반_안전운전불이행,가해자법규위반_중앙선 침범,가해자법규위반_중앙선침범,가해자법규위반_직진우회전진행방해,가해자법규위반_차로위반,사고유형_차대사람 - 기타,사고유형_차대사람 - 길가장자리구역통행중,사고유형_차대사람 - 보도통행중,사고유형_차대사람 - 차도통행중,사고유형_차대사람 - 횡단중,사고유형_차대차 - 기타,사고유형_차대차 - 정면충돌,사고유형_차대차 - 추돌,사고유형_차대차 - 추돌 - 주정차중,사고유형_차대차 - 추돌 - 진행중,사고유형_차대차 - 측면직각충돌,사고유형_차대차 - 측면충돌,사고유형_차대차 - 후진중충돌,사고유형_차량단독 - 공작물충돌,사고유형_차량단독 - 기타,사고유형_차량단독 - 도로외이탈 - 추락,사고유형_차량단독 - 전도,사고유형_차량단독 - 전도전복,사고유형_차량단독 - 전도전복 - 전도
2015,경기도 안산시 단원구14,경기도 안산시 단원구 원곡동(경남아너스빌아파트 부근),2015-05-01 18:00:00,1,0,50.0,4,1,13.0,1,0,0,1,0,0,0,0,0,0,1,0,0,0,0,0,0,0,0,0,0,0,0,0,0,0,0,0,1,0,0,0,0,0,0,0,0,0,0,0,0,1,0,0,0,0,0,0,0,0,0,0,0,0,0,0,0,1,0,0,0,0,0,0,0,0,0
2015,경기도 안산시 단원구14,경기도 안산시 단원구 원곡동(경남아너스빌아파트 부근),2015-08-15 17:00:00,2,1,54.0,2,1,44.0,4,0,0,1,0,0,0,0,0,0,0,0,0,0,1,0,0,0,0,0,0,0,0,1,0,0,0,0,0,0,0,0,0,0,0,0,0,0,0,0,0,1,0,0,0,0,0,0,0,0,0,0,0,0,0,0,0,0,1,0,0,0,0,0,0,0,0
2015,경기도 안산시 단원구14,경기도 안산시 단원구 원곡동(경남아너스빌아파트 부근),2015-03-23 10:00:00,1,1,68.0,1,1,60.0,4,0,0,1,0,0,0,0,0,0,0,0,0,0,1,0,0,0,0,0,0,0,0,1,0,0,0,0,0,0,0,0,0,0,0,0,0,0,0,1,0,0,0,0,0,0,0,0,0,0,0,0,0,1,0,0,0,0,0,0,0,0,0,0,0,0,0
2015,경기도 안산시 단원구14,경기도 안산시 단원구 원곡동(경남아너스빌아파트 부근),2015-11-13 19:00:00,1,0,49.0,1,1,41.0,4,2,0,1,0,0,0,0,0,0,0,0,0,0,1,0,0,0,0,0,0,0,0,1,0,0,0,0,0,0,0,0,0,0,0,0,0,0,0,1,0,0,0,0,0,0,0,0,0,0,0,0,0,0,0,0,0,0,1,0,0,0,0,0,0,0,0
2015,경기도 안산시 단원구16,경기도 안산시 단원구 원곡동(원선파출소사거리 부근),2015-06-05 20:00:00,1,1,47.0,4,1,77.0,1,0,0,1,0,0,0,0,0,0,1,0,0,0,0,0,0,0,0,0,0,0,0,0,0,0,0,0,1,0,0,0,0,0,0,0,0,0,0,0,0,0,0,1,0,0,0,0,0,0,0,0,0,0,0,0,0,0,1,0,0,0,0,0,0,0,0
2015,경기도 안산시 단원구16,경기도 안산시 단원구 원곡동(원선파출소사거리 부근),2015-09-22 08:00:00,0,2,47.74785772029103,5,1,54.0,0,0,0,1,0,0,0,0,0,0,0,0,0,0,1,0,0,0,0,0,1,0,0,0,0,0,0,0,0,0,0,0,0,0,1,0,0,0,0,0,0,0,0,0,0,0,0,0,1,0,0,0,0,0,0,0,0,0,0,0,0,0,0,0,0,0,0
2015,경기도 안산시 단원구16,경기도 안산시 단원구 원곡동(원선파출소사거리 부근),2015-05-07 16:00:00,0,1,36.0,0,1,34.0,4,0,0,1,0,0,0,0,0,0,0,0,0,0,1,0,0,0,0,0,0,0,0,1,0,0,0,0,0,0,0,0,0,0,0,0,0,0,0,1,0,0,0,0,0,0,0,0,0,0,0,0,0,0,0,0,0,0,1,0,0,0,0,0,0,0,0
2015,경기도 안산시 단원구16,경기도 안산시 단원구 원곡동(원선파출소사거리 부근),2015-05-12 09:00:00,0,1,54.0,4,0,34.0,0,0,0,1,0,0,0,0,0,0,0,0,0,0,0,0,1,0,0,0,0,0,0,0,0,0,0,0,1,0,0,0,0,1,0,0,0,0,0,0,0,0,0,0,0,0,0,0,0,0,0,0,0,1,0,0,0,0,0,0,0,0,0,0,0,0,0
2015,경기도 안산시 단원구9,경기도 안산시 단원구 선부동(군자농협사거리 부근),2015-07-10 13:00:00,0,1,18.0,4,1,16.0,0,0,0,1,0,0,0,0,0,0,1,0,0,0,0,0,0,0,0,0,0,0,0,0,0,0,0,0,1,0,0,0,0,0,0,0,0,0,0,0,0,0,0,1,0,0,0,0,0,0,0,0,0,0,0,0,0,0,1,0,0,0,0,0,0,0,0
2015,경기도 안산시 단원구9,경기도 안산시 단원구 선부동(군자농협사거리 부근),2015-12-07 17:00:00,1,0,38.0,4,1,16.0,1,0,0,1,0,0,0,0,0,0,1,0,0,0,0,0,0,0,0,0,0,0,0,0,0,0,0,0,1,0,0,0,0,0,0,0,0,0,0,1,0,0,0,0,0,0,0,0,0,0,0,0,0,0,0,0,0,0,1,0,0,0,0,0,0,0,0
2015,경기도 안산시 단원구9,경기도 안산시 단원구 선부동(군자농협사거리 부근),2015-09-20 13:00:00,0,0,46.0,4,0,26.0,0,0,0,1,0,0,0,0,0,0,1,0,0,0,0,0,0,0,0,0,0,0,0,0,0,0,0,0,1,0,0,0,0,0,0,0,0,0,0,0,0,0,0,1,0,0,0,0,0,0,0,0,0,1,0,0,0,0,0,0,0,0,0,0,0,0,0
2015,경기도 안산시 단원구9,경기도 안산시 단원구 선부동(군자농협사거리 부근),2015-12-24 19:00:00,0,1,15.0,0,1,59.0,4,0,0,1,0,0,0,0,0,0,0,0,0,0,1,0,0,0,0,0,0,0,0,1,0,0,0,0,0,0,0,0,0,0,0,0,0,0,0,1,0,0,0,0,0,0,0,0,0,0,0,0,0,1,0,0,0,0,0,0,0,0,0,0,0,0,0
2015,경기도 안산시 단원구9,경기도 안산시 단원구 선부동(군자농협사거리 부근),2015-08-20 17:00:00,0,1,18.0,0,1,59.0,4,0,0,1,0,0,0,0,0,0,0,0,0,0,1,0,0,0,0,0,0,0,0,1,0,0,0,0,0,0,0,0,0,1,0,0,0,0,0,0,0,0,0,0,0,0,0,0,0,0,0,0,0,0,0,0,0,0,1,0,0,0,0,0,0,0,0
2015,경기도 안산시 단원구9,경기도 안산시 단원구 선부동(군자농협사거리 부근),2015-12-15 16:00:00,2,1,78.0,2,1,38.0,4,0,0,1,0,0,0,0,0,0,0,0,0,0,1,0,0,0,0,0,0,0,0,0,1,0,0,0,0,0,0,0,0,0,0,0,0,0,0,0,0,0,0,0,0,1,0,0,0,0,0,0,0,0,1,0,0,0,0,0,0,0,0,0,0,0,0
2015,경기도 안산시 단원구11,경기도 안산시 단원구 선부동(선부11단지사거리 부근),2015-08-25 21:00:00,0,1,40.0,4,1,13.0,0,0,0,1,0,0,0,0,0,0,1,0,0,0,0,0,0,0,0,0,0,0,0,0,0,0,0,0,1,0,0,0,0,0,0,0,0,0,0,1,0,0,0,0,0,0,0,0,0,0,0,0,0,1,0,0,0,0,0,0,0,0,0,0,0,0,0
2015,경기도 안산시 단원구11,경기도 안산시 단원구 선부동(선부11단지사거리 부근),2015-06-27 22:00:00,1,1,51.0,4,0,52.0,1,0,0,1,0,0,0,0,0,0,1,0,0,0,0,0,0,0,0,0,0,0,0,0,0,0,0,0,1,0,0,0,0,0,0,0,0,0,0,0,0,0,0,1,0,0,0,0,0,0,0,0,0,0,0,0,0,1,0,0,0,0,0,0,0,0,0
2015,경기도 안산시 단원구11,경기도 안산시 단원구 선부동(선부11단지사거리 부근),2015-10-31 14:00:00,0,0,34.0,4,1,66.0,0,0,0,1,0,0,0,0,0,0,1,0,0,0,0,0,0,0,0,0,0,0,0,0,0,0,0,0,1,0,0,0,0,0,0,0,0,0,0,1,0,0,0,0,0,0,0,0,0,0,0,0,0,0,0,0,0,0,1,0,0,0,0,0,0,0,0
2015,경기도 안산시 단원구11,경기도 안산시 단원구 선부동(선부11단지사거리 부근),2015-07-08 20:00:00,0,1,13.0,0,1,28.0,4,0,0,1,0,0,0,0,0,0,0,0,0,0,1,0,0,0,0,0,0,0,0,1,0,0,0,0,0,0,0,0,0,0,0,0,0,0,1,0,0,0,0,0,0,0,0,0,0,0,0,0,0,1,0,0,0,0,0,0,0,0,0,0,0,0,0
2015,경기도 안산시 단원구11,경기도 안산시 단원구 선부동(선부11단지사거리 부근),2015-08-30 05:00:00,3,1,22.0,4,1,69.0,3,0,1,0,0,0,0,0,0,0,0,0,0,0,0,1,0,0,0,0,0,0,0,0,0,0,0,0,1,0,0,0,0,0,0,0,0,0,0,1,0,0,0,0,0,0,0,0,0,0,0,0,0,1,0,0,0,0,0,0,0,0,0,0,0,0,0
2015,경기도 고양시 일산동구1,경기도 고양시 일산동구 장항동(삼성스위트II공사중 부근),2015-04-29 21:00:00,1,1,44.0,4,1,53.0,1,0,0,1,0,0,0,0,0,0,1,0,0,0,0,0,0,0,0,0,0,0,0,0,0,0,0,0,1,0,0,0,0,0,0,0,0,0,0,0,0,0,0,1,0,0,0,0,0,0,0,0,0,0,0,0,0,0,1,0,0,0,0,0,0,0,0
2015,경기도 고양시 일산동구1,경기도 고양시 일산동구 장항동(삼성스위트II공사중 부근),2015-02-24 06:00:00,1,1,51.0,4,0,53.0,1,0,0,1,0,0,0,0,0,0,1,0,0,0,0,0,0,0,0,0,0,0,0,0,0,0,0,0,1,0,0,0,0,0,0,0,0,0,0,0,0,0,0,1,0,0,0,0,0,0,0,0,0,0,0,0,0,0,1,0,0,0,0,0,0,0,0
2015,경기도 고양시 일산동구1,경기도 고양시 일산동구 장항동(삼성스위트II공사중 부근),2015-05-08 13:00:00,0,1,53.0,4,1,21.0,0,0,0,1,0,0,0,0,0,0,1,0,0,0,0,0,0,0,0,0,0,0,0,0,0,0,0,0,1,0,0,0,0,0,0,0,0,0,0,0,0,0,0,1,0,0,0,0,0,0,0,0,0,1,0,0,0,0,0,0,0,0,0,0,0,0,0
2015,경기도 고양시 일산동구1,경기도 고양시 일산동구 장항동(삼성스위트II공사중 부근),2015-09-18 19:00:00,0,1,73.0,4,0,35.0,0,0,0,1,0,0,0,0,0,0,1,0,0,0,0,0,0,0,0,0,0,0,0,0,0,0,0,0,1,0,0,0,0,0,0,0,0,0,0,1,0,0,0,0,0,0,0,0,0,0,0,0,0,1,0,0,0,0,0,0,0,0,0,0,0,0,0
2015,경기도 고양시 일산동구1,경기도 고양시 일산동구 장항동(삼성스위트II공사중 부근),2015-05-02 09:00:00,0,0,52.0,4,1,35.0,0,0,0,1,0,0,0,0,0,0,1,0,0,0,0,0,0,0,0,0,0,0,0,0,0,0,0,0,1,0,0,0,0,0,0,0,0,0,0,1,0,0,0,0,0,0,0,0,0,0,0,0,0,0,0,0,0,0,1,0,0,0,0,0,0,0,0
2015,경기도 고양시 일산동구1,경기도 고양시 일산동구 장항동(삼성스위트II공사중 부근),2015-08-07 14:00:00,0,1,85.0,0,1,27.0,4,0,0,1,0,0,0,0,0,0,0,0,0,0,1,0,0,0,0,0,0,0,0,1,0,0,0,0,0,0,0,0,0,0,0,0,0,0,0,0,0,0,0,1,0,0,0,0,0,0,0,0,0,1,0,0,0,0,0,0,0,0,0,0,0,0,0
2015,경기도 고양시 일산동구3,경기도 고양시 일산동구 장항동((정발산공원앞 삼거리) 부근),2015-10-18 17:00:00,1,1,44.0,4,1,14.0,1,0,0,1,0,0,0,0,0,0,1,0,0,0,0,0,0,0,0,0,0,0,0,0,0,0,0,0,1,0,0,0,0,0,1,0,0,0,0,0,0,0,0,0,0,0,0,0,0,0,0,0,0,0,0,0,0,0,1,0,0,0,0,0,0,0,0
2015,경기도 고양시 일산동구3,경기도 고양시 일산동구 장항동((정발산공원앞 삼거리) 부근),2015-04-24 20:00:00,0,1,57.0,4,2,47.23777883246322,5,0,0,1,0,0,0,0,0,0,0,1,0,0,0,0,0,0,0,0,0,0,0,0,0,0,0,0,1,0,0,0,0,0,1,0,0,0,0,0,0,0,0,0,0,0,0,0,0,0,0,0,0,1,0,0,0,0,0,0,0,0,0,0,0,0,0
2015,경기도 고양시 일산동구3,경기도 고양시 일산동구 장항동((정발산공원앞 삼거리) 부근),2015-02-27 17:00:00,0,1,19.0,4,1,13.0,0,0,0,1,0,0,0,0,0,0,0,0,0,1,0,0,0,0,0,0,0,0,0,0,0,0,0,0,1,0,0,0,0,0,0,0,0,0,0,1,0,0,0,0,0,0,0,0,0,0,0,0,0,1,0,0,0,0,0,0,0,0,0,0,0,0,0
2015,경기도 고양시 일산동구3,경기도 고양시 일산동구 장항동((정발산공원앞 삼거리) 부근),2015-08-08 01:00:00,0,1,25.0,0,0,52.0,4,0,0,1,0,0,0,0,0,0,0,0,0,0,1,0,0,0,0,0,0,0,0,1,0,0,0,0,0,0,0,0,0,0,0,0,0,0,0,0,0,0,0,1,0,0,0,0,0,0,0,0,0,0,0,0,0,0,1,0,0,0,0,0,0,0,0
2015,경기도 고양시 일산동구3,경기도 고양시 일산동구 장항동((정발산공원앞 삼거리) 부근),2015-05-15 02:00:00,1,1,50.0,1,1,54.0,4,0,0,1,0,0,0,0,0,0,0,0,0,0,1,0,0,0,0,0,0,0,0,1,0,0,0,0,0,0,0,0,0,0,0,0,0,0,0,0,0,0,0,1,0,0,0,0,0,0,0,0,0,0,0,0,0,0,1,0,0,0,0,0,0,0,0
2015,경기도 고양시 일산동구2,경기도 고양시 일산동구 백석동(백신고교사거리 부근),2015-06-09 18:00:00,1,1,34.0,4,1,15.0,1,0,0,1,0,0,0,0,0,0,1,0,0,0,0,0,0,0,0,0,0,0,0,0,0,0,0,0,1,0,0,0,0,0,0,0,0,0,0,0,0,0,0,1,0,0,0,0,0,0,0,0,0,1,0,0,0,0,0,0,0,0,0,0,0,0,0
2015,경기도 고양시 일산동구2,경기도 고양시 일산동구 백석동(백신고교사거리 부근),2015-06-19 20:00:00,1,1,45.0,4,1,76.0,1,0,0,1,0,0,0,0,0,0,1,0,0,0,0,0,0,0,0,0,0,0,0,0,0,0,0,0,1,0,0,0,0,0,0,0,0,0,0,0,0,0,0,1,0,0,0,0,0,0,0,0,0,1,0,0,0,0,0,0,0,0,0,0,0,0,0
2015,경기도 고양시 일산동구2,경기도 고양시 일산동구 백석동(백신고교사거리 부근),2015-11-06 13:00:00,1,1,62.0,4,1,49.0,1,0,0,1,0,0,0,0,0,0,1,0,0,0,0,0,0,0,0,0,0,0,0,0,0,0,0,0,1,0,0,0,0,1,0,0,0,0,0,0,0,0,0,0,0,0,0,0,0,0,0,0,0,1,0,0,0,0,0,0,0,0,0,0,0,0,0
2015,경기도 고양시 일산동구2,경기도 고양시 일산동구 백석동(백신고교사거리 부근),2015-09-25 20:00:00,1,0,27.0,4,1,51.0,1,3,0,1,0,0,0,0,0,0,1,0,0,0,0,0,0,0,0,0,0,0,0,0,0,0,0,0,1,0,0,0,0,0,0,0,0,0,0,1,0,0,0,0,0,0,0,0,0,0,0,0,0,1,0,0,0,0,0,0,0,0,0,0,0,0,0
2015,경기도 고양시 일산동구2,경기도 고양시 일산동구 백석동(백신고교사거리 부근),2015-01-30 17:00:00,2,1,44.0,4,0,52.0,2,0,0,1,0,0,0,0,0,0,0,0,0,0,0,0,1,0,0,0,0,0,0,0,0,0,0,0,1,0,0,0,0,0,0,0,0,0,0,0,0,0,0,1,0,0,0,0,0,0,0,0,0,0,0,0,0,0,1,0,0,0,0,0,0,0,0
2015,경기도 고양시 일산동구4,경기도 고양시 일산동구 백석동(마두1동사거리 부근),2015-08-17 19:00:00,0,1,52.0,4,1,26.0,0,0,0,1,0,0,0,0,0,0,1,0,0,0,0,0,0,0,0,0,0,0,0,0,0,0,0,0,1,0,0,0,0,1,0,0,0,0,0,0,0,0,0,0,0,0,0,0,0,0,0,0,0,1,0,0,0,0,0,0,0,0,0,0,0,0,0
2015,경기도 고양시 일산동구4,경기도 고양시 일산동구 백석동(마두1동사거리 부근),2015-05-17 15:00:00,1,1,72.0,4,1,54.0,1,0,0,1,0,0,0,0,0,0,1,0,0,0,0,0,0,0,0,0,0,0,0,0,0,0,0,0,1,0,0,0,0,1,0,0,0,0,0,0,0,0,0,0,0,0,0,0,0,0,0,0,0,1,0,0,0,0,0,0,0,0,0,0,0,0,0
2015,경기도 고양시 일산동구4,경기도 고양시 일산동구 백석동(마두1동사거리 부근),2015-06-29 16:00:00,0,0,54.0,4,1,9.0,0,0,0,1,0,0,0,0,0,0,1,0,0,0,0,0,0,0,0,0,0,0,0,0,0,0,0,0,1,0,0,0,0,0,0,0,0,0,0,0,0,0,0,1,0,0,0,0,0,0,0,0,0,0,0,0,0,0,1,0,0,0,0,0,0,0,0
2015,경기도 고양시 일산동구4,경기도 고양시 일산동구 백석동(마두1동사거리 부근),2015-07-03 16:00:00,2,1,15.0,2,0,47.0,4,0,0,1,0,0,0,0,0,0,0,0,0,0,1,0,0,0,0,0,0,0,0,1,0,0,0,0,0,0,0,0,0,0,0,0,0,0,0,0,0,0,0,1,0,0,0,0,0,0,0,0,0,1,0,0,0,0,0,0,0,0,0,0,0,0,0
2015,경기도 고양시 일산동구4,경기도 고양시 일산동구 백석동(마두1동사거리 부근),2015-09-05 07:00:00,2,0,67.0,2,1,52.0,4,0,0,1,0,0,0,0,0,0,0,0,0,0,1,0,0,0,0,0,0,0,0,0,1,0,0,0,0,0,0,0,0,0,0,0,0,0,0,0,0,0,0,1,0,0,0,0,0,0,0,0,0,1,0,0,0,0,0,0,0,0,0,0,0,0,0
2015,경기도 고양시 일산서구4,경기도 고양시 일산서구 일산동((동심프라자앞 사거리) 부근),2015-03-09 10:00:00,0,1,75.0,4,1,75.0,0,0,0,1,0,0,0,0,0,0,1,0,0,0,0,0,0,0,0,0,0,0,0,0,0,0,0,0,1,0,0,0,0,0,0,0,0,0,0,1,0,0,0,0,0,0,0,0,0,0,0,0,0,0,0,0,0,0,1,0,0,0,0,0,0,0,0
2015,경기도 고양시 일산서구4,경기도 고양시 일산서구 일산동((동심프라자앞 사거리) 부근),2015-09-19 01:00:00,0,0,55.0,4,0,15.0,0,3,0,1,0,0,0,0,0,0,1,0,0,0,0,0,0,0,0,0,0,0,0,0,0,0,0,0,1,0,0,0,0,0,0,0,0,0,0,0,0,0,0,1,0,0,0,0,0,0,0,0,0,0,0,0,0,1,0,0,0,0,0,0,0,0,0
2015,경기도 고양시 일산서구4,경기도 고양시 일산서구 일산동((동심프라자앞 사거리) 부근),2015-07-14 15:00:00,0,0,62.0,4,1,12.0,0,0,0,1,0,0,0,0,0,0,1,0,0,0,0,0,0,0,0,0,0,0,0,0,0,0,0,0,1,0,0,0,0,0,0,0,0,0,0,0,0,0,0,1,0,0,0,0,0,0,0,0,0,0,0,0,0,1,0,0,0,0,0,0,0,0,0
2015,경기도 고양시 일산서구4,경기도 고양시 일산서구 일산동((동심프라자앞 사거리) 부근),2015-09-22 08:00:00,0,1,47.0,4,1,69.0,0,0,0,1,0,0,0,0,0,0,0,1,0,0,0,0,0,0,0,0,0,0,0,0,0,0,0,0,1,0,0,0,0,0,0,0,0,0,0,0,0,0,0,1,0,0,0,0,0,0,0,0,0,0,0,0,1,0,0,0,0,0,0,0,0,0,0
2015,경기도 고양시 일산서구4,경기도 고양시 일산서구 일산동((동심프라자앞 사거리) 부근),2015-10-20 22:00:00,0,1,17.0,0,0,45.0,4,0,0,1,0,0,0,0,0,0,0,0,0,0,1,0,0,0,0,0,0,0,0,1,0,0,0,0,0,0,0,0,0,0,0,0,0,0,1,0,0,0,0,0,0,0,0,0,0,0,0,0,0,0,0,0,0,0,1,0,0,0,0,0,0,0,0
2015,경기도 고양시 일산서구6,경기도 고양시 일산서구 일산동(후곡18단지사거리 부근),2015-07-26 16:00:00,3,1,44.0,4,1,81.0,3,0,1,0,0,0,0,0,0,0,1,0,0,0,0,0,0,0,0,0,0,0,0,0,0,0,0,0,1,0,0,0,0,0,0,0,0,0,0,0,0,0,0,1,0,0,0,0,0,0,0,0,0,0,0,0,0,0,1,0,0,0,0,0,0,0,0
2015,경기도 고양시 일산서구6,경기도 고양시 일산서구 일산동(후곡18단지사거리 부근),2015-05-12 07:00:00,0,1,55.0,4,1,19.0,0,0,0,1,0,0,0,0,0,0,1,0,0,0,0,0,0,0,0,0,0,0,0,0,0,0,0,0,1,0,0,0,0,0,0,0,0,0,0,0,0,0,0,1,0,0,0,0,0,0,0,0,0,1,0,0,0,0,0,0,0,0,0,0,0,0,0
2015,경기도 고양시 일산서구6,경기도 고양시 일산서구 일산동(후곡18단지사거리 부근),2015-05-01 07:00:00,2,1,67.0,2,2,47.23777883246322,6,0,0,1,0,0,0,0,0,0,0,0,0,0,1,0,0,0,0,0,0,0,0,0,0,1,0,0,0,0,0,0,0,0,0,0,0,0,0,0,0,0,0,1,0,0,0,0,0,0,0,0,0,0,0,0,0,0,0,0,0,0,1,0,0,0,0
2015,경기도 고양시 일산서구6,경기도 고양시 일산서구 일산동(후곡18단지사거리 부근),2015-02-11 15:00:00,0,0,67.0,0,1,72.0,4,0,0,1,0,0,0,0,0,0,0,0,0,0,1,0,0,0,0,0,0,0,0,0,1,0,0,0,0,0,0,0,0,0,0,0,0,0,0,0,0,1,0,0,0,0,0,0,0,0,0,0,0,0,0,0,0,0,1,0,0,0,0,0,0,0,0
2015,경기도 고양시 일산서구2,경기도 고양시 일산서구 주엽동(주엽역사거리 부근),2015-11-03 18:00:00,2,2,47.74785772029103,5,1,17.0,2,3,0,1,0,0,0,0,1,0,0,0,0,0,0,0,0,0,0,0,0,0,0,0,0,0,0,0,1,0,0,0,0,0,0,0,0,0,0,0,0,0,0,1,0,0,0,0,0,0,0,0,0,1,0,0,0,0,0,0,0,0,0,0,0,0,0
2015,경기도 고양시 일산서구2,경기도 고양시 일산서구 주엽동(주엽역사거리 부근),2015-11-11 00:00:00,2,2,47.74785772029103,5,0,20.0,2,0,0,1,0,0,0,0,1,0,0,0,0,0,0,0,0,0,0,0,0,0,0,0,0,0,0,0,1,0,0,0,0,0,0,0,0,0,0,0,0,0,0,1,0,0,0,0,0,0,0,0,0,0,0,0,0,0,1,0,0,0,0,0,0,0,0
2015,경기도 고양시 일산서구2,경기도 고양시 일산서구 주엽동(주엽역사거리 부근),2015-05-26 14:00:00,0,0,41.0,4,1,7.0,0,0,0,1,0,0,0,0,0,0,1,0,0,0,0,0,0,0,0,0,0,0,0,0,0,0,0,0,1,0,0,0,0,0,1,0,0,0,0,0,0,0,0,0,0,0,0,0,0,0,0,0,0,0,0,0,0,0,1,0,0,0,0,0,0,0,0
2015,경기도 고양시 일산서구2,경기도 고양시 일산서구 주엽동(주엽역사거리 부근),2015-02-10 07:00:00,1,0,46.0,4,1,78.0,1,0,0,1,0,0,0,0,0,0,1,0,0,0,0,0,0,0,0,0,0,0,0,0,0,0,0,0,1,0,0,0,0,0,0,0,0,0,0,0,0,0,0,1,0,0,0,0,0,0,0,0,0,0,0,0,0,0,1,0,0,0,0,0,0,0,0
2015,경기도 고양시 일산서구2,경기도 고양시 일산서구 주엽동(주엽역사거리 부근),2015-03-04 22:00:00,0,1,61.0,4,1,18.0,0,0,0,1,0,0,0,0,0,0,0,1,0,0,0,0,0,0,0,0,0,0,0,0,0,0,0,0,1,0,0,0,0,0,0,0,0,0,0,1,0,0,0,0,0,0,0,0,0,0,0,0,0,0,0,0,0,0,1,0,0,0,0,0,0,0,0
2015,경기도 고양시 일산서구2,경기도 고양시 일산서구 주엽동(주엽역사거리 부근),2015-05-12 16:00:00,1,1,21.0,4,0,4.0,1,0,0,1,0,0,0,0,0,0,0,0,0,0,1,0,0,0,0,0,1,0,0,0,0,0,0,0,0,0,0,0,0,0,0,0,0,0,0,0,0,0,0,1,0,0,0,0,1,0,0,0,0,0,0,0,0,0,0,0,0,0,0,0,0,0,0
2015,경기도 고양시 일산서구3,경기도 고양시 일산서구 주엽동(주엽신우아파트B 부근),2015-10-15 20:00:00,1,1,61.0,4,0,19.0,1,0,0,1,0,0,0,0,0,0,1,0,0,0,0,0,0,0,0,0,0,0,0,0,0,0,0,0,1,0,0,0,0,0,0,0,0,0,0,1,0,0,0,0,0,0,0,0,0,0,0,0,0,1,0,0,0,0,0,0,0,0,0,0,0,0,0
2015,경기도 고양시 일산서구3,경기도 고양시 일산서구 주엽동(주엽신우아파트B 부근),2015-08-06 22:00:00,2,1,15.0,2,1,62.0,4,0,0,1,0,0,0,0,0,0,0,0,0,0,1,0,0,0,0,0,0,0,0,0,0,0,0,0,0,0,1,0,0,0,0,0,0,0,0,0,0,0,0,0,0,1,0,0,0,0,0,0,0,0,1,0,0,0,0,0,0,0,0,0,0,0,0
2015,경기도 고양시 일산서구3,경기도 고양시 일산서구 주엽동(주엽신우아파트B 부근),2015-08-27 20:00:00,0,1,26.0,0,1,41.0,4,0,0,1,0,0,0,0,0,0,0,0,0,0,1,0,0,0,0,0,0,0,0,1,0,0,0,0,0,0,0,0,0,0,0,0,0,0,0,0,0,0,0,1,0,0,0,0,0,0,0,0,0,0,0,0,0,0,1,0,0,0,0,0,0,0,0
2015,경기도 고양시 일산서구3,경기도 고양시 일산서구 주엽동(주엽신우아파트B 부근),2015-05-27 08:00:00,0,0,27.0,0,0,37.0,4,0,0,1,0,0,0,0,0,0,0,0,0,0,1,0,0,0,0,0,0,0,0,1,0,0,0,0,0,0,0,0,0,0,0,0,0,0,0,0,0,0,0,1,0,0,0,0,0,0,0,0,0,1,0,0,0,0,0,0,0,0,0,0,0,0,0
2015,경기도 고양시 일산서구3,경기도 고양시 일산서구 주엽동(주엽신우아파트B 부근),2015-12-05 08:00:00,0,0,57.0,0,1,52.0,4,0,0,1,0,0,0,0,0,0,0,0,0,0,1,0,0,0,0,0,0,0,0,1,0,0,0,0,0,0,0,0,0,0,0,0,0,0,0,0,0,0,0,0,0,1,0,0,0,0,0,0,0,0,0,0,0,0,1,0,0,0,0,0,0,0,0
2015,경기도 고양시 일산서구1,경기도 고양시 일산서구 대화동(고양종합운동장사거리 부근),2015-07-09 12:00:00,0,1,44.0,4,0,68.0,0,0,0,1,0,0,0,0,0,0,1,0,0,0,0,0,0,0,0,0,0,0,0,0,0,0,0,0,1,0,0,0,0,0,0,0,0,0,0,1,0,0,0,0,0,0,0,0,0,0,0,0,0,1,0,0,0,0,0,0,0,0,0,0,0,0,0
2015,경기도 고양시 일산서구1,경기도 고양시 일산서구 대화동(고양종합운동장사거리 부근),2015-04-18 15:00:00,0,1,52.0,4,0,22.0,0,0,0,1,0,0,0,0,0,0,1,0,0,0,0,0,0,0,0,0,0,0,0,0,0,0,0,0,1,0,0,0,0,0,0,0,0,0,0,1,0,0,0,0,0,0,0,0,0,0,0,0,0,1,0,0,0,0,0,0,0,0,0,0,0,0,0