사고년도,다발시군구,지점명,사고일시,사고등급,가해자성별,가해자연령,가해자신체상해정도,피해자성별,피해자연령,피해자신체상해정도,기상상태,사망자수,부상자수,가해차종_개인형이동수단(PM),가해차종_건설기계,가해차종_기타,가해차종_농기계,가해차종_불명,가해차종_사륜오토바이(ATV),가해차종_승용차,가해차종_승합차,가해차종_원동기장치자전거,가해차종_이륜차,가해차종_자전거,가해차종_특수차,가해차종_화물차,피해차종_개인형이동수단(PM),피해차종_건설기계,피해차종_기타,피해차종_보행자,피해차종_불명,피해차종_사륜오토바이(ATV),피해차종_승용차,피해차종_승합차,피해차종_없음,피해차종_원동기장치자전거,피해차종_이륜차,피해차종_자전거,피해차종_특수차,피해차종_화물차,가해자법규위반_과속,가해자법규위반_교차로 통행방법 위반,가해자법규위반_교차로운행방법위반,가해자법규위반_기타,가해자법규위반_미분류,가해자법규위반_보행자 보호의무 위반,가해자법규위반_보행자보호의무위반,가해자법규위반_불법유턴,가해자법규위반_신호위반,가해자법규위반_안전거리 미확보,가해자법규위반_안전거리미확보,가해자법규위반_안전운전 의무 불이행,가해자법규위반_안전운전불이행,가해자법규위반_중앙선 침범,가해자법규위반_중앙선침범,가해자법규위반_직진우회전진행방해,가해자법규위반_차로위반,사고유형_차대사람 - 기타,사고유형_차대사람 - 길가장자리구역통행중,사고유형_차대사람 - 보도통행중,사고유형_차대사람 - 차도통행중,사고유형_차대사람 - 횡단중,사고유형_차대차 - 기타,사고유형_차대차 - 정면충돌,사고유형_차대차 - 추돌,사고유형_차대차 - 추돌 - 주정차중,사고유형_차대차 - 추돌 - 진행중,사고유형_차대차 - 측면직각충돌,사고유형_차대차 - 측면충돌,사고유형_차대차 - 후진중충돌,사고유형_차량단독 - 공작물충돌,사고유형_차량단독 - 기타,사고유형_차량단독 - 도로외이탈 - 추락,사고유형_차량단독 - 전도,사고유형_차량단독 - 전도전복,사고유형_차량단독 - 전도전복 - 전도
2016,서울특별시 강서구4,서울특별시 강서구 가양동(가양아파트 부근),2016-10-14 08:00:00,0,1,64.0,4,1,17.0,0,0,0,1,0,0,0,0,0,0,1,0,0,0,0,0,0,0,0,0,0,0,0,0,0,0,0,0,1,0,0,0,0,0,0,0,0,0,0,0,0,0,0,1,0,0,0,0,0,0,0,0,0,1,0,0,0,0,0,0,0,0,0,0,0,0,0
2016,서울특별시 강서구4,서울특별시 강서구 가양동(가양아파트 부근),2016-05-11 14:00:00,2,1,16.0,2,1,72.0,4,0,0,1,0,0,0,0,0,0,0,0,0,0,1,0,0,0,0,0,0,0,0,1,0,0,0,0,0,0,0,0,0,0,0,0,0,0,0,0,0,0,0,1,0,0,0,0,0,0,0,0,0,0,0,0,0,0,1,0,0,0,0,0,0,0,0
2016,서울특별시 강서구4,서울특별시 강서구 가양동(가양아파트 부근),2016-05-23 07:00:00,1,1,17.0,1,1,47.0,4,0,0,1,0,0,0,0,0,0,0,0,0,0,1,0,0,0,0,0,0,0,0,1,0,0,0,0,0,0,0,0,0,0,0,0,0,0,0,1,0,0,0,0,0,0,0,0,0,0,0,0,0,0,0,0,0,0,1,0,0,0,0,0,0,0,0
2016,서울특별시 강서구4,서울특별시 강서구 가양동(가양아파트 부근),2016-11-11 14:00:00,0,1,70.0,0,1,53.0,4,0,0,1,0,0,0,0,0,0,0,0,0,0,1,0,0,0,0,0,0,0,0,1,0,0,0,0,0,0,0,0,0,0,0,0,0,0,0,0,0,0,0,1,0,0,0,0,0,0,0,0,0,1,0,0,0,0,0,0,0,0,0,0,0,0,0
2016,서울특별시 강서구4,서울특별시 강서구 가양동(가양아파트 부근),2016-04-04 12:00:00,0,1,87.0,0,1,47.0,4,0,0,1,0,0,0,0,0,0,0,0,0,0,1,0,0,0,0,0,0,0,0,1,0,0,0,0,0,0,0,0,0,0,0,0,0,0,0,1,0,0,0,0,0,0,0,0,0,0,0,0,0,0,0,0,0,0,1,0,0,0,0,0,0,0,0
2016,서울특별시 강서구8,서울특별시 강서구 가양동(올림픽대로-안양천길램프(3) 부근),2016-10-03 17:00:00,2,2,47.74785772029103,5,1,48.0,2,0,0,1,0,0,0,0,0,0,0,0,0,0,1,0,0,0,0,0,0,0,0,0,0,0,0,0,1,0,0,0,0,0,0,0,0,0,0,0,0,0,0,1,0,0,0,0,0,0,0,0,0,0,1,0,0,0,0,0,0,0,0,0,0,0,0
2016,서울특별시 강서구8,서울특별시 강서구 가양동(올림픽대로-안양천길램프(3) 부근),2016-06-18 17:00:00,0,1,33.0,4,1,66.0,0,0,0,1,0,0,0,0,0,0,0,0,0,0,1,0,0,0,0,0,0,0,0,0,0,0,0,0,1,0,0,0,0,0,0,0,0,0,0,0,0,0,0,0,0,0,1,0,0,0,0,0,0,0,0,0,0,0,1,0,0,0,0,0,0,0,0
2016,서울특별시 강서구8,서울특별시 강서구 가양동(올림픽대로-안양천길램프(3) 부근),2016-09-19 06:00:00,1,1,66.0,4,0,65.0,1,0,0,1,0,0,0,0,0,0,0,0,0,0,1,0,0,0,0,0,0,0,0,0,0,0,0,0,1,0,0,0,0,1,0,0,0,0,0,0,0,0,0,0,0,0,0,0,0,0,0,0,0,0,0,0,0,0,1,0,0,0,0,0,0,0,0
2016,서울특별시 강서구8,서울특별시 강서구 가양동(올림픽대로-안양천길램프(3) 부근),2016-03-31 15:00:00,1,1,68.0,4,0,26.0,1,0,0,1,0,0,0,0,0,0,0,0,0,0,1,0,0,0,0,0,0,0,0,0,0,0,0,0,1,0,0,0,0,0,0,0,0,0,0,0,0,0,0,1,0,0,0,0,0,0,0,0,0,0,0,0,0,0,1,0,0,0,0,0,0,0,0
2016,서울특별시 강서구7,서울특별시 강서구 방화동(강서공고앞 부근),2016-06-01 09:00:00,1,1,44.0,4,0,45.0,1,0,0,1,0,0,0,0,0,0,1,0,0,0,0,0,0,0,0,0,0,0,0,0,0,0,0,0,1,0,0,0,0,0,0,0,0,0,0,1,0,0,0,0,0,0,0,0,0,0,0,0,0,0,0,0,0,0,1,0,0,0,0,0,0,0,0
2016,서울특별시 강서구7,서울특별시 강서구 방화동(강서공고앞 부근),2016-05-01 13:00:00,1,1,47.0,1,1,29.0,4,0,0,1,0,0,0,0,0,0,0,0,0,0,1,0,0,0,0,0,0,0,0,1,0,0,0,0,0,0,0,0,0,0,0,0,0,0,0,0,0,0,0,1,0,0,0,0,0,0,0,0,0,1,0,0,0,0,0,0,0,0,0,0,0,0,0
2016,서울특별시 강서구7,서울특별시 강서구 방화동(강서공고앞 부근),2016-04-02 08:00:00,1,1,52.0,1,1,40.0,4,0,0,1,0,0,0,0,0,0,0,0,0,0,1,0,0,0,0,0,0,0,0,1,0,0,0,0,0,0,0,0,0,0,1,0,0,0,0,0,0,0,0,0,0,0,0,0,0,0,0,0,0,0,0,0,0,0,1,0,0,0,0,0,0,0,0
2016,서울특별시 강서구7,서울특별시 강서구 방화동(강서공고앞 부근),2016-02-29 09:00:00,2,1,63.0,2,1,27.0,4,0,0,1,0,0,0,0,0,0,0,0,0,0,1,0,0,0,0,0,0,0,0,0,0,0,0,0,0,0,1,0,0,0,0,0,0,0,0,0,0,0,0,1,0,0,0,0,0,0,0,0,0,1,0,0,0,0,0,0,0,0,0,0,0,0,0
2016,서울특별시 구로구6,서울특별시 구로구 신도림동(신성은하수아파트 부근),2016-03-19 12:00:00,1,1,52.0,4,0,43.0,1,0,0,1,0,0,0,0,0,0,1,0,0,0,0,0,0,0,0,0,0,0,0,0,0,0,0,0,1,0,0,0,0,0,0,0,0,0,0,1,0,0,0,0,0,0,0,0,0,0,0,0,0,0,0,0,0,0,1,0,0,0,0,0,0,0,0
2016,서울특별시 구로구6,서울특별시 구로구 신도림동(신성은하수아파트 부근),2016-07-31 01:00:00,1,1,62.0,4,1,25.0,1,0,0,1,0,0,0,0,0,0,1,0,0,0,0,0,0,0,0,0,0,0,0,0,0,0,0,0,1,0,0,0,0,0,1,0,0,0,0,0,0,0,0,0,0,0,0,0,0,0,0,0,0,1,0,0,0,0,0,0,0,0,0,0,0,0,0
2016,서울특별시 구로구6,서울특별시 구로구 신도림동(신성은하수아파트 부근),2016-11-12 21:00:00,0,1,20.0,0,0,56.0,4,0,0,1,0,0,0,0,0,0,0,0,0,0,1,0,0,0,0,0,0,0,0,1,0,0,0,0,0,0,0,0,0,0,0,0,0,0,0,0,0,0,0,1,0,0,0,0,0,0,0,0,0,0,0,0,0,0,1,0,0,0,0,0,0,0,0
2016,서울특별시 구로구6,서울특별시 구로구 신도림동(신성은하수아파트 부근),2016-08-13 13:00:00,1,0,29.0,1,1,33.0,4,0,0,1,0,0,0,0,0,0,0,0,0,0,1,0,0,0,0,0,0,0,0,1,0,0,0,0,0,0,0,0,0,0,0,0,0,0,1,0,0,0,0,0,0,0,0,0,0,0,0,0,0,0,0,0,0,0,1,0,0,0,0,0,0,0,0
2016,서울특별시 구로구6,서울특별시 구로구 신도림동(신성은하수아파트 부근),2016-04-25 08:00:00,1,1,63.0,4,0,63.0,1,0,0,1,0,0,0,0,0,0,0,0,0,0,0,0,1,0,0,0,0,0,0,0,0,0,0,0,1,0,0,0,0,0,0,0,0,0,0,1,0,0,0,0,0,0,0,0,0,0,0,0,0,1,0,0,0,0,0,0,0,0,0,0,0,0,0
2016,서울특별시 구로구1,서울특별시 구로구 구로동(구로구청앞_가마산길_진입_2 부근),2016-11-29 11:00:00,1,1,53.0,4,1,63.0,1,0,0,1,0,0,0,0,0,0,1,0,0,0,0,0,0,0,0,0,0,0,0,0,0,0,0,0,1,0,0,0,0,0,0,0,0,0,0,0,0,0,0,1,0,0,0,0,0,0,0,0,0,0,0,0,0,0,1,0,0,0,0,0,0,0,0
2016,서울특별시 구로구1,서울특별시 구로구 구로동(구로구청앞_가마산길_진입_2 부근),2016-10-01 13:00:00,0,0,57.0,4,1,28.0,0,0,0,1,0,0,0,0,0,0,1,0,0,0,0,0,0,0,0,0,0,0,0,0,0,0,0,0,1,0,0,0,0,0,1,0,0,0,0,0,0,0,0,0,0,0,0,0,0,0,0,0,0,0,0,0,0,0,1,0,0,0,0,0,0,0,0
2016,서울특별시 구로구1,서울특별시 구로구 구로동(구로구청앞_가마산길_진입_2 부근),2016-09-19 15:00:00,0,0,69.0,4,1,74.0,0,0,0,1,0,0,0,0,0,0,1,0,0,0,0,0,0,0,0,0,0,0,0,0,0,0,0,0,1,0,0,0,0,0,0,0,0,0,0,0,0,0,0,1,0,0,0,0,0,0,0,0,0,0,0,0,0,0,1,0,0,0,0,0,0,0,0
2016,서울특별시 구로구1,서울특별시 구로구 구로동(구로구청앞_가마산길_진입_2 부근),2016-09-19 07:00:00,0,1,16.0,4,1,50.0,0,0,0,1,0,0,0,0,0,0,0,0,0,0,1,0,0,0,0,0,1,0,0,0,0,0,0,0,0,0,0,0,0,0,0,0,0,0,0,0,0,0,0,1,0,0,0,0,1,0,0,0,0,0,0,0,0,0,0,0,0,0,0,0,0,0,0
2016,서울특별시 구로구1,서울특별시 구로구 구로동(구로구청앞_가마산길_진입_2 부근),2016-11-22 18:00:00,0,1,61.0,4,0,44.0,0,0,0,1,0,0,0,0,0,0,0,0,0,0,1,0,0,0,0,0,1,0,0,0,0,0,0,0,0,0,0,0,0,0,0,0,0,0,0,0,0,0,0,0,0,1,0,0,0,0,0,0,1,0,0,0,0,0,0,0,0,0,0,0,0,0,0
2016,서울특별시 구로구1,서울특별시 구로구 구로동(구로구청앞_가마산길_진입_2 부근),2016-09-01 16:00:00,2,1,74.0,2,1,51.0,4,0,0,1,0,0,0,0,0,0,0,0,0,0,1,0,0,0,0,0,0,0,0,0,1,0,0,0,0,0,0,0,0,0,0,0,0,0,0,0,0,0,0,1,0,0,0,0,0,0,0,0,0,1,0,0,0,0,0,0,0,0,0,0,0,0,0
2016,서울특별시 구로구1,서울특별시 구로구 구로동(구로구청앞_가마산길_진입_2 부근),2016-09-17 19:00:00,0,1,81.0,0,1,51.0,4,0,0,1,0,0,0,0,0,0,0,0,0,0,1,0,0,0,0,0,0,0,0,0,1,0,0,0,0,0,0,0,0,1,0,0,0,0,0,0,0,0,0,0,0,0,0,0,0,0,0,0,0,1,0,0,0,0,0,0,0,0,0,0,0,0,0
2016,서울특별시 구로구1,서울특별시 구로구 구로동(구로구청앞_가마산길_진입_2 부근),2016-01-28 09:00:00,0,1,51.0,4,1,26.0,0,0,0,1,0,0,0,0,0,0,0,0,0,0,0,0,1,0,0,0,0,0,0,0,0,0,0,0,1,0,0,0,0,0,0,0,0,0,0,1,0,0,0,0,0,0,0,0,0,0,0,0,0,0,0,0,0,0,1,0,0,0,0,0,0,0,0
2016,서울특별시 구로구2,서울특별시 구로구 구로동(디지털단지입구 부근),2016-02-05 08:00:00,1,1,63.0,4,1,38.0,1,0,0,1,0,0,0,0,0,0,1,0,0,0,0,0,0,0,0,0,0,0,0,0,0,0,0,0,1,0,0,0,0,0,1,0,0,0,0,0,0,0,0,0,0,0,0,0,0,0,0,0,0,1,0,0,0,0,0,0,0,0,0,0,0,0,0
2016,서울특별시 구로구2,서울특별시 구로구 구로동(디지털단지입구 부근),2016-08-19 06:00:00,1,0,59.0,4,1,64.0,1,0,0,1,0,0,0,0,0,0,1,0,0,0,0,0,0,0,0,0,0,0,0,0,0,0,0,0,1,0,0,0,0,0,0,0,0,0,0,0,0,0,0,1,0,0,0,0,0,0,0,0,0,0,0,0,0,0,1,0,0,0,0,0,0,0,0
2016,서울특별시 구로구2,서울특별시 구로구 구로동(디지털단지입구 부근),2016-09-10 21:00:00,2,1,54.0,4,1,25.0,4,0,0,1,0,0,0,0,0,0,0,1,0,0,0,0,0,0,0,0,0,0,0,0,0,0,0,0,1,0,0,0,0,0,0,0,0,0,0,0,0,0,0,1,0,0,0,0,0,0,0,0,0,1,0,0,0,0,0,0,0,0,0,0,0,0,0
2016,서울특별시 구로구2,서울특별시 구로구 구로동(디지털단지입구 부근),2016-05-08 14:00:00,2,1,31.0,5,1,22.0,2,0,0,1,0,0,0,0,0,0,0,0,0,1,0,0,0,0,0,0,0,0,0,0,0,0,0,0,1,0,0,0,0,0,0,0,0,0,0,1,0,0,0,0,0,0,0,0,0,0,0,0,0,0,1,0,0,0,0,0,0,0,0,0,0,0,0
2016,서울특별시 구로구2,서울특별시 구로구 구로동(디지털단지입구 부근),2016-08-18 07:00:00,2,1,23.0,2,1,46.0,4,0,0,1,0,0,0,0,0,0,0,0,0,0,1,0,0,0,0,0,0,0,0,0,0,0,0,1,0,0,0,0,0,0,0,0,0,0,0,0,0,0,0,0,0,1,0,0,0,0,0,0,0,0,0,0,0,0,1,0,0,0,0,0,0,0,0
2016,서울특별시 구로구2,서울특별시 구로구 구로동(디지털단지입구 부근),2016-10-26 12:00:00,2,1,31.0,2,1,63.0,4,0,0,1,0,0,0,0,0,0,0,0,0,0,1,0,0,0,0,0,0,0,0,1,0,0,0,0,0,0,0,0,0,0,0,0,0,0,0,0,0,0,0,1,0,0,0,0,0,0,0,0,0,1,0,0,0,0,0,0,0,0,0,0,0,0,0
2016,서울특별시 구로구2,서울특별시 구로구 구로동(디지털단지입구 부근),2016-09-24 12:00:00,1,0,51.0,1,1,59.0,4,0,0,1,0,0,0,0,0,0,0,0,0,0,1,0,0,0,0,0,0,0,0,1,0,0,0,0,0,0,0,0,0,0,0,0,0,0,1,0,0,0,0,0,0,0,0,0,0,0,0,0,0,0,0,0,0,0,1,0,0,0,0,0,0,0,0
2016,서울특별시 구로구3,서울특별시 구로구 구로동(영서중 부근),2016-08-03 06:00:00,2,1,68.0,4,1,66.0,2,0,0,1,0,0,0,0,0,0,1,0,0,0,0,0,0,0,0,0,0,0,0,0,0,0,0,0,1,0,0,0,0,0,0,0,0,0,0,1,0,0,0,0,0,0,0,0,0,0,0,0,0,0,0,0,0,0,1,0,0,0,0,0,0,0,0
2016,서울특별시 구로구3,서울특별시 구로구 구로동(영서중 부근),2016-07-27 07:00:00,0,1,74.0,4,1,65.0,0,0,0,1,0,0,0,0,0,0,1,0,0,0,0,0,0,0,0,0,0,0,0,0,0,0,0,0,1,0,0,0,0,0,1,0,0,0,0,0,0,0,0,0,0,0,0,0,0,0,0,0,0,1,0,0,0,0,0,0,0,0,0,0,0,0,0
2016,서울특별시 구로구3,서울특별시 구로구 구로동(영서중 부근),2016-02-29 04:00:00,1,0,67.0,4,0,63.0,1,1,0,1,0,0,0,0,0,0,1,0,0,0,0,0,0,0,0,0,0,0,0,0,0,0,0,0,1,0,0,0,0,0,0,0,0,0,0,1,0,0,0,0,0,0,0,0,0,0,0,0,0,0,1,0,0,0,0,0,0,0,0,0,0,0,0
2016,서울특별시 구로구3,서울특별시 구로구 구로동(영서중 부근),2016-06-20 20:00:00,0,1,14.0,0,2,47.23777883246322,5,0,0,1,0,0,0,0,0,0,0,0,0,0,1,0,0,0,0,0,0,0,0,1,0,0,0,0,0,0,0,0,0,0,0,0,0,0,0,0,0,0,0,1,0,0,0,0,0,0,0,0,0,1,0,0,0,0,0,0,0,0,0,0,0,0,0
2016,서울특별시 구로구3,서울특별시 구로구 구로동(영서중 부근),2016-08-04 15:00:00,0,1,14.0,2,0,64.0,0,0,0,2,0,0,0,0,0,0,0,0,0,0,1,0,0,0,0,0,1,0,0,0,0,0,0,0,0,0,0,0,0,0,0,0,0,0,0,0,0,0,0,1,0,0,0,0,0,0,0,1,0,0,0,0,0,0,0,0,0,0,0,0,0,0,0
2016,서울특별시 구로구3,서울특별시 구로구 구로동(영서중 부근),2016-09-17 21:00:00,0,1,50.0,5,1,28.0,0,0,0,1,0,0,0,0,0,0,0,0,0,0,1,0,0,0,0,0,1,0,0,0,0,0,0,0,0,0,0,0,0,0,1,0,0,0,0,0,0,0,0,0,0,0,0,0,0,0,1,0,0,0,0,0,0,0,0,0,0,0,0,0,0,0,0
2016,서울특별시 구로구3,서울특별시 구로구 구로동(영서중 부근),2016-06-14 15:00:00,0,1,58.0,0,1,30.0,4,0,0,1,0,0,0,0,0,0,0,0,0,0,1,0,0,0,0,0,0,0,0,1,0,0,0,0,0,0,0,0,0,0,0,0,0,0,0,0,0,0,0,0,0,1,0,0,0,0,0,0,0,0,1,0,0,0,0,0,0,0,0,0,0,0,0
2016,서울특별시 구로구4,서울특별시 구로구 구로동(고척교사거리 부근),2016-11-23 22:00:00,0,1,47.0,4,1,22.0,0,0,0,1,0,0,0,0,0,0,1,0,0,0,0,0,0,0,0,0,0,0,0,0,0,0,0,0,1,0,0,0,0,0,0,0,0,0,0,1,0,0,0,0,0,0,0,0,0,0,0,0,0,0,1,0,0,0,0,0,0,0,0,0,0,0,0
2016,서울특별시 구로구4,서울특별시 구로구 구로동(고척교사거리 부근),2016-02-18 06:00:00,0,1,49.0,4,1,35.0,0,0,0,1,0,0,0,0,0,0,1,0,0,0,0,0,0,0,0,0,0,0,0,0,0,0,0,0,1,0,0,0,0,0,0,0,0,0,0,1,0,0,0,0,0,0,0,0,0,0,0,0,0,0,0,0,0,0,1,0,0,0,0,0,0,0,0
2016,서울특별시 구로구4,서울특별시 구로구 구로동(고척교사거리 부근),2016-11-24 06:00:00,1,1,67.0,4,1,20.0,1,0,0,1,0,0,0,0,0,0,1,0,0,0,0,0,0,0,0,0,0,0,0,0,0,0,0,0,1,0,0,0,0,0,0,0,0,0,0,1,0,0,0,0,0,0,0,0,0,0,0,0,0,0,0,0,0,0,1,0,0,0,0,0,0,0,0
2016,서울특별시 구로구4,서울특별시 구로구 구로동(고척교사거리 부근),2016-04-15 16:00:00,0,1,65.0,0,2,47.23777883246322,6,0,0,1,0,0,0,0,0,0,0,0,0,0,1,0,0,0,0,0,0,0,0,0,0,1,0,0,0,0,0,0,0,0,0,0,0,0,0,0,0,0,0,1,0,0,0,0,0,0,0,0,0,0,0,0,0,0,0,0,0,0,1,0,0,0,0
2016,서울특별시 구로구4,서울특별시 구로구 구로동(고척교사거리 부근),2016-10-09 17:00:00,0,1,9.0,4,1,44.0,0,0,0,1,0,0,0,0,0,0,0,0,0,0,1,0,0,0,0,0,1,0,0,0,0,0,0,0,0,0,0,0,0,0,1,0,0,0,0,0,0,0,0,0,0,0,0,0,0,1,0,0,0,0,0,0,0,0,0,0,0,0,0,0,0,0,0
2016,서울특별시 구로구4,서울특별시 구로구 구로동(고척교사거리 부근),2016-09-05 09:00:00,0,1,56.0,4,1,66.0,0,0,0,1,0,0,0,0,0,0,0,0,0,0,0,0,1,0,0,0,0,0,0,0,0,0,0,0,1,0,0,0,0,0,0,0,0,0,0,0,0,0,0,1,0,0,0,0,0,0,0,0,0,1,0,0,0,0,0,0,0,0,0,0,0,0,0
2016,서울특별시 구로구5,서울특별시 구로구 구로동(동구로초등교 부근),2016-11-19 12:00:00,0,1,58.0,4,1,35.0,0,0,0,1,0,0,0,0,0,0,1,0,0,0,0,0,0,0,0,0,0,0,0,0,0,0,0,0,1,0,0,0,0,0,0,0,0,0,0,0,0,0,0,1,0,0,0,0,0,0,0,0,0,0,0,0,0,0,1,0,0,0,0,0,0,0,0
2016,서울특별시 구로구5,서울특별시 구로구 구로동(동구로초등교 부근),2016-10-06 12:00:00,1,1,16.0,1,1,16.0,1,0,0,2,0,0,0,0,0,0,0,0,1,0,0,0,0,0,0,0,0,0,0,0,0,0,0,0,1,0,0,0,0,0,0,0,0,0,0,1,0,0,0,0,0,0,0,0,0,0,0,0,0,1,0,0,0,0,0,0,0,0,0,0,0,0,0
2016,서울특별시 구로구5,서울특별시 구로구 구로동(동구로초등교 부근),2016-06-21 13:00:00,1,1,33.0,4,0,63.0,1,0,0,1,0,0,0,0,0,0,0,0,0,1,0,0,0,0,0,0,0,0,0,0,0,0,0,0,1,0,0,0,0,0,0,0,0,0,0,0,0,0,0,0,0,0,1,0,0,0,0,0,0,1,0,0,0,0,0,0,0,0,0,0,0,0,0
2016,서울특별시 구로구5,서울특별시 구로구 구로동(동구로초등교 부근),2016-11-21 14:00:00,0,1,65.0,4,1,70.0,0,0,0,1,0,0,0,0,0,0,0,0,0,1,0,0,0,0,0,0,0,0,0,0,0,0,0,0,1,0,0,0,0,0,0,0,0,0,0,1,0,0,0,0,0,0,0,0,0,0,0,0,0,0,0,0,0,0,1,0,0,0,0,0,0,0,0
2016,서울특별시 구로구5,서울특별시 구로구 구로동(동구로초등교 부근),2016-04-30 14:00:00,1,1,44.0,4,0,66.0,1,0,0,1,0,0,0,0,0,0,0,0,0,0,1,0,0,0,0,0,1,0,0,0,0,0,0,0,0,0,0,0,0,0,0,0,0,0,0,0,0,0,0,1,0,0,0,0,1,0,0,0,0,0,0,0,0,0,0,0,0,0,0,0,0,0,0
2016,서울특별시 구로구9,서울특별시 구로구 구로동(남구로역_도림로_진입 부근),2016-06-07 22:00:00,1,1,38.0,4,1,20.0,1,0,0,1,0,0,0,0,0,0,1,0,0,0,0,0,0,0,0,0,0,0,0,0,0,0,0,0,1,0,0,0,0,0,0,0,0,0,0,0,0,0,0,0,0,0,1,0,0,0,0,0,0,1,0,0,0,0,0,0,0,0,0,0,0,0,0
2016,서울특별시 구로구9,서울특별시 구로구 구로동(남구로역_도림로_진입 부근),2016-06-13 22:00:00,1,1,53.0,4,0,38.0,1,0,0,1,0,0,0,0,0,0,0,1,0,0,0,0,0,0,0,0,0,0,0,0,0,0,0,0,1,0,0,0,0,0,0,0,0,0,0,0,0,1,0,0,0,0,0,0,0,0,0,0,0,0,0,0,0,1,0,0,0,0,0,0,0,0,0
2016,서울특별시 구로구9,서울특별시 구로구 구로동(남구로역_도림로_진입 부근),2016-07-12 16:00:00,0,1,50.0,0,0,64.0,0,0,0,2,0,0,0,0,0,0,0,0,0,0,1,0,0,0,0,0,1,0,0,0,0,0,0,0,0,0,0,0,0,0,0,0,0,0,0,0,0,0,0,0,0,1,0,0,0,0,1,0,0,0,0,0,0,0,0,0,0,0,0,0,0,0,0
2016,서울특별시 구로구9,서울특별시 구로구 구로동(남구로역_도림로_진입 부근),2016-06-11 17:00:00,0,1,56.0,4,1,74.0,0,0,0,1,0,0,0,0,0,0,0,0,0,0,1,0,0,0,0,0,1,0,0,0,0,0,0,0,0,0,0,0,0,0,0,0,0,0,0,1,0,0,0,0,0,0,0,0,0,0,0,0,1,0,0,0,0,0,0,0,0,0,0,0,0,0,0
2016,서울특별시 구로구10,서울특별시 구로구 구로동(미래초교 부근),2016-06-27 13:00:00,1,0,69.0,4,1,78.0,1,0,0,1,0,0,0,0,0,0,1,0,0,0,0,0,0,0,0,0,0,0,0,0,0,0,0,0,1,0,0,0,0,0,0,0,0,0,0,1,0,0,0,0,0,0,0,0,0,0,0,0,0,1,0,0,0,0,0,0,0,0,0,0,0,0,0
2016,서울특별시 구로구10,서울특별시 구로구 구로동(미래초교 부근),2016-07-14 14:00:00,1,1,47.0,1,2,47.23777883246322,5,0,0,1,0,0,0,0,0,0,0,0,0,1,0,0,0,0,0,0,0,0,0,0,0,0,0,0,1,0,0,0,0,0,1,0,0,0,0,0,0,0,0,0,0,0,0,0,0,0,0,0,0,1,0,0,0,0,0,0,0,0,0,0,0,0,0
2016,서울특별시 구로구10,서울특별시 구로구 구로동(미래초교 부근),2016-05-20 13:00:00,0,0,56.0,0,1,73.0,4,0,0,1,0,0,0,0,0,0,0,0,0,0,1,0,0,0,0,0,0,0,0,1,0,0,0,0,0,0,0,0,0,0,0,0,0,0,0,0,0,0,0,1,0,0,0,0,0,0,0,0,0,0,0,0,0,0,1,0,0,0,0,0,0,0,0
2016,서울특별시 구로구10,서울특별시 구로구 구로동(미래초교 부근),2016-08-13 17:00:00,0,0,58.0,0,1,36.0,4,0,0,1,0,0,0,0,0,0,0,0,0,0,1,0,0,0,0,0,0,0,0,1,0,0,0,0,0,0,0,0,0,0,0,0,0,0,0,0,0,0,0,1,0,0,0,0,0,0,0,0,0,0,0,0,0,0,1,0,0,0,0,0,0,0,0
2016,서울특별시 구로구11,서울특별시 구로구 구로동(민영규치과의원 부근),2016-08-13 03:00:00,1,1,67.0,4,0,66.0,1,0,0,1,0,0,0,0,0,0,1,0,0,0,0,0,0,0,0,0,0,0,0,0,0,0,0,0,1,0,0,0,0,0,0,0,0,0,0,0,0,0,0,1,0,0,0,0,0,0,0,0,0,0,0,0,0,0,1,0,0,0,0,0,0,0,0
2016,서울특별시 구로구11,서울특별시 구로구 구로동(민영규치과의원 부근),2016-09-17 19:00:00,0,2,47.74785772029103,5,1,50.0,4,0,0,4,0,0,0,0,0,0,0,0,0,0,1,0,0,0,0,0,0,0,0,1,0,0,0,0,0,0,0,0,0,0,0,0,0,0,0,0,0,0,0,1,0,0,0,0,0,0,0,0,0,1,0,0,0,0,0,0,0,0,0,0,0,0,0
2016,서울특별시 구로구11,서울특별시 구로구 구로동(민영규치과의원 부근),2016-06-08 10:00:00,0,1,13.0,4,0,56.0,0,0,0,1,0,0,0,0,0,0,0,0,0,0,1,0,0,0,0,0,1,0,0,0,0,0,0,0,0,0,0,0,0,0,0,0,0,0,0,0,0,0,0,1,0,0,0,0,0,0,0,0,1,0,0,0,0,0,0,0,0,0,0,0,0,0,0
2016,서울특별시 구로구11,서울특별시 구로구 구로동(민영규치과의원 부근),2016-08-23 07:00:00,0,0,50.0,0,1,43.0,4,0,0,1,0,0,0,0,0,0,0,0,0,0,1,0,0,0,0,0,0,0,0,1,0,0,0,0,0,0,0,0,0,0,0,0,0,0,0,0,0,0,0,0,0,1,0,0,0,0,0,0,0,0,0,0,0,0,1,0,0,0,0,0,0,0,0
2016,서울특별시 구로구7,서울특별시 구로구 가리봉동(구로고가차도(남측) 부근),2016-04-19 14:00:00,1,1,69.0,4,1,73.0,1,0,0,1,0,0,0,0,0,0,1,0,0,0,0,0,0,0,0,0,0,0,0,0,0,0,0,0,1,0,0,0,0,0,0,0,0,0,0,0,0,0,0,1,0,0,0,0,0,0,0,0,0,1,0,0,0,0,0,0,0,0,0,0,0,0,0