사고년도,다발시군구,지점명,사고일시,사고등급,가해자성별,가해자연령,가해자신체상해정도,피해자성별,피해자연령,피해자신체상해정도,기상상태,사망자수,부상자수,가해차종_개인형이동수단(PM),가해차종_건설기계,가해차종_기타,가해차종_농기계,가해차종_불명,가해차종_사륜오토바이(ATV),가해차종_승용차,가해차종_승합차,가해차종_원동기장치자전거,가해차종_이륜차,가해차종_자전거,가해차종_특수차,가해차종_화물차,피해차종_개인형이동수단(PM),피해차종_건설기계,피해차종_기타,피해차종_보행자,피해차종_불명,피해차종_사륜오토바이(ATV),피해차종_승용차,피해차종_승합차,피해차종_없음,피해차종_원동기장치자전거,피해차종_이륜차,피해차종_자전거,피해차종_특수차,피해차종_화물차,가해자법규위반_과속,가해자법규위반_교차로 통행방법 위반,가해자법규위반_교차로운행방법위반,가해자법규위반_기타,가해자법규위반_미분류,가해자법규위반_보행자 보호의무 위반,가해자법규위반_보행자보호의무위반,가해자법규위반_불법유턴,가해자법규위반_신호위반,가해자법규위반_안전거리 미확보,가해자법규위반_안전거리미확보,가해자법규위반_안전운전 의무 불이행,가해자법규위반_안전운전불이행,가해자법규위반_중앙선 침범,가해자법규위반_중앙선침범,가해자법규위반_직진우회전진행방해,가해자법규위반_차로위반,사고유형_차대사람 - 기타,사고유형_차대사람 - 길가장자리구역통행중,사고유형_차대사람 - 보도통행중,사고유형_차대사람 - 차도통행중,사고유형_차대사람 - 횡단중,사고유형_차대차 - 기타,사고유형_차대차 - 정면충돌,사고유형_차대차 - 추돌,사고유형_차대차 - 추돌 - 주정차중,사고유형_차대차 - 추돌 - 진행중,사고유형_차대차 - 측면직각충돌,사고유형_차대차 - 측면충돌,사고유형_차대차 - 후진중충돌,사고유형_차량단독 - 공작물충돌,사고유형_차량단독 - 기타,사고유형_차량단독 - 도로외이탈 - 추락,사고유형_차량단독 - 전도,사고유형_차량단독 - 전도전복,사고유형_차량단독 - 전도전복 - 전도
2016,서울특별시 영등포구2,서울특별시 영등포구 당산동1가(영등포청과시장_영등포로_진입_1 부근),2016-10-01 09:00:00,1,1,73.0,4,0,61.0,1,0,0,1,0,0,0,0,0,0,1,0,0,0,0,0,0,0,0,0,0,0,0,0,0,0,0,0,1,0,0,0,0,0,0,0,0,0,0,0,0,0,0,1,0,0,0,0,0,0,0,0,0,0,0,0,0,1,0,0,0,0,0,0,0,0,0
2016,서울특별시 영등포구2,서울특별시 영등포구 당산동1가(영등포청과시장_영등포로_진입_1 부근),2016-06-17 23:00:00,2,2,47.74785772029103,5,1,50.0,2,0,0,1,0,0,0,0,0,0,0,1,0,0,0,0,0,0,0,0,0,0,0,0,0,0,0,0,1,0,0,0,0,0,0,0,0,0,0,0,0,0,0,1,0,0,0,0,0,0,0,0,0,0,0,0,0,0,1,0,0,0,0,0,0,0,0
2016,서울특별시 영등포구2,서울특별시 영등포구 당산동1가(영등포청과시장_영등포로_진입_1 부근),2016-05-10 18:00:00,0,1,54.0,0,1,40.0,4,0,0,1,0,0,0,0,0,0,0,0,0,0,1,0,0,0,0,0,0,0,0,0,0,0,0,1,0,0,0,0,0,1,0,0,0,0,0,0,0,0,0,0,0,0,0,0,0,0,0,0,0,0,0,0,0,0,1,0,0,0,0,0,0,0,0
2016,서울특별시 영등포구2,서울특별시 영등포구 당산동1가(영등포청과시장_영등포로_진입_1 부근),2016-10-14 12:00:00,2,1,60.0,2,1,66.0,4,0,0,1,0,0,0,0,0,0,0,0,0,0,1,0,0,0,0,0,0,0,0,1,0,0,0,0,0,0,0,0,0,0,0,0,0,0,0,0,0,0,0,1,0,0,0,0,0,0,0,0,0,0,0,0,0,0,1,0,0,0,0,0,0,0,0
2016,서울특별시 영등포구2,서울특별시 영등포구 당산동1가(영등포청과시장_영등포로_진입_1 부근),2016-03-21 18:00:00,1,1,60.0,1,0,29.0,4,1,0,1,0,0,0,0,0,0,0,0,0,0,1,0,0,0,0,0,0,0,0,1,0,0,0,0,0,0,0,0,0,0,0,0,0,0,0,1,0,0,0,0,0,0,0,0,0,0,0,0,0,0,0,0,0,0,1,0,0,0,0,0,0,0,0
2016,서울특별시 영등포구2,서울특별시 영등포구 당산동1가(영등포청과시장_영등포로_진입_1 부근),2016-07-23 06:00:00,0,1,64.0,0,1,68.0,4,0,0,1,0,0,0,0,0,0,0,0,0,0,1,0,0,0,0,0,0,0,0,1,0,0,0,0,0,0,0,0,0,0,0,0,0,0,0,0,0,0,0,1,0,0,0,0,0,0,0,0,0,0,0,0,0,0,1,0,0,0,0,0,0,0,0
2016,서울특별시 영등포구2,서울특별시 영등포구 당산동1가(영등포청과시장_영등포로_진입_1 부근),2016-02-09 19:00:00,2,1,73.0,2,1,59.0,4,0,0,1,0,0,0,0,0,0,0,0,0,0,1,0,0,0,0,0,0,0,0,1,0,0,0,0,0,0,0,0,0,0,0,0,0,0,0,0,0,0,0,0,0,1,0,0,0,0,0,0,0,0,1,0,0,0,0,0,0,0,0,0,0,0,0
2016,서울특별시 영등포구2,서울특별시 영등포구 당산동1가(영등포청과시장_영등포로_진입_1 부근),2016-04-13 16:00:00,2,1,77.0,2,1,53.0,4,0,0,1,0,0,0,0,0,0,0,0,0,0,1,0,0,0,0,0,0,0,0,1,0,0,0,0,0,0,0,0,0,0,0,0,0,0,1,0,0,0,0,0,0,0,0,0,0,0,0,0,0,0,0,0,0,0,1,0,0,0,0,0,0,0,0
2016,서울특별시 영등포구3,서울특별시 영등포구 당산동4가(보라빌딩 부근),2016-12-20 10:00:00,1,1,67.0,4,1,48.0,1,0,0,1,0,0,0,0,0,0,1,0,0,0,0,0,0,0,0,0,0,0,0,0,0,0,0,0,1,0,0,0,0,0,1,0,0,0,0,0,0,0,0,0,0,0,0,0,0,0,0,0,0,1,0,0,0,0,0,0,0,0,0,0,0,0,0
2016,서울특별시 영등포구3,서울특별시 영등포구 당산동4가(보라빌딩 부근),2016-05-31 17:00:00,0,1,12.0,0,1,62.0,4,0,0,1,0,0,0,0,0,0,0,0,0,0,1,0,0,0,0,0,0,0,0,1,0,0,0,0,0,0,0,0,0,0,0,0,0,0,0,0,0,0,0,1,0,0,0,0,0,0,0,0,0,0,0,0,0,0,1,0,0,0,0,0,0,0,0
2016,서울특별시 영등포구3,서울특별시 영등포구 당산동4가(보라빌딩 부근),2016-11-21 17:00:00,1,1,16.0,4,1,54.0,1,0,0,1,0,0,0,0,0,0,0,0,0,0,1,0,0,0,0,0,0,0,0,0,0,0,0,1,0,0,0,0,0,0,0,0,0,0,0,0,0,0,0,1,0,0,0,0,0,0,0,0,0,0,0,0,0,0,1,0,0,0,0,0,0,0,0
2016,서울특별시 영등포구3,서울특별시 영등포구 당산동4가(보라빌딩 부근),2016-04-08 07:00:00,2,1,17.0,2,1,58.0,4,0,0,1,0,0,0,0,0,0,0,0,0,0,1,0,0,0,0,0,0,0,0,1,0,0,0,0,0,0,0,0,0,0,0,0,0,0,0,0,0,0,0,0,0,0,1,0,0,0,0,0,0,0,1,0,0,0,0,0,0,0,0,0,0,0,0
2016,서울특별시 영등포구3,서울특별시 영등포구 당산동4가(보라빌딩 부근),2016-11-20 16:00:00,0,1,23.0,0,0,38.0,4,0,0,1,0,0,0,0,0,0,0,0,0,0,1,0,0,0,0,0,0,0,0,1,0,0,0,0,0,0,0,0,0,0,0,0,0,0,0,0,0,0,0,0,0,1,0,0,0,0,0,0,0,0,0,0,0,0,1,0,0,0,0,0,0,0,0
2016,서울특별시 영등포구3,서울특별시 영등포구 당산동4가(보라빌딩 부근),2016-08-11 14:00:00,2,1,35.0,2,1,41.0,4,0,0,1,0,0,0,0,0,0,0,0,0,0,1,0,0,0,0,0,0,0,0,1,0,0,0,0,0,0,0,0,0,0,0,0,0,0,0,0,0,0,0,1,0,0,0,0,0,0,0,0,0,1,0,0,0,0,0,0,0,0,0,0,0,0,0
2016,서울특별시 영등포구3,서울특별시 영등포구 당산동4가(보라빌딩 부근),2016-08-16 13:00:00,2,0,47.0,2,1,35.0,4,0,0,1,0,0,0,0,0,0,0,0,0,0,1,0,0,0,0,0,0,0,0,1,0,0,0,0,0,0,0,0,0,0,0,0,0,0,0,0,0,0,0,0,0,1,0,0,0,0,0,0,0,0,0,0,0,0,1,0,0,0,0,0,0,0,0
2016,서울특별시 영등포구3,서울특별시 영등포구 당산동4가(보라빌딩 부근),2016-08-24 08:00:00,0,0,62.0,0,0,55.0,4,0,0,1,0,0,0,0,0,0,0,0,0,0,1,0,0,0,0,0,0,0,0,1,0,0,0,0,0,0,0,0,0,0,0,0,0,0,0,0,0,0,0,1,0,0,0,0,0,0,0,0,0,0,0,0,0,0,1,0,0,0,0,0,0,0,0
2016,서울특별시 영등포구3,서울특별시 영등포구 당산동4가(보라빌딩 부근),2016-07-24 18:00:00,0,0,72.0,0,1,34.0,4,0,0,1,0,0,0,0,0,0,0,0,0,0,1,0,0,0,0,0,0,0,0,0,0,0,0,1,0,0,0,0,0,0,0,0,0,0,0,0,0,0,0,1,0,0,0,0,0,0,0,0,0,0,0,0,0,0,1,0,0,0,0,0,0,0,0
2016,서울특별시 영등포구6,서울특별시 영등포구 당산동6가(당산지하차도(북측) 부근),2016-06-11 07:00:00,0,1,66.0,4,1,41.0,0,0,0,1,0,0,0,0,0,0,0,0,1,0,0,0,0,0,0,0,0,0,0,0,0,0,0,0,1,0,0,0,0,0,0,0,0,0,0,0,0,0,0,0,0,1,0,0,0,0,0,0,0,0,1,0,0,0,0,0,0,0,0,0,0,0,0
2016,서울특별시 영등포구6,서울특별시 영등포구 당산동6가(당산지하차도(북측) 부근),2016-09-30 21:00:00,0,1,24.0,4,1,30.0,0,0,0,1,0,0,0,0,0,0,0,0,0,0,1,0,0,0,0,0,0,0,0,0,0,0,0,0,1,0,0,0,0,0,0,0,0,0,0,0,0,0,0,1,0,0,0,0,0,0,0,0,0,0,0,0,0,1,0,0,0,0,0,0,0,0,0
2016,서울특별시 영등포구6,서울특별시 영등포구 당산동6가(당산지하차도(북측) 부근),2016-06-24 19:00:00,1,1,37.0,2,0,19.0,1,0,0,2,0,0,0,0,0,0,0,0,0,0,1,0,0,0,0,0,0,0,0,0,0,0,1,0,0,0,0,0,0,0,0,0,0,0,0,0,0,0,0,1,0,0,0,0,0,0,0,0,0,0,0,0,0,0,1,0,0,0,0,0,0,0,0
2016,서울특별시 영등포구6,서울특별시 영등포구 당산동6가(당산지하차도(북측) 부근),2016-07-26 21:00:00,1,1,37.0,4,1,69.0,1,0,0,1,0,0,0,0,0,0,0,0,0,0,1,0,0,0,0,0,0,0,0,0,0,0,0,0,1,0,0,0,0,0,0,0,0,0,0,0,0,0,0,1,0,0,0,0,0,0,0,0,0,1,0,0,0,0,0,0,0,0,0,0,0,0,0
2016,서울특별시 영등포구6,서울특별시 영등포구 당산동6가(당산지하차도(북측) 부근),2016-07-14 20:00:00,1,1,41.0,5,0,63.0,1,0,0,1,0,0,0,0,0,0,0,0,0,0,1,0,0,0,0,0,1,0,0,0,0,0,0,0,0,0,0,0,0,0,0,0,0,0,0,0,0,0,0,1,0,0,0,0,0,0,0,0,1,0,0,0,0,0,0,0,0,0,0,0,0,0,0
2016,서울특별시 영등포구6,서울특별시 영등포구 당산동6가(당산지하차도(북측) 부근),2016-09-20 10:00:00,1,1,66.0,4,0,53.0,1,0,0,1,0,0,0,0,0,0,0,0,0,0,1,0,0,0,0,0,0,0,0,0,0,0,0,0,1,0,0,0,0,0,0,0,0,0,0,0,0,0,0,1,0,0,0,0,0,0,0,0,0,1,0,0,0,0,0,0,0,0,0,0,0,0,0
2016,서울특별시 영등포구6,서울특별시 영등포구 당산동6가(당산지하차도(북측) 부근),2016-04-13 13:00:00,2,0,33.0,2,1,47.0,4,0,0,1,0,0,0,0,0,0,0,0,0,0,1,0,0,0,0,0,0,0,0,0,0,0,0,0,1,0,0,0,0,0,0,0,0,0,0,0,0,0,0,1,0,0,0,0,0,0,0,0,0,0,0,0,0,1,0,0,0,0,0,0,0,0,0
2016,서울특별시 영등포구6,서울특별시 영등포구 당산동6가(당산지하차도(북측) 부근),2016-03-14 13:00:00,0,0,60.0,0,0,61.0,0,0,0,2,0,0,0,0,0,0,0,0,0,0,1,0,0,0,0,0,0,0,0,0,0,0,0,0,1,0,0,0,0,0,0,0,0,0,0,0,0,1,0,0,0,0,0,0,0,0,0,0,0,0,0,0,0,0,1,0,0,0,0,0,0,0,0
2016,서울특별시 영등포구17,서울특별시 영등포구 문래동1가(청과시장입구 부근),2016-01-18 09:00:00,0,0,53.0,4,1,61.0,0,0,0,1,0,0,0,0,0,0,1,0,0,0,0,0,0,0,0,0,0,0,0,0,0,0,0,0,1,0,0,0,0,0,0,0,0,0,0,0,0,0,0,1,0,0,0,0,0,0,0,0,0,0,0,0,0,0,1,0,0,0,0,0,0,0,0
2016,서울특별시 영등포구17,서울특별시 영등포구 문래동1가(청과시장입구 부근),2016-11-29 19:00:00,0,1,24.0,0,1,33.0,4,0,0,1,0,0,0,0,0,0,0,0,0,0,1,0,0,0,0,0,0,0,0,1,0,0,0,0,0,0,0,0,0,0,0,0,0,0,0,0,0,0,0,1,0,0,0,0,0,0,0,0,0,0,0,0,0,0,1,0,0,0,0,0,0,0,0
2016,서울특별시 영등포구17,서울특별시 영등포구 문래동1가(청과시장입구 부근),2016-08-10 00:00:00,2,1,27.0,2,1,53.0,4,0,0,1,0,0,0,0,0,0,0,0,0,0,1,0,0,0,0,0,0,0,0,1,0,0,0,0,0,0,0,0,0,0,0,0,0,0,0,0,0,0,0,0,0,0,0,1,0,0,0,0,0,0,0,0,0,0,1,0,0,0,0,0,0,0,0
2016,서울특별시 영등포구17,서울특별시 영등포구 문래동1가(청과시장입구 부근),2016-02-18 08:00:00,0,1,63.0,0,1,50.0,4,0,0,1,0,0,0,0,0,0,0,0,0,0,1,0,0,0,0,0,0,0,0,0,0,0,0,0,0,0,1,0,0,0,0,0,0,0,0,0,0,0,0,0,0,1,0,0,0,0,0,0,0,0,0,0,0,0,1,0,0,0,0,0,0,0,0
2016,서울특별시 영등포구14,서울특별시 영등포구 문래동3가(문래동사거리_일반국도46호선_진 부근),2016-10-20 18:00:00,0,2,47.74785772029103,5,1,14.0,0,0,0,1,0,0,0,0,1,0,0,0,0,0,0,0,0,0,0,0,0,0,0,0,0,0,0,0,1,0,0,0,0,0,0,0,0,0,0,0,0,0,0,1,0,0,0,0,0,0,0,0,0,0,0,0,0,0,1,0,0,0,0,0,0,0,0
2016,서울특별시 영등포구14,서울특별시 영등포구 문래동3가(문래동사거리_일반국도46호선_진 부근),2016-10-30 01:00:00,1,0,36.0,4,1,22.0,1,0,0,1,0,0,0,0,0,0,1,0,0,0,0,0,0,0,0,0,0,0,0,0,0,0,0,0,1,0,0,0,0,1,0,0,0,0,0,0,0,0,0,0,0,0,0,0,0,0,0,0,0,0,0,0,0,0,1,0,0,0,0,0,0,0,0
2016,서울특별시 영등포구14,서울특별시 영등포구 문래동3가(문래동사거리_일반국도46호선_진 부근),2016-05-22 02:00:00,2,1,16.0,2,1,23.0,4,0,0,1,0,0,0,0,0,0,0,0,0,0,1,0,0,0,0,0,0,0,0,1,0,0,0,0,0,0,0,0,0,0,0,0,0,0,0,0,0,0,0,0,0,1,0,0,0,0,0,0,0,1,0,0,0,0,0,0,0,0,0,0,0,0,0
2016,서울특별시 영등포구14,서울특별시 영등포구 문래동3가(문래동사거리_일반국도46호선_진 부근),2016-09-04 09:00:00,1,1,30.0,4,1,23.0,1,0,0,1,0,0,0,0,0,0,0,0,0,0,0,0,1,0,0,0,0,0,0,0,0,0,0,0,1,0,0,0,0,0,0,0,0,0,0,0,0,0,0,1,0,0,0,0,0,0,0,0,0,0,0,0,0,0,1,0,0,0,0,0,0,0,0
2016,서울특별시 영등포구16,서울특별시 영등포구 문래동3가(국화아파트 부근),2016-07-20 02:00:00,0,1,46.0,4,1,38.0,0,0,0,1,0,0,0,0,0,0,1,0,0,0,0,0,0,0,0,0,0,0,0,0,0,0,0,0,1,0,0,0,0,1,0,0,0,0,0,0,0,0,0,0,0,0,0,0,0,0,0,0,0,0,0,0,0,1,0,0,0,0,0,0,0,0,0
2016,서울특별시 영등포구16,서울특별시 영등포구 문래동3가(국화아파트 부근),2016-05-19 22:00:00,0,1,33.0,4,1,70.0,0,0,0,1,0,0,0,0,0,0,0,0,0,0,1,0,0,0,0,0,1,0,0,0,0,0,0,0,0,0,0,0,0,0,0,0,0,1,0,0,0,0,0,0,0,0,0,0,0,0,0,0,1,0,0,0,0,0,0,0,0,0,0,0,0,0,0
2016,서울특별시 영등포구16,서울특별시 영등포구 문래동3가(국화아파트 부근),2016-10-07 21:00:00,0,1,43.0,4,0,29.0,0,0,0,1,0,0,0,0,0,0,0,0,0,0,1,0,0,0,0,0,1,0,0,0,0,0,0,0,0,0,0,0,0,0,1,0,0,0,0,0,0,0,0,0,0,0,0,0,1,0,0,0,0,0,0,0,0,0,0,0,0,0,0,0,0,0,0
2016,서울특별시 영등포구16,서울특별시 영등포구 문래동3가(국화아파트 부근),2016-04-13 16:00:00,0,1,55.0,0,1,47.0,4,0,0,1,0,0,0,0,0,0,0,0,0,0,1,0,0,0,0,0,0,0,0,0,1,0,0,0,0,0,0,0,0,0,0,0,0,0,0,0,0,0,0,1,0,0,0,0,0,0,0,0,0,1,0,0,0,0,0,0,0,0,0,0,0,0,0
2016,서울특별시 영등포구8,서울특별시 영등포구 문래동5가(서부간선도로-한천길램프(1) 부근),2016-06-25 00:00:00,0,1,59.0,4,1,23.0,0,0,0,1,0,0,0,0,0,0,1,0,0,0,0,0,0,0,0,0,0,0,0,0,0,0,0,0,1,0,0,0,0,0,0,0,0,0,0,0,0,0,0,1,0,0,0,0,0,0,0,0,0,0,0,0,0,0,1,0,0,0,0,0,0,0,0
2016,서울특별시 영등포구8,서울특별시 영등포구 문래동5가(서부간선도로-한천길램프(1) 부근),2016-06-02 20:00:00,1,1,23.0,4,0,61.0,1,0,0,1,0,0,0,0,0,0,0,0,0,0,1,0,0,0,0,0,0,0,0,0,0,0,0,0,1,0,0,0,0,0,0,0,0,0,0,0,0,0,0,1,0,0,0,0,0,0,0,0,0,0,0,0,0,0,1,0,0,0,0,0,0,0,0
2016,서울특별시 영등포구8,서울특별시 영등포구 문래동5가(서부간선도로-한천길램프(1) 부근),2016-08-21 21:00:00,0,1,36.0,0,1,19.0,0,0,0,2,0,0,0,0,0,0,0,0,0,0,1,0,0,0,0,0,0,0,0,0,0,0,0,0,1,0,0,0,0,0,0,0,0,0,0,0,0,0,0,1,0,0,0,0,0,0,0,0,0,0,1,0,0,0,0,0,0,0,0,0,0,0,0
2016,서울특별시 영등포구8,서울특별시 영등포구 문래동5가(서부간선도로-한천길램프(1) 부근),2016-07-26 08:00:00,0,1,38.0,4,1,27.0,0,0,0,1,0,0,0,0,0,0,0,0,0,0,1,0,0,0,0,0,0,0,0,0,0,0,0,0,1,0,0,0,0,0,0,0,0,0,0,0,0,0,0,1,0,0,0,0,0,0,0,0,0,1,0,0,0,0,0,0,0,0,0,0,0,0,0
2016,서울특별시 영등포구8,서울특별시 영등포구 문래동5가(서부간선도로-한천길램프(1) 부근),2016-09-20 22:00:00,0,1,52.0,4,1,24.0,0,0,0,1,0,0,0,0,0,0,0,0,0,0,1,0,0,0,0,0,0,0,0,0,0,0,0,0,1,0,0,0,0,0,0,0,0,0,0,0,0,0,0,1,0,0,0,0,0,0,0,0,0,0,0,0,0,0,1,0,0,0,0,0,0,0,0
2016,서울특별시 영등포구8,서울특별시 영등포구 문래동5가(서부간선도로-한천길램프(1) 부근),2016-08-28 16:00:00,2,0,38.0,2,1,72.0,4,0,0,1,0,0,0,0,0,0,0,0,0,0,1,0,0,0,0,0,0,0,0,0,0,0,0,0,1,0,0,0,0,0,0,0,0,0,0,0,0,0,0,1,0,0,0,0,0,0,0,0,0,0,1,0,0,0,0,0,0,0,0,0,0,0,0
2016,서울특별시 영등포구8,서울특별시 영등포구 문래동5가(서부간선도로-한천길램프(1) 부근),2016-07-17 20:00:00,0,0,53.0,0,1,66.0,4,0,0,1,0,0,0,0,0,0,0,0,0,0,1,0,0,0,0,0,0,0,0,0,0,0,0,0,1,0,0,0,0,0,0,0,0,0,0,0,0,0,0,1,0,0,0,0,0,0,0,0,0,0,1,0,0,0,0,0,0,0,0,0,0,0,0
2016,서울특별시 영등포구9,서울특별시 영등포구 신길동(신길광장공원앞_도림로_진출 부근),2016-03-09 22:00:00,1,0,25.0,4,1,56.0,1,0,0,1,0,0,0,0,0,0,1,0,0,0,0,0,0,0,0,0,0,0,0,0,0,0,0,0,1,0,0,0,0,0,0,0,0,0,0,0,0,0,0,1,0,0,0,0,0,0,0,0,0,0,0,0,0,0,1,0,0,0,0,0,0,0,0
2016,서울특별시 영등포구9,서울특별시 영등포구 신길동(신길광장공원앞_도림로_진출 부근),2016-07-26 19:00:00,1,1,50.0,4,1,40.0,1,0,0,1,0,0,0,0,0,0,0,1,0,0,0,0,0,0,0,0,0,0,0,0,0,0,0,0,1,0,0,0,0,0,0,0,0,0,0,0,0,1,0,0,0,0,0,0,0,0,0,0,0,0,0,0,0,0,1,0,0,0,0,0,0,0,0
2016,서울특별시 영등포구9,서울특별시 영등포구 신길동(신길광장공원앞_도림로_진출 부근),2016-08-19 22:00:00,0,0,49.0,0,0,38.0,0,0,0,2,0,0,0,0,0,0,0,0,0,0,1,0,0,0,0,0,0,0,0,1,0,0,0,0,0,0,0,0,0,0,0,0,0,0,0,1,0,0,0,0,0,0,0,0,0,0,0,0,0,0,0,0,0,0,1,0,0,0,0,0,0,0,0
2016,서울특별시 영등포구9,서울특별시 영등포구 신길동(신길광장공원앞_도림로_진출 부근),2016-10-07 15:00:00,0,0,53.0,0,0,42.0,4,0,0,1,0,0,0,0,0,0,0,0,0,0,1,0,0,0,0,0,0,0,0,1,0,0,0,0,0,0,0,0,0,0,0,0,0,0,0,0,0,0,0,1,0,0,0,0,0,0,0,0,0,0,0,0,0,0,1,0,0,0,0,0,0,0,0
2016,서울특별시 영등포구9,서울특별시 영등포구 신길동(신길광장공원앞_도림로_진출 부근),2016-11-30 07:00:00,2,0,58.0,2,1,44.0,4,0,0,1,0,0,0,0,0,0,0,0,0,0,1,0,0,0,0,0,0,0,0,1,0,0,0,0,0,0,0,0,0,0,0,0,0,0,0,0,0,1,0,0,0,0,0,0,0,0,0,0,0,0,0,0,0,0,1,0,0,0,0,0,0,0,0
2016,서울특별시 영등포구9,서울특별시 영등포구 신길동(신길광장공원앞_도림로_진출 부근),2016-05-11 09:00:00,2,0,63.0,2,1,66.0,4,0,0,1,0,0,0,0,0,0,0,0,0,0,1,0,0,0,0,0,0,0,0,1,0,0,0,0,0,0,0,0,0,0,0,0,0,0,0,0,0,0,0,0,0,1,0,0,0,0,0,0,0,0,0,0,0,0,1,0,0,0,0,0,0,0,0
2016,서울특별시 영등포구13,서울특별시 영등포구 신길동(대진목재 부근),2016-02-25 02:00:00,0,1,60.0,4,0,63.0,0,0,0,1,0,0,0,0,0,0,1,0,0,0,0,0,0,0,0,0,0,0,0,0,0,0,0,0,1,0,0,0,0,0,1,0,0,0,0,0,0,0,0,0,0,0,0,0,0,0,0,0,0,0,0,0,0,0,1,0,0,0,0,0,0,0,0
2016,서울특별시 영등포구13,서울특별시 영등포구 신길동(대진목재 부근),2016-07-26 09:00:00,0,1,68.0,4,0,14.0,0,0,0,1,0,0,0,0,0,0,1,0,0,0,0,0,0,0,0,0,0,0,0,0,0,0,0,0,1,0,0,0,0,0,0,0,0,0,0,1,0,0,0,0,0,0,0,0,0,0,0,0,0,0,0,0,0,0,1,0,0,0,0,0,0,0,0
2016,서울특별시 영등포구13,서울특별시 영등포구 신길동(대진목재 부근),2016-09-15 16:00:00,0,1,18.0,0,1,65.0,4,0,0,1,0,0,0,0,0,0,0,0,0,0,1,0,0,0,0,0,0,0,0,1,0,0,0,0,0,0,0,0,0,0,0,0,0,0,0,0,0,0,0,1,0,0,0,0,0,0,0,0,0,0,0,0,0,1,0,0,0,0,0,0,0,0,0
2016,서울특별시 영등포구13,서울특별시 영등포구 신길동(대진목재 부근),2016-06-24 18:00:00,0,0,46.0,0,0,60.0,4,0,0,1,0,0,0,0,0,0,0,0,0,0,1,0,0,0,0,0,0,0,0,1,0,0,0,0,0,0,0,0,0,0,1,0,0,0,0,0,0,0,0,0,0,0,0,0,0,0,0,0,0,0,0,0,0,0,1,0,0,0,0,0,0,0,0
2016,서울특별시 영등포구13,서울특별시 영등포구 신길동(대진목재 부근),2016-09-02 13:00:00,0,1,46.0,4,0,4.0,0,0,0,1,0,0,0,0,0,0,0,0,0,0,0,0,1,0,0,0,0,0,0,0,0,0,0,0,1,0,0,0,0,0,0,0,0,0,0,0,0,0,0,1,0,0,0,0,0,0,0,0,0,0,0,0,0,0,1,0,0,0,0,0,0,0,0
2016,서울특별시 영등포구5,서울특별시 영등포구 대림동(대림우성아파트사거리_도림로_진 부근),2016-04-22 21:00:00,1,1,42.0,4,0,38.0,1,0,0,1,0,0,0,0,0,0,1,0,0,0,0,0,0,0,0,0,0,0,0,0,0,0,0,0,1,0,0,0,0,0,1,0,0,0,0,0,0,0,0,0,0,0,0,0,0,0,0,0,0,0,0,0,0,0,1,0,0,0,0,0,0,0,0
2016,서울특별시 영등포구5,서울특별시 영등포구 대림동(대림우성아파트사거리_도림로_진 부근),2016-11-01 21:00:00,1,1,49.0,4,0,53.0,1,0,0,1,0,0,0,0,0,0,1,0,0,0,0,0,0,0,0,0,0,0,0,0,0,0,0,0,1,0,0,0,0,0,0,0,0,0,0,0,0,0,0,1,0,0,0,0,0,0,0,0,0,0,0,0,0,0,1,0,0,0,0,0,0,0,0
2016,서울특별시 영등포구5,서울특별시 영등포구 대림동(대림우성아파트사거리_도림로_진 부근),2016-09-09 21:00:00,1,0,27.0,4,1,24.0,1,0,0,1,0,0,0,0,0,0,1,0,0,0,0,0,0,0,0,0,0,0,0,0,0,0,0,0,1,0,0,0,0,0,0,0,0,0,0,0,0,0,0,1,0,0,0,0,0,0,0,0,0,1,0,0,0,0,0,0,0,0,0,0,0,0,0
2016,서울특별시 영등포구5,서울특별시 영등포구 대림동(대림우성아파트사거리_도림로_진 부근),2016-04-15 00:00:00,2,2,47.74785772029103,5,0,58.0,2,0,0,1,0,0,0,0,0,0,0,0,1,0,0,0,0,0,0,0,0,0,0,0,0,0,0,0,1,0,0,0,0,0,0,0,0,0,0,0,0,0,0,1,0,0,0,0,0,0,0,0,0,0,0,0,0,0,1,0,0,0,0,0,0,0,0
2016,서울특별시 영등포구5,서울특별시 영등포구 대림동(대림우성아파트사거리_도림로_진 부근),2016-09-05 15:00:00,1,1,13.0,1,0,37.0,4,0,0,1,0,0,0,0,0,0,0,0,0,0,1,0,0,0,0,0,0,0,0,1,0,0,0,0,0,0,0,0,0,0,0,0,0,0,0,0,0,0,0,0,0,1,0,0,0,0,0,0,0,0,1,0,0,0,0,0,0,0,0,0,0,0,0
2016,서울특별시 영등포구5,서울특별시 영등포구 대림동(대림우성아파트사거리_도림로_진 부근),2016-09-22 11:00:00,1,1,66.0,1,1,34.0,4,0,0,1,0,0,0,0,0,0,0,0,0,0,1,0,0,0,0,0,0,0,0,0,0,0,0,0,0,0,1,0,0,0,0,0,0,0,0,0,0,0,0,0,0,1,0,0,0,0,0,0,0,0,0,0,0,0,1,0,0,0,0,0,0,0,0
2016,서울특별시 영등포구5,서울특별시 영등포구 대림동(대림우성아파트사거리_도림로_진 부근),2016-12-29 14:00:00,1,1,81.0,1,1,50.0,4,0,0,1,0,0,0,0,0,0,0,0,0,0,1,0,0,0,0,0,0,0,0,0,0,0,0,0,0,0,1,0,0,0,0,0,0,0,0,0,0,0,0,1,0,0,0,0,0,0,0,0,0,0,0,0,0,0,1,0,0,0,0,0,0,0,0