사고년도,다발시군구,지점명,사고일시,사고등급,가해자성별,가해자연령,가해자신체상해정도,피해자성별,피해자연령,피해자신체상해정도,기상상태,사망자수,부상자수,가해차종_개인형이동수단(PM),가해차종_건설기계,가해차종_기타,가해차종_농기계,가해차종_불명,가해차종_사륜오토바이(ATV),가해차종_승용차,가해차종_승합차,가해차종_원동기장치자전거,가해차종_이륜차,가해차종_자전거,가해차종_특수차,가해차종_화물차,피해차종_개인형이동수단(PM),피해차종_건설기계,피해차종_기타,피해차종_보행자,피해차종_불명,피해차종_사륜오토바이(ATV),피해차종_승용차,피해차종_승합차,피해차종_없음,피해차종_원동기장치자전거,피해차종_이륜차,피해차종_자전거,피해차종_특수차,피해차종_화물차,가해자법규위반_과속,가해자법규위반_교차로 통행방법 위반,가해자법규위반_교차로운행방법위반,가해자법규위반_기타,가해자법규위반_미분류,가해자법규위반_보행자 보호의무 위반,가해자법규위반_보행자보호의무위반,가해자법규위반_불법유턴,가해자법규위반_신호위반,가해자법규위반_안전거리 미확보,가해자법규위반_안전거리미확보,가해자법규위반_안전운전 의무 불이행,가해자법규위반_안전운전불이행,가해자법규위반_중앙선 침범,가해자법규위반_중앙선침범,가해자법규위반_직진우회전진행방해,가해자법규위반_차로위반,사고유형_차대사람 - 기타,사고유형_차대사람 - 길가장자리구역통행중,사고유형_차대사람 - 보도통행중,사고유형_차대사람 - 차도통행중,사고유형_차대사람 - 횡단중,사고유형_차대차 - 기타,사고유형_차대차 - 정면충돌,사고유형_차대차 - 추돌,사고유형_차대차 - 추돌 - 주정차중,사고유형_차대차 - 추돌 - 진행중,사고유형_차대차 - 측면직각충돌,사고유형_차대차 - 측면충돌,사고유형_차대차 - 후진중충돌,사고유형_차량단독 - 공작물충돌,사고유형_차량단독 - 기타,사고유형_차량단독 - 도로외이탈 - 추락,사고유형_차량단독 - 전도,사고유형_차량단독 - 전도전복,사고유형_차량단독 - 전도전복 - 전도
2016,대구광역시 서구4,대구광역시 서구 내당동(삼원수산 부근),2016-09-20 17:00:00,2,1,71.0,2,1,60.0,4,0,0,1,0,0,0,0,0,0,0,0,0,0,1,0,0,0,0,0,0,0,0,1,0,0,0,0,0,0,0,0,0,0,0,0,0,0,0,0,0,0,0,0,0,1,0,0,0,0,0,0,0,1,0,0,0,0,0,0,0,0,0,0,0,0,0
2016,대구광역시 서구1,대구광역시 서구 비산동(원대네거리2 부근),2016-08-16 20:00:00,1,1,56.0,4,0,62.0,1,0,0,1,0,0,0,0,0,0,1,0,0,0,0,0,0,0,0,0,0,0,0,0,0,0,0,0,1,0,0,0,0,1,0,0,0,0,0,0,0,0,0,0,0,0,0,0,0,0,0,0,0,0,0,0,0,0,1,0,0,0,0,0,0,0,0
2016,대구광역시 서구1,대구광역시 서구 비산동(원대네거리2 부근),2016-12-19 01:00:00,1,1,62.0,4,0,69.0,1,0,0,1,0,0,0,0,0,0,1,0,0,0,0,0,0,0,0,0,0,0,0,0,0,0,0,0,1,0,0,0,0,0,0,0,0,0,0,0,0,0,0,1,0,0,0,0,0,0,0,0,0,1,0,0,0,0,0,0,0,0,0,0,0,0,0
2016,대구광역시 서구1,대구광역시 서구 비산동(원대네거리2 부근),2016-09-12 14:00:00,0,1,70.0,4,1,71.0,0,0,0,1,0,0,0,0,0,0,1,0,0,0,0,0,0,0,0,0,0,0,0,0,0,0,0,0,1,0,0,0,0,0,0,0,0,0,0,0,0,0,0,1,0,0,0,0,0,0,0,0,0,0,0,0,0,0,1,0,0,0,0,0,0,0,0
2016,대구광역시 서구1,대구광역시 서구 비산동(원대네거리2 부근),2016-03-21 15:00:00,1,0,49.0,4,1,76.0,1,0,0,1,0,0,0,0,0,0,1,0,0,0,0,0,0,0,0,0,0,0,0,0,0,0,0,0,1,0,0,0,0,0,0,0,0,0,0,0,0,0,0,1,0,0,0,0,0,0,0,0,0,0,0,0,0,0,1,0,0,0,0,0,0,0,0
2016,대구광역시 서구1,대구광역시 서구 비산동(원대네거리2 부근),2016-02-15 08:00:00,2,1,27.0,2,1,57.0,4,0,0,1,0,0,0,0,0,0,0,0,0,0,1,0,0,0,0,0,0,0,0,1,0,0,0,0,0,0,0,0,0,0,0,0,0,0,0,0,0,0,0,1,0,0,0,0,0,0,0,0,0,0,0,0,0,0,1,0,0,0,0,0,0,0,0
2016,대구광역시 서구1,대구광역시 서구 비산동(원대네거리2 부근),2016-05-30 13:00:00,1,1,85.0,1,0,47.0,4,0,0,1,0,0,0,0,0,0,0,0,0,0,1,0,0,0,0,0,0,0,0,1,0,0,0,0,0,0,0,0,0,0,0,0,0,0,1,0,0,0,0,0,0,0,0,0,0,0,0,0,0,0,0,0,0,0,1,0,0,0,0,0,0,0,0
2016,대구광역시 서구2,대구광역시 서구 비산동(탑성인텍 부근),2016-09-19 07:00:00,1,1,53.0,4,1,57.0,1,0,0,1,0,0,0,0,0,0,1,0,0,0,0,0,0,0,0,0,0,0,0,0,0,0,0,0,1,0,0,0,0,1,0,0,0,0,0,0,0,0,0,0,0,0,0,0,0,0,0,0,0,0,0,0,0,0,1,0,0,0,0,0,0,0,0
2016,대구광역시 서구2,대구광역시 서구 비산동(탑성인텍 부근),2016-07-19 13:00:00,0,1,59.0,4,1,68.0,0,0,0,1,0,0,0,0,0,0,1,0,0,0,0,0,0,0,0,0,0,0,0,0,0,0,0,0,1,0,0,0,0,0,0,0,0,0,0,1,0,0,0,0,0,0,0,0,0,0,0,0,0,0,0,0,0,0,1,0,0,0,0,0,0,0,0
2016,대구광역시 서구2,대구광역시 서구 비산동(탑성인텍 부근),2016-04-21 18:00:00,0,0,35.0,4,0,60.0,0,0,0,1,0,0,0,0,0,0,1,0,0,0,0,0,0,0,0,0,0,0,0,0,0,0,0,0,1,0,0,0,0,0,0,0,0,0,0,0,0,0,0,1,0,0,0,0,0,0,0,0,0,0,0,0,0,0,1,0,0,0,0,0,0,0,0
2016,대구광역시 서구2,대구광역시 서구 비산동(탑성인텍 부근),2016-02-19 07:00:00,2,1,48.0,2,1,64.0,4,0,0,1,0,0,0,0,0,0,0,0,0,0,1,0,0,0,0,0,0,0,0,1,0,0,0,0,0,0,0,0,0,0,0,0,0,0,0,0,0,0,0,1,0,0,0,0,0,0,0,0,0,0,0,0,0,0,1,0,0,0,0,0,0,0,0
2016,대구광역시 서구2,대구광역시 서구 비산동(탑성인텍 부근),2016-09-09 09:00:00,0,1,64.0,0,1,23.0,4,0,0,1,0,0,0,0,0,0,0,0,0,0,1,0,0,0,0,0,0,0,0,1,0,0,0,0,0,0,0,0,0,0,0,0,0,0,0,0,0,0,0,0,0,1,0,0,0,0,0,0,0,0,0,0,0,0,1,0,0,0,0,0,0,0,0
2016,대구광역시 서구2,대구광역시 서구 비산동(탑성인텍 부근),2016-05-12 13:00:00,0,0,67.0,0,1,67.0,4,0,0,1,0,0,0,0,0,0,0,0,0,0,1,0,0,0,0,0,0,0,0,1,0,0,0,0,0,0,0,0,0,0,0,0,0,0,0,0,0,0,0,1,0,0,0,0,0,0,0,0,0,1,0,0,0,0,0,0,0,0,0,0,0,0,0
2016,대구광역시 서구3,대구광역시 서구 비산동(신동아반점 부근),2016-07-29 23:00:00,2,2,47.74785772029103,5,1,55.0,2,0,0,1,0,0,0,0,0,0,1,0,0,0,0,0,0,0,0,0,0,0,0,0,0,0,0,0,1,0,0,0,0,0,0,0,0,0,0,0,0,0,0,1,0,0,0,0,0,0,0,0,0,1,0,0,0,0,0,0,0,0,0,0,0,0,0
2016,대구광역시 서구3,대구광역시 서구 비산동(신동아반점 부근),2016-11-14 12:00:00,0,1,64.0,4,1,23.0,0,0,0,1,0,0,0,0,0,0,1,0,0,0,0,0,0,0,0,0,0,0,0,0,0,0,0,0,1,0,0,0,0,0,0,0,0,0,0,0,0,0,0,1,0,0,0,0,0,0,0,0,0,0,0,0,0,0,1,0,0,0,0,0,0,0,0
2016,대구광역시 서구3,대구광역시 서구 비산동(신동아반점 부근),2016-01-28 07:00:00,2,1,43.0,2,1,36.0,4,0,0,1,0,0,0,0,0,0,0,0,0,0,1,0,0,0,0,0,0,0,0,1,0,0,0,0,0,0,0,0,0,0,0,0,0,0,0,0,0,0,0,0,0,1,0,0,0,0,0,0,0,0,0,0,0,0,1,0,0,0,0,0,0,0,0
2016,대구광역시 서구3,대구광역시 서구 비산동(신동아반점 부근),2016-01-11 03:00:00,0,1,53.0,0,1,56.0,4,0,0,1,0,0,0,0,0,0,0,0,0,0,1,0,0,0,0,0,0,0,0,0,0,0,0,1,0,0,0,0,0,0,0,0,0,0,0,0,0,0,0,1,0,0,0,0,0,0,0,0,0,0,0,0,0,0,1,0,0,0,0,0,0,0,0
2016,대구광역시 서구3,대구광역시 서구 비산동(신동아반점 부근),2016-08-11 14:00:00,0,0,58.0,0,1,69.0,4,0,0,1,0,0,0,0,0,0,0,0,0,0,1,0,0,0,0,0,0,0,0,1,0,0,0,0,0,0,0,0,0,0,0,0,0,0,0,0,0,0,0,1,0,0,0,0,0,0,0,0,0,0,1,0,0,0,0,0,0,0,0,0,0,0,0
2016,대구광역시 서구3,대구광역시 서구 비산동(신동아반점 부근),2016-03-22 14:00:00,1,1,55.0,4,1,58.0,1,0,0,1,0,0,0,0,0,0,0,0,0,0,0,0,1,0,0,0,0,0,0,0,0,0,0,0,1,0,0,0,0,0,0,0,0,0,0,0,0,0,0,1,0,0,0,0,0,0,0,0,0,1,0,0,0,0,0,0,0,0,0,0,0,0,0
2016,대구광역시 서구5,대구광역시 서구 비산동(맘모스치킨호프 부근),2016-10-03 21:00:00,1,1,31.0,4,1,55.0,1,1,0,1,0,0,0,0,0,0,1,0,0,0,0,0,0,0,0,0,0,0,0,0,0,0,0,0,1,0,0,0,0,0,0,0,0,0,0,0,0,0,0,0,0,0,1,0,0,0,0,0,0,0,0,0,0,0,1,0,0,0,0,0,0,0,0
2016,대구광역시 서구5,대구광역시 서구 비산동(맘모스치킨호프 부근),2016-06-21 09:00:00,1,1,65.0,4,0,60.0,1,0,0,1,0,0,0,0,0,0,1,0,0,0,0,0,0,0,0,0,0,0,0,0,0,0,0,0,1,0,0,0,0,0,1,0,0,0,0,0,0,0,0,0,0,0,0,0,0,0,0,0,0,0,0,0,0,0,1,0,0,0,0,0,0,0,0
2016,대구광역시 서구5,대구광역시 서구 비산동(맘모스치킨호프 부근),2016-09-20 14:00:00,0,0,43.0,4,0,71.0,0,0,0,1,0,0,0,0,0,0,1,0,0,0,0,0,0,0,0,0,0,0,0,0,0,0,0,0,1,0,0,0,0,0,0,0,0,0,0,0,0,1,0,0,0,0,0,0,0,0,0,0,0,1,0,0,0,0,0,0,0,0,0,0,0,0,0
2016,대구광역시 서구5,대구광역시 서구 비산동(맘모스치킨호프 부근),2016-08-26 14:00:00,1,0,62.0,4,0,62.0,1,1,0,1,0,0,0,0,0,0,1,0,0,0,0,0,0,0,0,0,0,0,0,0,0,0,0,0,1,0,0,0,0,0,0,0,0,0,0,0,0,0,0,1,0,0,0,0,0,0,0,0,0,0,0,0,0,0,1,0,0,0,0,0,0,0,0
2016,대구광역시 서구5,대구광역시 서구 비산동(맘모스치킨호프 부근),2016-04-22 07:00:00,1,1,70.0,5,0,56.0,1,0,0,1,0,0,0,0,0,0,0,0,1,0,0,0,0,0,0,0,0,0,0,0,0,0,0,0,1,0,0,0,0,1,0,0,0,0,0,0,0,0,0,0,0,0,0,0,0,0,0,0,0,1,0,0,0,0,0,0,0,0,0,0,0,0,0
2016,대구광역시 서구6,대구광역시 서구 비산동(북비산네거리 부근),2016-07-07 14:00:00,1,1,73.0,4,1,53.0,1,0,0,1,0,0,0,0,0,0,1,0,0,0,0,0,0,0,0,0,0,0,0,0,0,0,0,0,1,0,0,0,0,1,0,0,0,0,0,0,0,0,0,0,0,0,0,0,0,0,0,0,0,0,0,0,0,0,1,0,0,0,0,0,0,0,0
2016,대구광역시 서구6,대구광역시 서구 비산동(북비산네거리 부근),2016-08-12 21:00:00,1,1,16.0,1,1,63.0,4,0,0,1,0,0,0,0,0,0,0,0,0,0,1,0,0,0,0,0,0,0,0,1,0,0,0,0,0,0,0,0,0,0,0,0,0,0,1,0,0,0,0,0,0,0,0,0,0,0,0,0,0,0,0,0,0,0,1,0,0,0,0,0,0,0,0
2016,대구광역시 서구6,대구광역시 서구 비산동(북비산네거리 부근),2016-07-28 02:00:00,0,1,47.0,4,0,42.0,0,0,0,1,0,0,0,0,0,0,0,0,0,0,1,0,0,0,0,0,1,0,0,0,0,0,0,0,0,0,0,0,0,0,0,0,0,0,0,0,0,0,0,1,0,0,0,0,1,0,0,0,0,0,0,0,0,0,0,0,0,0,0,0,0,0,0
2016,대구광역시 서구6,대구광역시 서구 비산동(북비산네거리 부근),2016-02-15 21:00:00,0,1,60.0,0,1,58.0,4,0,0,1,0,0,0,0,0,0,0,0,0,0,1,0,0,0,0,0,0,0,0,0,0,0,0,0,0,0,1,0,0,0,0,0,0,0,1,0,0,0,0,0,0,0,0,0,0,0,0,0,0,0,0,0,0,0,1,0,0,0,0,0,0,0,0
2016,대구광역시 서구6,대구광역시 서구 비산동(북비산네거리 부근),2016-08-20 13:00:00,0,1,77.0,0,1,60.0,4,0,0,1,0,0,0,0,0,0,0,0,0,0,1,0,0,0,0,0,0,0,0,1,0,0,0,0,0,0,0,0,0,0,0,0,0,0,0,0,0,0,0,1,0,0,0,0,0,0,0,0,0,0,0,0,0,0,1,0,0,0,0,0,0,0,0
2016,대구광역시 서구8,대구광역시 서구 비산동(비산네거리 부근),2016-12-01 18:00:00,1,1,32.0,4,1,67.0,1,0,0,1,0,0,0,0,0,0,0,0,1,0,0,0,0,0,0,0,0,0,0,0,0,0,0,0,1,0,0,0,0,0,0,0,0,0,0,0,0,0,0,1,0,0,0,0,0,0,0,0,0,0,1,0,0,0,0,0,0,0,0,0,0,0,0
2016,대구광역시 서구8,대구광역시 서구 비산동(비산네거리 부근),2016-11-04 14:00:00,0,1,19.0,0,1,60.0,4,0,0,1,0,0,0,0,0,0,0,0,0,0,1,0,0,0,0,0,0,0,0,1,0,0,0,0,0,0,0,0,0,0,0,0,0,0,0,0,0,0,0,1,0,0,0,0,0,0,0,0,0,0,0,0,0,0,1,0,0,0,0,0,0,0,0
2016,대구광역시 서구8,대구광역시 서구 비산동(비산네거리 부근),2016-11-22 16:00:00,2,1,70.0,2,1,19.0,4,0,0,1,0,0,0,0,0,0,0,0,0,0,1,0,0,0,0,0,0,0,0,0,0,0,0,1,0,0,0,0,0,0,0,0,0,0,1,0,0,0,0,0,0,0,0,0,0,0,0,0,0,0,0,0,0,0,1,0,0,0,0,0,0,0,0
2016,대구광역시 서구8,대구광역시 서구 비산동(비산네거리 부근),2016-10-17 11:00:00,0,0,25.0,0,0,49.0,4,0,0,1,0,0,0,0,0,0,0,0,0,0,1,0,0,0,0,0,0,0,0,0,0,0,0,0,0,0,1,0,0,0,0,0,0,0,0,0,0,0,0,1,0,0,0,0,0,0,0,0,0,0,0,0,0,0,1,0,0,0,0,0,0,0,0
2016,대구광역시 서구9,대구광역시 서구 비산동(신일밧데리 부근),2016-08-31 17:00:00,2,1,64.0,2,0,45.0,4,0,0,1,0,0,0,0,0,0,0,0,0,0,1,0,0,0,0,0,0,0,0,1,0,0,0,0,0,0,0,0,0,0,0,0,0,0,0,0,0,0,0,1,0,0,0,0,0,0,0,0,0,0,0,0,0,0,1,0,0,0,0,0,0,0,0
2016,대구광역시 서구9,대구광역시 서구 비산동(신일밧데리 부근),2016-06-16 19:00:00,2,1,71.0,2,1,44.0,4,0,0,1,0,0,0,0,0,0,0,0,0,0,1,0,0,0,0,0,0,0,0,1,0,0,0,0,0,0,0,0,0,0,0,0,0,0,0,0,0,0,0,1,0,0,0,0,0,0,0,0,0,0,0,0,0,0,1,0,0,0,0,0,0,0,0
2016,대구광역시 서구9,대구광역시 서구 비산동(신일밧데리 부근),2016-12-31 13:00:00,0,1,74.0,0,1,43.0,4,0,0,1,0,0,0,0,0,0,0,0,0,0,1,0,0,0,0,0,0,0,0,1,0,0,0,0,0,0,0,0,0,0,0,0,0,0,0,0,0,0,0,0,0,1,0,0,0,0,0,0,0,0,0,0,0,0,1,0,0,0,0,0,0,0,0
2016,대구광역시 서구9,대구광역시 서구 비산동(신일밧데리 부근),2016-06-25 16:00:00,2,0,54.0,2,1,60.0,4,0,0,1,0,0,0,0,0,0,0,0,0,0,1,0,0,0,0,0,0,0,0,1,0,0,0,0,0,0,0,0,0,0,0,0,0,0,0,0,0,0,0,1,0,0,0,0,0,0,0,0,0,0,0,0,0,0,1,0,0,0,0,0,0,0,0
2016,대구광역시 서구7,대구광역시 서구 평리동(삼원조명전기 부근),2016-05-22 12:00:00,0,1,42.0,4,1,14.0,0,0,0,1,0,0,0,0,0,0,1,0,0,0,0,0,0,0,0,0,0,0,0,0,0,0,0,0,1,0,0,0,0,1,0,0,0,0,0,0,0,0,0,0,0,0,0,0,0,0,0,0,0,0,1,0,0,0,0,0,0,0,0,0,0,0,0
2016,대구광역시 서구7,대구광역시 서구 평리동(삼원조명전기 부근),2016-08-05 07:00:00,1,1,60.0,4,0,58.0,1,0,0,1,0,0,0,0,0,0,1,0,0,0,0,0,0,0,0,0,0,0,0,0,0,0,0,0,1,0,0,0,0,1,0,0,0,0,0,0,0,0,0,0,0,0,0,0,0,0,0,0,0,0,0,0,0,0,1,0,0,0,0,0,0,0,0
2016,대구광역시 서구7,대구광역시 서구 평리동(삼원조명전기 부근),2016-01-09 15:00:00,0,1,62.0,4,1,62.0,0,0,0,1,0,0,0,0,0,0,1,0,0,0,0,0,0,0,0,0,0,0,0,0,0,0,0,0,1,0,0,0,0,1,0,0,0,0,0,0,0,0,0,0,0,0,0,0,0,0,0,0,0,0,0,0,0,0,1,0,0,0,0,0,0,0,0
2016,대구광역시 서구7,대구광역시 서구 평리동(삼원조명전기 부근),2016-06-17 16:00:00,2,1,16.0,2,1,57.0,4,0,0,1,0,0,0,0,0,0,0,0,0,0,1,0,0,0,0,0,0,0,0,1,0,0,0,0,0,0,0,0,0,0,0,0,0,0,0,0,0,0,0,1,0,0,0,0,0,0,0,0,0,0,0,0,0,0,1,0,0,0,0,0,0,0,0
2016,대구광역시 서구7,대구광역시 서구 평리동(삼원조명전기 부근),2016-02-07 17:00:00,0,1,60.0,0,1,32.0,4,0,0,1,0,0,0,0,0,0,0,0,0,0,1,0,0,0,0,0,0,0,0,1,0,0,0,0,0,0,0,0,0,0,0,0,0,0,0,0,0,0,0,1,0,0,0,0,0,0,0,0,0,0,0,0,0,0,1,0,0,0,0,0,0,0,0
2016,대구광역시 남구3,대구광역시 남구 이천동(경북보일러 부근),2016-03-30 05:00:00,1,1,59.0,1,1,40.0,4,0,0,1,0,0,0,0,0,0,0,0,0,0,1,0,0,0,0,0,0,0,0,0,0,0,0,0,0,0,1,0,0,0,0,0,0,0,1,0,0,0,0,0,0,0,0,0,0,0,0,0,0,1,0,0,0,0,0,0,0,0,0,0,0,0,0
2016,대구광역시 남구3,대구광역시 남구 이천동(경북보일러 부근),2016-04-18 11:00:00,0,1,71.0,0,1,39.0,4,0,0,1,0,0,0,0,0,0,0,0,0,0,1,0,0,0,0,0,0,0,0,1,0,0,0,0,0,0,0,0,0,0,0,0,0,0,0,0,0,0,0,1,0,0,0,0,0,0,0,0,0,1,0,0,0,0,0,0,0,0,0,0,0,0,0
2016,대구광역시 남구3,대구광역시 남구 이천동(경북보일러 부근),2016-04-08 19:00:00,0,0,22.0,0,1,64.0,4,0,0,1,0,0,0,0,0,0,0,0,0,0,1,0,0,0,0,0,0,0,0,1,0,0,0,0,0,0,0,0,0,0,0,0,0,0,1,0,0,0,0,0,0,0,0,0,0,0,0,0,0,1,0,0,0,0,0,0,0,0,0,0,0,0,0
2016,대구광역시 남구3,대구광역시 남구 이천동(경북보일러 부근),2016-09-25 14:00:00,0,0,54.0,0,1,75.0,5,0,0,1,0,0,0,0,0,0,0,0,0,0,1,0,0,0,0,0,0,0,0,0,0,0,0,0,1,0,0,0,0,0,0,0,0,0,0,0,0,0,0,1,0,0,0,0,0,0,0,0,0,1,0,0,0,0,0,0,0,0,0,0,0,0,0
2016,대구광역시 남구1,대구광역시 남구 봉덕동(영대네거리 부근),2016-04-15 11:00:00,1,1,50.0,4,0,67.0,1,0,0,1,0,0,0,0,0,0,1,0,0,0,0,0,0,0,0,0,0,0,0,0,0,0,0,0,1,0,0,0,0,0,0,0,0,0,0,0,0,0,0,1,0,0,0,0,0,0,0,0,0,1,0,0,0,0,0,0,0,0,0,0,0,0,0
2016,대구광역시 남구1,대구광역시 남구 봉덕동(영대네거리 부근),2016-11-19 17:00:00,1,0,35.0,4,0,25.0,1,0,0,1,0,0,0,0,0,0,1,0,0,0,0,0,0,0,0,0,0,0,0,0,0,0,0,0,1,0,0,0,0,0,0,0,0,0,0,0,0,0,0,1,0,0,0,0,0,0,0,0,0,0,0,0,0,1,0,0,0,0,0,0,0,0,0
2016,대구광역시 남구1,대구광역시 남구 봉덕동(영대네거리 부근),2016-11-07 03:00:00,2,1,24.0,2,1,55.0,4,0,0,1,0,0,0,0,0,0,0,0,0,0,1,0,0,0,0,0,0,0,0,1,0,0,0,0,0,0,0,0,0,0,0,0,0,0,0,1,0,0,0,0,0,0,0,0,0,0,0,0,0,0,0,0,0,0,1,0,0,0,0,0,0,0,0
2016,대구광역시 남구1,대구광역시 남구 봉덕동(영대네거리 부근),2016-11-24 10:00:00,0,1,72.0,0,1,45.0,4,0,0,1,0,0,0,0,0,0,0,0,0,0,1,0,0,0,0,0,0,0,0,1,0,0,0,0,0,0,0,0,0,0,0,0,0,0,0,0,0,0,0,1,0,0,0,0,0,0,0,0,0,1,0,0,0,0,0,0,0,0,0,0,0,0,0
2016,대구광역시 남구1,대구광역시 남구 봉덕동(영대네거리 부근),2016-10-10 19:00:00,2,1,73.0,2,1,44.0,4,0,0,1,0,0,0,0,0,0,0,0,0,0,1,0,0,0,0,0,0,0,0,1,0,0,0,0,0,0,0,0,0,0,0,0,0,0,0,1,0,0,0,0,0,0,0,0,0,0,0,0,0,0,0,0,0,0,1,0,0,0,0,0,0,0,0
2016,대구광역시 남구1,대구광역시 남구 봉덕동(영대네거리 부근),2016-06-30 12:00:00,0,0,57.0,0,0,43.0,4,0,0,1,0,0,0,0,0,0,0,0,0,0,1,0,0,0,0,0,0,0,0,1,0,0,0,0,0,0,0,0,0,0,0,0,0,0,0,0,0,0,0,1,0,0,0,0,0,0,0,0,0,1,0,0,0,0,0,0,0,0,0,0,0,0,0
2016,대구광역시 남구2,대구광역시 남구 대명동(+갓바위 산골 순두부보쌈 부근),2016-04-02 22:00:00,2,1,17.0,2,0,47.0,4,0,0,1,0,0,0,0,0,0,0,0,0,0,1,0,0,0,0,0,0,0,0,1,0,0,0,0,0,0,0,0,0,0,0,0,0,0,0,1,0,0,0,0,0,0,0,0,0,0,0,0,0,0,0,0,0,0,1,0,0,0,0,0,0,0,0
2016,대구광역시 남구2,대구광역시 남구 대명동(+갓바위 산골 순두부보쌈 부근),2016-02-20 02:00:00,1,1,63.0,1,1,65.0,4,0,0,1,0,0,0,0,0,0,0,0,0,0,1,0,0,0,0,0,0,0,0,1,0,0,0,0,0,0,0,0,0,0,0,0,0,0,0,0,0,0,0,1,0,0,0,0,0,0,0,0,0,0,0,0,0,0,1,0,0,0,0,0,0,0,0
2016,대구광역시 남구2,대구광역시 남구 대명동(+갓바위 산골 순두부보쌈 부근),2016-01-20 19:00:00,2,0,66.0,2,1,58.0,4,0,0,1,0,0,0,0,0,0,0,0,0,0,1,0,0,0,0,0,0,0,0,1,0,0,0,0,0,0,0,0,0,0,0,0,0,0,0,0,0,0,0,1,0,0,0,0,0,0,0,0,0,0,1,0,0,0,0,0,0,0,0,0,0,0,0
2016,대구광역시 남구2,대구광역시 남구 대명동(+갓바위 산골 순두부보쌈 부근),2016-03-22 06:00:00,1,1,42.0,4,1,63.0,1,0,0,1,0,0,0,0,0,0,0,0,0,0,0,0,1,0,0,0,0,0,0,0,0,0,0,0,1,0,0,0,0,0,0,0,0,0,0,0,0,0,0,1,0,0,0,0,0,0,0,0,0,0,0,0,0,0,1,0,0,0,0,0,0,0,0
2016,대구광역시 북구5,대구광역시 북구 칠성동1가(금강장어 부근),2016-04-29 05:00:00,0,2,47.74785772029103,5,0,59.0,0,0,0,1,0,0,0,0,1,0,0,0,0,0,0,0,0,0,0,0,0,0,0,0,0,0,0,0,1,0,0,0,0,0,1,0,0,0,0,0,0,0,0,0,0,0,0,0,0,0,0,0,0,1,0,0,0,0,0,0,0,0,0,0,0,0,0
2016,대구광역시 북구5,대구광역시 북구 칠성동1가(금강장어 부근),2016-12-22 22:00:00,1,1,62.0,4,1,51.0,1,0,0,1,0,0,0,0,0,0,1,0,0,0,0,0,0,0,0,0,0,0,0,0,0,0,0,0,1,0,0,0,0,0,0,0,0,0,0,0,0,0,0,1,0,0,0,0,0,0,0,0,0,0,0,0,0,0,1,0,0,0,0,0,0,0,0
2016,대구광역시 북구5,대구광역시 북구 칠성동1가(금강장어 부근),2016-08-26 18:00:00,1,2,47.74785772029103,5,1,49.0,1,2,0,1,0,0,0,0,0,0,0,0,0,0,1,0,0,0,0,0,0,0,0,0,0,0,1,0,0,0,0,0,0,0,0,0,0,0,0,0,0,0,0,0,0,1,0,0,0,0,0,0,0,1,0,0,0,0,0,0,0,0,0,0,0,0,0
2016,대구광역시 북구5,대구광역시 북구 칠성동1가(금강장어 부근),2016-06-22 16:00:00,0,1,57.0,0,1,55.0,4,0,0,1,0,0,0,0,0,0,0,0,0,0,1,0,0,0,0,0,0,0,0,0,0,0,0,0,0,0,1,0,0,0,0,0,0,0,0,0,0,0,0,0,0,1,0,0,0,0,0,0,0,0,0,0,0,0,1,0,0,0,0,0,0,0,0
2016,대구광역시 북구5,대구광역시 북구 칠성동1가(금강장어 부근),2016-12-25 18:00:00,0,1,67.0,0,0,63.0,4,0,0,1,0,0,0,0,0,0,0,0,0,0,1,0,0,0,0,0,0,0,0,1,0,0,0,0,0,0,0,0,0,0,0,0,0,0,0,0,0,0,0,0,0,1,0,0,0,0,0,0,0,0,0,0,0,0,1,0,0,0,0,0,0,0,0
2016,대구광역시 북구5,대구광역시 북구 칠성동1가(금강장어 부근),2016-09-08 19:00:00,0,1,68.0,0,0,38.0,4,0,0,1,0,0,0,0,0,0,0,0,0,0,1,0,0,0,0,0,0,0,0,1,0,0,0,0,0,0,0,0,0,0,0,0,0,0,0,0,0,0,0,1,0,0,0,0,0,0,0,0,0,0,0,0,0,0,1,0,0,0,0,0,0,0,0
2016,대구광역시 북구13,대구광역시 북구 칠성동2가(광진직물 부근),2016-11-23 08:00:00,0,2,47.74785772029103,5,1,14.0,0,0,0,1,0,0,0,0,1,0,0,0,0,0,0,0,0,0,0,0,0,0,0,0,0,0,0,0,1,0,0,0,0,0,0,0,0,0,0,0,0,0,0,1,0,0,0,0,0,0,0,0,0,0,0,0,0,0,1,0,0,0,0,0,0,0,0
2016,대구광역시 북구13,대구광역시 북구 칠성동2가(광진직물 부근),2016-09-07 20:00:00,2,1,12.0,2,0,31.0,4,0,0,1,0,0,0,0,0,0,0,0,0,0,1,0,0,0,0,0,0,0,0,1,0,0,0,0,0,0,0,0,0,0,0,0,0,0,0,0,0,0,0,0,0,1,0,0,0,0,0,0,0,0,0,0,0,0,1,0,0,0,0,0,0,0,0
2016,대구광역시 북구13,대구광역시 북구 칠성동2가(광진직물 부근),2016-05-02 19:00:00,1,0,11.0,1,0,42.0,4,0,0,1,0,0,0,0,0,0,0,0,0,0,1,0,0,0,0,0,0,0,0,1,0,0,0,0,0,0,0,0,0,0,0,0,0,0,1,0,0,0,0,0,0,0,0,0,0,0,0,0,0,0,0,0,0,0,1,0,0,0,0,0,0,0,0