사고년도,다발시군구,지점명,사고일시,사고등급,가해자성별,가해자연령,가해자신체상해정도,피해자성별,피해자연령,피해자신체상해정도,기상상태,사망자수,부상자수,가해차종_개인형이동수단(PM),가해차종_건설기계,가해차종_기타,가해차종_농기계,가해차종_불명,가해차종_사륜오토바이(ATV),가해차종_승용차,가해차종_승합차,가해차종_원동기장치자전거,가해차종_이륜차,가해차종_자전거,가해차종_특수차,가해차종_화물차,피해차종_개인형이동수단(PM),피해차종_건설기계,피해차종_기타,피해차종_보행자,피해차종_불명,피해차종_사륜오토바이(ATV),피해차종_승용차,피해차종_승합차,피해차종_없음,피해차종_원동기장치자전거,피해차종_이륜차,피해차종_자전거,피해차종_특수차,피해차종_화물차,가해자법규위반_과속,가해자법규위반_교차로 통행방법 위반,가해자법규위반_교차로운행방법위반,가해자법규위반_기타,가해자법규위반_미분류,가해자법규위반_보행자 보호의무 위반,가해자법규위반_보행자보호의무위반,가해자법규위반_불법유턴,가해자법규위반_신호위반,가해자법규위반_안전거리 미확보,가해자법규위반_안전거리미확보,가해자법규위반_안전운전 의무 불이행,가해자법규위반_안전운전불이행,가해자법규위반_중앙선 침범,가해자법규위반_중앙선침범,가해자법규위반_직진우회전진행방해,가해자법규위반_차로위반,사고유형_차대사람 - 기타,사고유형_차대사람 - 길가장자리구역통행중,사고유형_차대사람 - 보도통행중,사고유형_차대사람 - 차도통행중,사고유형_차대사람 - 횡단중,사고유형_차대차 - 기타,사고유형_차대차 - 정면충돌,사고유형_차대차 - 추돌,사고유형_차대차 - 추돌 - 주정차중,사고유형_차대차 - 추돌 - 진행중,사고유형_차대차 - 측면직각충돌,사고유형_차대차 - 측면충돌,사고유형_차대차 - 후진중충돌,사고유형_차량단독 - 공작물충돌,사고유형_차량단독 - 기타,사고유형_차량단독 - 도로외이탈 - 추락,사고유형_차량단독 - 전도,사고유형_차량단독 - 전도전복,사고유형_차량단독 - 전도전복 - 전도
2016,경기도 수원시 권선구1,경기도 수원시 권선구 권선동(소망교회 부근),2016-07-25 17:00:00,1,1,43.0,4,1,22.0,1,0,0,1,0,0,0,0,0,0,0,0,0,0,0,0,1,0,0,0,0,0,0,0,0,0,0,0,1,0,0,0,0,0,0,0,0,0,0,0,0,0,0,1,0,0,0,0,0,0,0,0,0,0,0,0,0,0,1,0,0,0,0,0,0,0,0
2016,경기도 수원시 팔달구4,경기도 수원시 팔달구 구천동(교동사거리 부근),2016-07-23 18:00:00,0,1,40.0,4,1,46.0,0,0,0,1,0,0,0,0,0,0,1,0,0,0,0,0,0,0,0,0,0,0,0,0,0,0,0,0,1,0,0,0,0,0,0,0,0,0,0,1,0,0,0,0,0,0,0,0,0,0,0,0,0,0,0,0,0,0,1,0,0,0,0,0,0,0,0
2016,경기도 수원시 팔달구4,경기도 수원시 팔달구 구천동(교동사거리 부근),2016-04-23 19:00:00,1,0,25.0,4,1,25.0,1,0,0,1,0,0,0,0,0,0,1,0,0,0,0,0,0,0,0,0,0,0,0,0,0,0,0,0,1,0,0,0,0,0,0,0,0,0,0,0,0,0,0,0,0,1,0,0,0,0,0,0,0,1,0,0,0,0,0,0,0,0,0,0,0,0,0
2016,경기도 수원시 팔달구4,경기도 수원시 팔달구 구천동(교동사거리 부근),2016-08-10 17:00:00,2,1,60.0,2,0,42.0,4,0,0,1,0,0,0,0,0,0,0,0,0,0,1,0,0,0,0,0,0,0,0,1,0,0,0,0,0,0,0,0,0,0,0,0,0,0,0,1,0,0,0,0,0,0,0,0,0,0,0,0,0,1,0,0,0,0,0,0,0,0,0,0,0,0,0
2016,경기도 수원시 팔달구4,경기도 수원시 팔달구 구천동(교동사거리 부근),2016-09-17 17:00:00,0,1,37.0,4,1,56.0,0,0,0,1,0,0,0,0,0,0,0,0,0,0,0,0,1,0,0,0,0,0,0,0,0,0,0,0,1,0,0,0,0,0,0,0,0,0,0,0,0,0,0,0,0,1,0,0,0,0,0,0,0,0,1,0,0,0,0,0,0,0,0,0,0,0,0
2016,경기도 수원시 팔달구2,경기도 수원시 팔달구 매교동(인계주공사거리 부근),2016-01-11 10:00:00,0,0,26.0,4,1,76.0,0,0,0,1,0,0,0,0,0,0,1,0,0,0,0,0,0,0,0,0,0,0,0,0,0,0,0,0,1,0,0,0,0,1,0,0,0,0,0,0,0,0,0,0,0,0,0,0,0,0,0,0,0,0,0,0,0,0,1,0,0,0,0,0,0,0,0
2016,경기도 수원시 팔달구2,경기도 수원시 팔달구 매교동(인계주공사거리 부근),2016-02-22 08:00:00,1,1,54.0,4,1,76.0,1,0,0,1,0,0,0,0,0,0,0,1,0,0,0,0,0,0,0,0,0,0,0,0,0,0,0,0,1,0,0,0,0,0,0,0,0,0,0,0,0,0,0,1,0,0,0,0,0,0,0,0,0,1,0,0,0,0,0,0,0,0,0,0,0,0,0
2016,경기도 수원시 팔달구2,경기도 수원시 팔달구 매교동(인계주공사거리 부근),2016-04-22 07:00:00,1,1,48.0,4,1,47.0,1,0,0,1,0,0,0,0,0,0,0,0,0,1,0,0,0,0,0,0,0,0,0,0,0,0,0,0,1,0,0,0,0,0,0,0,0,0,0,0,0,0,0,1,0,0,0,0,0,0,0,0,0,0,0,0,0,0,1,0,0,0,0,0,0,0,0
2016,경기도 수원시 팔달구2,경기도 수원시 팔달구 매교동(인계주공사거리 부근),2016-05-29 19:00:00,0,1,22.0,4,0,51.0,0,0,0,1,0,0,0,0,0,0,0,0,0,0,1,0,0,0,0,0,1,0,0,0,0,0,0,0,0,0,0,0,0,0,1,0,0,0,0,0,0,0,0,0,0,0,0,0,0,0,1,0,0,0,0,0,0,0,0,0,0,0,0,0,0,0,0
2016,경기도 수원시 팔달구2,경기도 수원시 팔달구 매교동(인계주공사거리 부근),2016-03-24 22:00:00,2,1,25.0,2,1,38.0,4,0,0,1,0,0,0,0,0,0,0,0,0,0,1,0,0,0,0,0,0,0,0,1,0,0,0,0,0,0,0,0,0,0,0,0,0,0,1,0,0,0,0,0,0,0,0,0,0,0,0,0,0,0,0,0,0,0,1,0,0,0,0,0,0,0,0
2016,경기도 수원시 팔달구3,경기도 수원시 팔달구 매교동(훼미리마트매교점 부근),2016-07-08 22:00:00,0,1,49.0,4,1,31.0,0,0,0,1,0,0,0,0,0,0,1,0,0,0,0,0,0,0,0,0,0,0,0,0,0,0,0,0,1,0,0,0,0,0,1,0,0,0,0,0,0,0,0,0,0,0,0,0,0,0,0,0,0,1,0,0,0,0,0,0,0,0,0,0,0,0,0
2016,경기도 수원시 팔달구3,경기도 수원시 팔달구 매교동(훼미리마트매교점 부근),2016-11-11 06:00:00,1,1,60.0,4,0,68.0,1,2,0,1,0,0,0,0,0,0,1,0,0,0,0,0,0,0,0,0,0,0,0,0,0,0,0,0,1,0,0,0,0,0,0,0,0,0,0,0,0,0,0,1,0,0,0,0,0,0,0,0,0,0,0,0,0,1,0,0,0,0,0,0,0,0,0
2016,경기도 수원시 팔달구3,경기도 수원시 팔달구 매교동(훼미리마트매교점 부근),2016-12-16 07:00:00,0,1,43.0,0,1,24.0,4,0,0,1,0,0,0,0,0,0,0,0,0,0,1,0,0,0,0,0,0,0,0,1,0,0,0,0,0,0,0,0,0,0,0,0,0,0,0,0,0,0,0,0,0,1,0,0,0,0,0,0,0,0,0,0,0,0,1,0,0,0,0,0,0,0,0
2016,경기도 수원시 팔달구3,경기도 수원시 팔달구 매교동(훼미리마트매교점 부근),2016-06-02 10:00:00,1,1,53.0,4,0,74.0,1,0,0,1,0,0,0,0,0,0,0,0,0,0,1,0,0,0,0,0,1,0,0,0,0,0,0,0,0,0,0,0,0,0,0,0,0,0,0,1,0,0,0,0,0,0,0,0,0,0,0,0,1,0,0,0,0,0,0,0,0,0,0,0,0,0,0
2016,경기도 수원시 팔달구5,경기도 수원시 팔달구 화서동(서부주유소(GS) 부근),2016-06-16 17:00:00,0,0,39.0,4,1,11.0,0,0,0,1,0,0,0,0,0,0,1,0,0,0,0,0,0,0,0,0,0,0,0,0,0,0,0,0,1,0,0,0,0,0,0,0,0,0,0,0,0,0,0,1,0,0,0,0,0,0,0,0,0,0,0,0,0,0,1,0,0,0,0,0,0,0,0
2016,경기도 수원시 팔달구5,경기도 수원시 팔달구 화서동(서부주유소(GS) 부근),2016-07-22 19:00:00,0,1,12.0,0,1,46.0,4,0,0,1,0,0,0,0,0,0,0,0,0,0,1,0,0,0,0,0,0,0,0,0,0,0,0,0,0,0,1,0,0,0,0,0,0,0,0,0,0,0,0,1,0,0,0,0,0,0,0,0,0,0,0,0,0,1,0,0,0,0,0,0,0,0,0
2016,경기도 수원시 팔달구5,경기도 수원시 팔달구 화서동(서부주유소(GS) 부근),2016-07-22 20:00:00,0,1,13.0,0,1,12.0,0,0,0,2,0,0,0,0,0,0,0,0,0,0,1,0,0,0,0,0,0,0,0,0,0,0,0,0,1,0,0,0,0,0,0,0,0,0,0,0,0,0,0,1,0,0,0,0,0,0,0,0,0,0,0,0,0,0,1,0,0,0,0,0,0,0,0
2016,경기도 수원시 팔달구5,경기도 수원시 팔달구 화서동(서부주유소(GS) 부근),2016-06-15 11:00:00,0,1,53.0,4,0,62.0,0,0,0,1,0,0,0,0,0,0,0,0,0,0,1,0,0,0,0,0,1,0,0,0,0,0,0,0,0,0,0,0,0,0,1,0,0,0,0,0,0,0,0,0,0,0,0,0,0,0,1,0,0,0,0,0,0,0,0,0,0,0,0,0,0,0,0
2016,경기도 수원시 팔달구1,경기도 수원시 팔달구 인계동((주)글로벌익스터널트러스트STAY SEVEN수원 부근),2016-08-18 08:00:00,0,2,47.74785772029103,5,1,16.0,0,0,0,1,0,0,0,0,0,0,1,0,0,0,0,0,0,0,0,0,0,0,0,0,0,0,0,0,1,0,0,0,0,0,0,0,0,0,0,0,0,0,0,1,0,0,0,0,0,0,0,0,0,0,0,0,0,0,1,0,0,0,0,0,0,0,0
2016,경기도 수원시 팔달구1,경기도 수원시 팔달구 인계동((주)글로벌익스터널트러스트STAY SEVEN수원 부근),2016-09-07 20:00:00,1,1,23.0,4,1,23.0,1,0,0,1,0,0,0,0,0,0,1,0,0,0,0,0,0,0,0,0,0,0,0,0,0,0,0,0,1,0,0,0,0,1,0,0,0,0,0,0,0,0,0,0,0,0,0,0,0,0,0,0,0,0,0,0,0,0,1,0,0,0,0,0,0,0,0
2016,경기도 수원시 팔달구1,경기도 수원시 팔달구 인계동((주)글로벌익스터널트러스트STAY SEVEN수원 부근),2016-08-31 20:00:00,0,1,28.0,4,1,25.0,0,0,0,1,0,0,0,0,0,0,1,0,0,0,0,0,0,0,0,0,0,0,0,0,0,0,0,0,1,0,0,0,0,0,1,0,0,0,0,0,0,0,0,0,0,0,0,0,0,0,0,0,0,0,0,0,0,0,1,0,0,0,0,0,0,0,0
2016,경기도 수원시 팔달구1,경기도 수원시 팔달구 인계동((주)글로벌익스터널트러스트STAY SEVEN수원 부근),2016-06-21 19:00:00,0,1,30.0,4,0,26.0,0,0,0,1,0,0,0,0,0,0,1,0,0,0,0,0,0,0,0,0,0,0,0,0,0,0,0,0,1,0,0,0,0,0,0,0,0,0,0,0,0,0,0,1,0,0,0,0,0,0,0,0,0,1,0,0,0,0,0,0,0,0,0,0,0,0,0
2016,경기도 수원시 팔달구1,경기도 수원시 팔달구 인계동((주)글로벌익스터널트러스트STAY SEVEN수원 부근),2016-06-12 22:00:00,1,1,34.0,4,1,28.0,1,0,0,1,0,0,0,0,0,0,1,0,0,0,0,0,0,0,0,0,0,0,0,0,0,0,0,0,1,0,0,0,0,0,0,0,0,0,0,0,0,0,0,1,0,0,0,0,0,0,0,0,0,1,0,0,0,0,0,0,0,0,0,0,0,0,0
2016,경기도 수원시 팔달구1,경기도 수원시 팔달구 인계동((주)글로벌익스터널트러스트STAY SEVEN수원 부근),2016-09-07 18:00:00,1,0,59.0,4,0,21.0,1,0,0,1,0,0,0,0,0,0,1,0,0,0,0,0,0,0,0,0,0,0,0,0,0,0,0,0,1,0,0,0,0,0,0,0,0,0,0,0,0,0,0,1,0,0,0,0,0,0,0,0,0,0,1,0,0,0,0,0,0,0,0,0,0,0,0
2016,경기도 수원시 영통구1,경기도 수원시 영통구 망포동(강남꽃농원 부근),2016-11-11 09:00:00,0,1,38.0,4,1,33.0,0,1,0,1,0,0,0,0,0,0,1,0,0,0,0,0,0,0,0,0,0,0,0,0,0,0,0,0,1,0,0,0,0,1,0,0,0,0,0,0,0,0,0,0,0,0,0,0,0,0,0,0,0,1,0,0,0,0,0,0,0,0,0,0,0,0,0
2016,경기도 수원시 영통구1,경기도 수원시 영통구 망포동(강남꽃농원 부근),2016-01-29 09:00:00,0,0,48.0,4,1,23.0,0,0,0,1,0,0,0,0,0,0,1,0,0,0,0,0,0,0,0,0,0,0,0,0,0,0,0,0,1,0,0,0,0,0,0,0,0,0,0,0,0,0,0,1,0,0,0,0,0,0,0,0,0,0,0,0,0,0,1,0,0,0,0,0,0,0,0
2016,경기도 수원시 영통구1,경기도 수원시 영통구 망포동(강남꽃농원 부근),2016-07-08 18:00:00,0,0,59.0,4,1,70.0,0,0,0,1,0,0,0,0,0,0,1,0,0,0,0,0,0,0,0,0,0,0,0,0,0,0,0,0,1,0,0,0,0,0,0,0,0,0,0,1,0,0,0,0,0,0,0,0,0,0,0,0,0,0,0,0,0,0,1,0,0,0,0,0,0,0,0
2016,경기도 수원시 영통구1,경기도 수원시 영통구 망포동(강남꽃농원 부근),2016-11-12 14:00:00,0,1,18.0,0,1,46.0,4,0,0,1,0,0,0,0,0,0,0,0,0,0,1,0,0,0,1,0,0,0,0,0,0,0,0,0,0,0,0,0,0,0,0,0,0,0,0,0,0,0,0,1,0,0,0,0,0,0,0,0,0,1,0,0,0,0,0,0,0,0,0,0,0,0,0
2016,경기도 성남시 수정구1,경기도 성남시 수정구 복정동(- 인근),2016-01-30 16:00:00,1,1,19.0,4,1,56.0,1,0,0,1,0,0,0,0,0,0,0,0,0,0,1,0,0,0,0,0,0,0,0,0,0,0,0,0,1,0,0,0,0,0,0,0,0,0,0,0,0,0,0,1,0,0,0,0,0,0,0,0,0,0,1,0,0,0,0,0,0,0,0,0,0,0,0
2016,경기도 성남시 수정구1,경기도 성남시 수정구 복정동(- 인근),2016-10-27 15:00:00,1,1,27.0,4,1,62.0,1,0,0,1,0,0,0,0,0,0,0,0,0,0,1,0,0,0,0,0,0,0,0,0,0,0,0,0,1,0,0,0,0,0,0,0,0,0,0,0,0,0,0,1,0,0,0,0,0,0,0,0,0,1,0,0,0,0,0,0,0,0,0,0,0,0,0
2016,경기도 성남시 수정구1,경기도 성남시 수정구 복정동(- 인근),2016-09-16 17:00:00,1,1,53.0,1,1,45.0,0,0,0,2,0,0,0,0,0,0,0,0,0,0,1,0,0,0,0,0,0,1,0,0,0,0,0,0,0,0,0,0,0,0,0,0,0,0,0,0,0,0,0,1,0,0,0,0,0,0,0,0,0,1,0,0,0,0,0,0,0,0,0,0,0,0,0
2016,경기도 성남시 수정구1,경기도 성남시 수정구 복정동(- 인근),2016-06-01 16:00:00,1,1,56.0,4,1,76.0,1,0,0,1,0,0,0,0,0,0,0,0,0,0,1,0,0,0,0,0,0,0,0,0,0,0,0,0,1,0,0,0,0,0,0,0,0,0,0,0,0,0,0,1,0,0,0,0,0,0,0,0,0,0,1,0,0,0,0,0,0,0,0,0,0,0,0
2016,경기도 성남시 중원구1,경기도 성남시 중원구 성남동(풍생중고B 부근),2016-04-02 18:00:00,0,2,47.74785772029103,5,1,13.0,0,0,0,1,0,0,0,0,1,0,0,0,0,0,0,0,0,0,0,0,0,0,0,0,0,0,0,0,1,0,0,0,0,0,0,0,0,0,0,0,0,0,0,1,0,0,0,0,0,0,0,0,0,1,0,0,0,0,0,0,0,0,0,0,0,0,0
2016,경기도 성남시 중원구1,경기도 성남시 중원구 성남동(풍생중고B 부근),2016-08-29 00:00:00,1,1,47.0,4,1,30.0,1,0,0,1,0,0,0,0,0,0,1,0,0,0,0,0,0,0,0,0,0,0,0,0,0,0,0,0,1,0,0,0,0,0,0,0,0,0,0,0,0,0,0,1,0,0,0,0,0,0,0,0,0,0,0,0,0,1,0,0,0,0,0,0,0,0,0
2016,경기도 성남시 중원구1,경기도 성남시 중원구 성남동(풍생중고B 부근),2016-05-21 19:00:00,0,1,51.0,4,1,44.0,0,0,0,1,0,0,0,0,0,0,1,0,0,0,0,0,0,0,0,0,0,0,0,0,0,0,0,0,1,0,0,0,0,0,1,0,0,0,0,0,0,0,0,0,0,0,0,0,0,0,0,0,0,0,0,0,0,1,0,0,0,0,0,0,0,0,0
2016,경기도 성남시 중원구1,경기도 성남시 중원구 성남동(풍생중고B 부근),2016-11-29 05:00:00,3,1,50.0,4,1,71.0,3,0,1,0,0,0,0,0,0,0,0,1,0,0,0,0,0,0,0,0,0,0,0,0,0,0,0,0,1,0,0,0,0,1,0,0,0,0,0,0,0,0,0,0,0,0,0,0,0,0,0,0,0,1,0,0,0,0,0,0,0,0,0,0,0,0,0
2016,경기도 성남시 중원구1,경기도 성남시 중원구 성남동(풍생중고B 부근),2016-09-21 18:00:00,1,1,53.0,4,1,52.0,1,0,0,1,0,0,0,0,0,0,0,1,0,0,0,0,0,0,0,0,0,0,0,0,0,0,0,0,1,0,0,0,0,1,0,0,0,0,0,0,0,0,0,0,0,0,0,0,0,0,0,0,0,0,0,0,0,0,1,0,0,0,0,0,0,0,0
2016,경기도 성남시 중원구1,경기도 성남시 중원구 성남동(풍생중고B 부근),2016-09-21 08:00:00,1,1,46.0,1,1,64.0,4,0,0,1,0,0,0,0,0,0,0,0,0,0,1,0,0,0,0,0,0,0,0,1,0,0,0,0,0,0,0,0,0,0,0,0,0,0,0,0,0,0,0,1,0,0,0,0,0,0,0,0,0,1,0,0,0,0,0,0,0,0,0,0,0,0,0
2016,경기도 성남시 중원구1,경기도 성남시 중원구 성남동(풍생중고B 부근),2016-10-27 13:00:00,0,1,50.0,0,1,38.0,4,0,0,1,0,0,0,0,0,0,0,0,0,0,1,0,0,0,0,0,0,0,0,0,1,0,0,0,0,0,0,0,0,0,0,0,0,0,0,0,0,0,0,1,0,0,0,0,0,0,0,0,0,0,0,0,0,0,1,0,0,0,0,0,0,0,0
2016,경기도 성남시 중원구1,경기도 성남시 중원구 성남동(풍생중고B 부근),2016-11-13 07:00:00,1,1,67.0,4,1,53.0,1,0,0,1,0,0,0,0,0,0,0,0,0,0,0,0,1,0,0,0,0,0,0,0,0,0,0,0,1,0,0,0,0,1,0,0,0,0,0,0,0,0,0,0,0,0,0,0,0,0,0,0,0,0,0,0,0,0,1,0,0,0,0,0,0,0,0
2016,경기도 성남시 중원구2,경기도 성남시 중원구 성남동(고수원농장 부근),2016-09-06 00:00:00,0,2,47.74785772029103,5,1,28.0,0,0,0,1,0,0,0,0,1,0,0,0,0,0,0,0,0,0,0,0,0,0,0,0,0,0,0,0,1,0,0,0,0,0,0,0,0,0,0,0,0,0,0,1,0,0,0,0,0,0,0,0,0,1,0,0,0,0,0,0,0,0,0,0,0,0,0
2016,경기도 성남시 중원구2,경기도 성남시 중원구 성남동(고수원농장 부근),2016-08-14 12:00:00,1,1,53.0,1,2,47.23777883246322,6,0,0,1,0,0,0,0,0,0,0,0,0,0,1,0,0,0,0,0,0,0,0,0,0,1,0,0,0,0,0,0,0,0,0,0,0,0,0,0,0,1,0,0,0,0,0,0,0,0,0,0,0,0,0,0,0,0,0,0,0,0,1,0,0,0,0
2016,경기도 성남시 중원구2,경기도 성남시 중원구 성남동(고수원농장 부근),2016-07-21 21:00:00,3,1,61.0,3,2,47.23777883246322,6,0,1,0,0,0,0,0,0,0,0,0,0,0,1,0,0,0,0,0,0,0,0,0,0,1,0,0,0,0,0,0,0,0,0,0,0,0,0,0,0,0,0,1,0,0,0,0,0,0,0,0,0,0,0,0,0,0,0,0,0,0,0,1,0,0,0
2016,경기도 성남시 중원구2,경기도 성남시 중원구 성남동(고수원농장 부근),2016-09-01 12:00:00,0,0,53.0,0,1,60.0,4,0,0,1,0,0,0,0,0,0,0,0,0,0,1,0,0,0,0,0,0,0,0,0,0,0,0,0,1,0,0,0,0,0,0,0,0,0,0,0,0,0,0,1,0,0,0,0,0,0,0,0,0,1,0,0,0,0,0,0,0,0,0,0,0,0,0
2016,경기도 성남시 분당구1,경기도 성남시 분당구 정자동(프뢰벨(분당교육원) 부근),2016-04-18 15:00:00,0,1,32.0,4,0,38.0,0,0,0,1,0,0,0,0,0,0,1,0,0,0,0,0,0,0,0,0,0,0,0,0,0,0,0,0,1,0,0,0,0,0,0,0,0,0,0,0,0,0,0,0,0,1,0,0,0,0,0,0,0,1,0,0,0,0,0,0,0,0,0,0,0,0,0
2016,경기도 성남시 분당구1,경기도 성남시 분당구 정자동(프뢰벨(분당교육원) 부근),2016-05-29 08:00:00,0,1,16.0,0,1,52.0,4,0,0,1,0,0,0,0,0,0,0,0,0,0,1,0,0,0,0,0,0,0,0,1,0,0,0,0,0,0,0,0,0,0,0,0,0,0,0,0,0,0,0,1,0,0,0,0,0,0,0,0,0,0,0,0,0,0,1,0,0,0,0,0,0,0,0
2016,경기도 성남시 분당구1,경기도 성남시 분당구 정자동(프뢰벨(분당교육원) 부근),2016-06-30 02:00:00,2,1,20.0,2,1,49.0,4,0,0,1,0,0,0,0,0,0,0,0,0,0,1,0,0,0,0,0,0,0,0,1,0,0,0,0,0,0,0,0,0,0,0,0,0,0,0,0,0,0,0,1,0,0,0,0,0,0,0,0,0,0,1,0,0,0,0,0,0,0,0,0,0,0,0
2016,경기도 성남시 분당구1,경기도 성남시 분당구 정자동(프뢰벨(분당교육원) 부근),2016-04-22 16:00:00,0,0,45.0,4,1,79.0,0,0,0,1,0,0,0,0,0,0,0,0,0,0,1,0,0,0,0,0,1,0,0,0,0,0,0,0,0,0,0,0,0,0,0,0,0,0,0,0,0,0,0,1,0,0,0,0,1,0,0,0,0,0,0,0,0,0,0,0,0,0,0,0,0,0,0
2016,경기도 의정부시1,경기도 의정부시 의정부동(의정부1동주택은행B 부근),2016-09-13 10:00:00,1,1,76.0,4,1,69.0,1,0,0,1,0,0,0,0,0,0,1,0,0,0,0,0,0,0,0,0,0,0,0,0,0,0,0,0,1,0,0,0,0,0,0,0,0,0,0,0,0,0,0,1,0,0,0,0,0,0,0,0,0,0,0,0,0,0,1,0,0,0,0,0,0,0,0
2016,경기도 의정부시1,경기도 의정부시 의정부동(의정부1동주택은행B 부근),2016-07-30 12:00:00,0,0,63.0,4,1,58.0,0,0,0,1,0,0,0,0,0,0,1,0,0,0,0,0,0,0,0,0,0,0,0,0,0,0,0,0,1,0,0,0,0,0,0,0,0,0,0,0,0,0,0,1,0,0,0,0,0,0,0,0,0,0,0,0,0,0,1,0,0,0,0,0,0,0,0
2016,경기도 의정부시1,경기도 의정부시 의정부동(의정부1동주택은행B 부근),2016-09-06 18:00:00,0,1,19.0,4,0,61.0,0,0,0,1,0,0,0,0,0,0,0,0,0,1,0,0,0,0,0,0,0,0,0,0,0,0,0,0,1,0,0,0,0,0,0,0,0,0,0,0,0,0,0,1,0,0,0,0,0,0,0,0,0,0,1,0,0,0,0,0,0,0,0,0,0,0,0
2016,경기도 의정부시1,경기도 의정부시 의정부동(의정부1동주택은행B 부근),2016-05-20 18:00:00,0,1,16.0,4,1,60.0,0,0,0,1,0,0,0,0,0,0,0,0,0,0,1,0,0,0,0,0,1,0,0,0,0,0,0,0,0,0,0,0,0,0,0,0,0,1,0,0,0,0,0,0,0,0,0,0,0,0,0,0,1,0,0,0,0,0,0,0,0,0,0,0,0,0,0
2016,경기도 의정부시1,경기도 의정부시 의정부동(의정부1동주택은행B 부근),2016-09-19 17:00:00,1,1,61.0,4,0,70.0,1,0,0,1,0,0,0,0,0,0,0,0,0,0,1,0,0,0,0,0,0,0,0,0,0,0,0,0,1,0,0,0,0,0,0,0,0,0,0,0,0,0,0,1,0,0,0,0,0,0,0,0,0,0,1,0,0,0,0,0,0,0,0,0,0,0,0
2016,경기도 의정부시1,경기도 의정부시 의정부동(의정부1동주택은행B 부근),2016-07-29 16:00:00,0,1,69.0,4,1,62.0,0,0,0,1,0,0,0,0,0,0,0,0,0,0,0,0,1,0,0,0,0,0,0,0,0,0,0,0,1,0,0,0,0,1,0,0,0,0,0,0,0,0,0,0,0,0,0,0,0,0,0,0,0,0,0,0,0,0,1,0,0,0,0,0,0,0,0
2016,경기도 의정부시2,경기도 의정부시 의정부동(중앙교차로 부근),2016-03-10 23:00:00,1,2,47.74785772029103,5,1,51.0,1,0,0,1,0,0,0,0,1,0,0,0,0,0,0,0,0,0,0,0,0,0,0,0,0,0,0,0,1,0,0,0,0,0,0,0,0,0,0,0,0,0,0,1,0,0,0,0,0,0,0,0,0,0,0,0,0,0,1,0,0,0,0,0,0,0,0
2016,경기도 의정부시2,경기도 의정부시 의정부동(중앙교차로 부근),2016-09-24 19:00:00,1,1,74.0,4,1,55.0,1,0,0,1,0,0,0,0,0,0,1,0,0,0,0,0,0,0,0,0,0,0,0,0,0,0,0,0,1,0,0,0,0,1,0,0,0,0,0,0,0,0,0,0,0,0,0,0,0,0,0,0,0,0,0,0,0,1,0,0,0,0,0,0,0,0,0
2016,경기도 의정부시2,경기도 의정부시 의정부동(중앙교차로 부근),2016-12-12 15:00:00,0,1,25.0,4,1,79.0,0,0,0,1,0,0,0,0,0,0,0,0,0,1,0,0,0,0,0,0,0,0,0,0,0,0,0,0,1,0,0,0,0,1,0,0,0,0,0,0,0,0,0,0,0,0,0,0,0,0,0,0,0,0,0,0,0,0,1,0,0,0,0,0,0,0,0
2016,경기도 의정부시2,경기도 의정부시 의정부동(중앙교차로 부근),2016-06-05 18:00:00,0,1,10.0,4,0,74.0,0,0,0,1,0,0,0,0,0,0,0,0,0,0,1,0,0,0,0,0,1,0,0,0,0,0,0,0,0,0,0,0,0,0,0,0,0,0,0,0,0,0,0,1,0,0,0,0,0,0,0,0,1,0,0,0,0,0,0,0,0,0,0,0,0,0,0
2016,경기도 의정부시2,경기도 의정부시 의정부동(중앙교차로 부근),2016-05-23 16:00:00,2,1,40.0,4,1,81.0,2,0,0,1,0,0,0,0,0,0,0,0,0,0,0,0,1,0,0,0,0,0,0,0,0,0,0,0,1,0,0,0,0,1,0,0,0,0,0,0,0,0,0,0,0,0,0,0,0,0,0,0,0,1,0,0,0,0,0,0,0,0,0,0,0,0,0
2016,경기도 의정부시2,경기도 의정부시 의정부동(중앙교차로 부근),2016-11-23 09:00:00,0,1,46.0,4,1,73.0,0,0,0,1,0,0,0,0,0,0,0,0,0,0,0,0,1,0,0,0,0,0,0,0,0,0,0,0,1,0,0,0,0,0,0,0,0,0,0,1,0,0,0,0,0,0,0,0,0,0,0,0,0,0,0,0,0,0,1,0,0,0,0,0,0,0,0
2016,경기도 의정부시3,경기도 의정부시 의정부동(신흥교 부근),2016-04-05 16:00:00,1,1,34.0,5,0,25.0,1,0,0,1,0,0,0,0,0,0,1,0,0,0,0,0,0,0,0,0,0,0,0,0,0,0,0,0,1,0,0,0,0,0,0,0,0,0,0,1,0,0,0,0,0,0,0,0,0,0,0,0,0,0,0,0,0,0,1,0,0,0,0,0,0,0,0
2016,경기도 의정부시3,경기도 의정부시 의정부동(신흥교 부근),2016-09-30 20:00:00,0,1,60.0,4,1,56.0,0,0,0,1,0,0,0,0,0,0,1,0,0,0,0,0,0,0,0,0,0,0,0,0,0,0,0,0,1,0,0,0,0,1,0,0,0,0,0,0,0,0,0,0,0,0,0,0,0,0,0,0,0,0,0,0,0,0,1,0,0,0,0,0,0,0,0
2016,경기도 의정부시3,경기도 의정부시 의정부동(신흥교 부근),2016-06-05 11:00:00,1,1,15.0,1,1,58.0,4,0,0,1,0,0,0,0,0,0,0,0,0,0,1,0,0,0,0,0,0,0,0,1,0,0,0,0,0,0,0,0,0,0,0,0,0,0,1,0,0,0,0,0,0,0,0,0,0,0,0,0,0,0,0,0,0,0,1,0,0,0,0,0,0,0,0