사고년도,다발시군구,지점명,사고일시,사고등급,가해자성별,가해자연령,가해자신체상해정도,피해자성별,피해자연령,피해자신체상해정도,기상상태,사망자수,부상자수,가해차종_개인형이동수단(PM),가해차종_건설기계,가해차종_기타,가해차종_농기계,가해차종_불명,가해차종_사륜오토바이(ATV),가해차종_승용차,가해차종_승합차,가해차종_원동기장치자전거,가해차종_이륜차,가해차종_자전거,가해차종_특수차,가해차종_화물차,피해차종_개인형이동수단(PM),피해차종_건설기계,피해차종_기타,피해차종_보행자,피해차종_불명,피해차종_사륜오토바이(ATV),피해차종_승용차,피해차종_승합차,피해차종_없음,피해차종_원동기장치자전거,피해차종_이륜차,피해차종_자전거,피해차종_특수차,피해차종_화물차,가해자법규위반_과속,가해자법규위반_교차로 통행방법 위반,가해자법규위반_교차로운행방법위반,가해자법규위반_기타,가해자법규위반_미분류,가해자법규위반_보행자 보호의무 위반,가해자법규위반_보행자보호의무위반,가해자법규위반_불법유턴,가해자법규위반_신호위반,가해자법규위반_안전거리 미확보,가해자법규위반_안전거리미확보,가해자법규위반_안전운전 의무 불이행,가해자법규위반_안전운전불이행,가해자법규위반_중앙선 침범,가해자법규위반_중앙선침범,가해자법규위반_직진우회전진행방해,가해자법규위반_차로위반,사고유형_차대사람 - 기타,사고유형_차대사람 - 길가장자리구역통행중,사고유형_차대사람 - 보도통행중,사고유형_차대사람 - 차도통행중,사고유형_차대사람 - 횡단중,사고유형_차대차 - 기타,사고유형_차대차 - 정면충돌,사고유형_차대차 - 추돌,사고유형_차대차 - 추돌 - 주정차중,사고유형_차대차 - 추돌 - 진행중,사고유형_차대차 - 측면직각충돌,사고유형_차대차 - 측면충돌,사고유형_차대차 - 후진중충돌,사고유형_차량단독 - 공작물충돌,사고유형_차량단독 - 기타,사고유형_차량단독 - 도로외이탈 - 추락,사고유형_차량단독 - 전도,사고유형_차량단독 - 전도전복,사고유형_차량단독 - 전도전복 - 전도
2016,충청북도 청주시 상당구4,충청북도 청주시 상당구 탑동((현대아파트105동) 부근),2016-10-10 18:00:00,0,0,56.0,4,1,21.0,0,0,0,1,0,0,0,0,0,0,1,0,0,0,0,0,0,0,0,0,0,0,0,0,0,0,0,0,1,0,0,0,0,0,0,0,0,0,0,1,0,0,0,0,0,0,0,0,0,0,0,0,0,0,0,0,0,0,1,0,0,0,0,0,0,0,0
2016,충청북도 청주시 상당구3,충청북도 청주시 상당구 영운동((안상선내과) 부근),2016-05-12 18:00:00,0,1,36.0,4,1,13.0,0,0,0,1,0,0,0,0,0,0,1,0,0,0,0,0,0,0,0,0,0,0,0,0,0,0,0,0,1,0,0,0,0,1,0,0,0,0,0,0,0,0,0,0,0,0,0,0,0,0,0,0,0,0,0,0,0,0,1,0,0,0,0,0,0,0,0
2016,충청북도 청주시 상당구3,충청북도 청주시 상당구 영운동((안상선내과) 부근),2016-04-07 15:00:00,1,1,49.0,4,1,61.0,1,0,0,1,0,0,0,0,0,0,1,0,0,0,0,0,0,0,0,0,0,0,0,0,0,0,0,0,1,0,0,0,0,0,0,0,0,0,0,0,0,0,0,1,0,0,0,0,0,0,0,0,0,0,1,0,0,0,0,0,0,0,0,0,0,0,0
2016,충청북도 청주시 상당구3,충청북도 청주시 상당구 영운동((안상선내과) 부근),2016-12-02 16:00:00,1,0,42.0,4,1,75.0,1,0,0,1,0,0,0,0,0,0,1,0,0,0,0,0,0,0,0,0,0,0,0,0,0,0,0,0,1,0,0,0,0,0,0,0,0,0,0,0,0,0,0,1,0,0,0,0,0,0,0,0,0,0,1,0,0,0,0,0,0,0,0,0,0,0,0
2016,충청북도 청주시 상당구3,충청북도 청주시 상당구 영운동((안상선내과) 부근),2016-11-21 14:00:00,1,0,45.0,4,0,82.0,1,2,0,1,0,0,0,0,0,0,1,0,0,0,0,0,0,0,0,0,0,0,0,0,0,0,0,0,1,0,0,0,0,0,0,0,0,0,0,0,0,0,0,1,0,0,0,0,0,0,0,0,0,0,1,0,0,0,0,0,0,0,0,0,0,0,0
2016,충청북도 청주시 서원구1,충청북도 청주시 서원구 사직동(사직사거리 부근),2016-11-24 20:00:00,0,1,41.0,4,0,62.0,0,0,0,1,0,0,0,0,0,0,1,0,0,0,0,0,0,0,0,0,0,0,0,0,0,0,0,0,1,0,0,0,0,0,0,0,0,0,0,0,0,0,0,1,0,0,0,0,0,0,0,0,0,0,0,0,0,0,1,0,0,0,0,0,0,0,0
2016,충청북도 청주시 서원구1,충청북도 청주시 서원구 사직동(사직사거리 부근),2016-05-09 16:00:00,0,1,52.0,4,0,52.0,0,0,0,1,0,0,0,0,0,0,1,0,0,0,0,0,0,0,0,0,0,0,0,0,0,0,0,0,1,0,0,0,0,0,0,0,0,0,0,0,0,0,0,1,0,0,0,0,0,0,0,0,0,0,0,0,0,0,1,0,0,0,0,0,0,0,0
2016,충청북도 청주시 서원구1,충청북도 청주시 서원구 사직동(사직사거리 부근),2016-09-19 15:00:00,0,1,53.0,4,1,66.0,0,0,0,1,0,0,0,0,0,0,1,0,0,0,0,0,0,0,0,0,0,0,0,0,0,0,0,0,1,0,0,0,0,0,0,0,0,0,0,0,0,0,0,1,0,0,0,0,0,0,0,0,0,0,0,0,0,0,1,0,0,0,0,0,0,0,0
2016,충청북도 청주시 서원구1,충청북도 청주시 서원구 사직동(사직사거리 부근),2016-06-07 06:00:00,1,1,55.0,4,1,70.0,1,2,0,1,0,0,0,0,0,0,1,0,0,0,0,0,0,0,0,0,0,0,0,0,0,0,0,0,1,0,0,0,0,0,0,0,0,0,0,0,0,0,0,1,0,0,0,0,0,0,0,0,0,1,0,0,0,0,0,0,0,0,0,0,0,0,0
2016,충청북도 청주시 서원구1,충청북도 청주시 서원구 사직동(사직사거리 부근),2016-12-21 22:00:00,0,0,44.0,4,1,68.0,0,0,0,1,0,0,0,0,0,0,1,0,0,0,0,0,0,0,0,0,0,0,0,0,0,0,0,0,1,0,0,0,0,0,0,0,0,0,0,0,0,0,0,1,0,0,0,0,0,0,0,0,0,0,0,0,0,0,1,0,0,0,0,0,0,0,0
2016,충청북도 청주시 서원구1,충청북도 청주시 서원구 사직동(사직사거리 부근),2016-10-05 15:00:00,0,0,55.0,4,1,19.0,0,0,0,1,0,0,0,0,0,0,1,0,0,0,0,0,0,0,0,0,0,0,0,0,0,0,0,0,1,0,0,0,0,1,0,0,0,0,0,0,0,0,0,0,0,0,0,0,0,0,0,0,0,1,0,0,0,0,0,0,0,0,0,0,0,0,0
2016,충청북도 청주시 서원구1,충청북도 청주시 서원구 사직동(사직사거리 부근),2016-02-06 12:00:00,1,1,68.0,4,1,71.0,1,0,0,1,0,0,0,0,0,0,0,1,0,0,0,0,0,0,0,0,0,0,0,0,0,0,0,0,1,0,0,0,0,0,0,0,0,0,0,1,0,0,0,0,0,0,0,0,0,0,0,0,0,1,0,0,0,0,0,0,0,0,0,0,0,0,0
2016,충청북도 청주시 서원구1,충청북도 청주시 서원구 사직동(사직사거리 부근),2016-09-28 13:00:00,1,1,74.0,1,0,61.0,4,0,0,1,0,0,0,0,0,0,0,0,0,0,1,0,0,0,0,0,0,0,0,1,0,0,0,0,0,0,0,0,0,0,0,0,0,0,0,0,0,1,0,0,0,0,0,0,0,0,0,0,0,0,0,0,0,0,1,0,0,0,0,0,0,0,0
2016,충청북도 청주시 서원구3,충청북도 청주시 서원구 사직동(운동장삼거리 부근),2016-03-22 17:00:00,1,1,52.0,4,1,12.0,1,0,0,1,0,0,0,0,0,0,1,0,0,0,0,0,0,0,0,0,0,0,0,0,0,0,0,0,1,0,0,0,0,0,0,1,0,0,0,0,0,0,0,0,0,0,0,0,0,0,0,0,0,0,0,0,0,0,1,0,0,0,0,0,0,0,0
2016,충청북도 청주시 서원구3,충청북도 청주시 서원구 사직동(운동장삼거리 부근),2016-12-04 06:00:00,0,1,59.0,4,1,63.0,0,0,0,1,0,0,0,0,0,0,1,0,0,0,0,0,0,0,0,0,0,0,0,0,0,0,0,0,1,0,0,0,0,0,0,0,0,0,0,0,0,0,0,1,0,0,0,0,0,0,0,0,0,1,0,0,0,0,0,0,0,0,0,0,0,0,0
2016,충청북도 청주시 서원구3,충청북도 청주시 서원구 사직동(운동장삼거리 부근),2016-05-27 20:00:00,0,1,13.0,0,1,34.0,4,0,0,1,0,0,0,0,0,0,0,0,0,0,1,0,0,0,0,0,0,0,0,1,0,0,0,0,0,0,0,0,0,0,0,0,0,0,0,0,0,0,0,1,0,0,0,0,0,0,0,0,0,0,0,0,0,0,1,0,0,0,0,0,0,0,0
2016,충청북도 청주시 서원구3,충청북도 청주시 서원구 사직동(운동장삼거리 부근),2016-07-20 12:00:00,0,1,53.0,0,0,60.0,4,0,0,1,0,0,0,0,0,0,0,0,0,0,1,0,0,0,0,0,0,0,0,1,0,0,0,0,0,0,0,0,0,0,0,0,0,0,0,0,0,0,0,1,0,0,0,0,0,0,0,0,0,0,0,0,0,0,1,0,0,0,0,0,0,0,0
2016,충청북도 청주시 서원구3,충청북도 청주시 서원구 사직동(운동장삼거리 부근),2016-05-13 07:00:00,0,1,61.0,0,1,58.0,4,0,0,1,0,0,0,0,0,0,0,0,0,0,1,0,0,0,0,0,0,0,0,1,0,0,0,0,0,0,0,0,0,0,0,0,0,0,0,0,0,0,0,1,0,0,0,0,0,0,0,0,0,0,0,0,0,0,1,0,0,0,0,0,0,0,0
2016,충청북도 청주시 서원구2,충청북도 청주시 서원구 사창동((현대아파트4동) 부근),2016-01-14 15:00:00,1,1,28.0,4,1,80.0,1,0,0,1,0,0,0,0,0,0,1,0,0,0,0,0,0,0,0,0,0,0,0,0,0,0,0,0,1,0,0,0,0,0,0,0,0,0,0,0,0,0,0,1,0,0,0,0,0,0,0,0,0,1,0,0,0,0,0,0,0,0,0,0,0,0,0
2016,충청북도 청주시 서원구2,충청북도 청주시 서원구 사창동((현대아파트4동) 부근),2016-10-11 06:00:00,1,1,37.0,4,1,73.0,1,0,0,1,0,0,0,0,0,0,1,0,0,0,0,0,0,0,0,0,0,0,0,0,0,0,0,0,1,0,0,0,0,0,0,0,0,0,0,0,0,0,0,0,0,0,1,0,0,0,0,0,0,0,0,0,0,0,1,0,0,0,0,0,0,0,0
2016,충청북도 청주시 서원구2,충청북도 청주시 서원구 사창동((현대아파트4동) 부근),2016-09-03 18:00:00,0,1,61.0,4,1,41.0,0,0,0,1,0,0,0,0,0,0,1,0,0,0,0,0,0,0,0,0,0,0,0,0,0,0,0,0,1,0,0,0,0,0,1,0,0,0,0,0,0,0,0,0,0,0,0,0,0,0,0,0,0,1,0,0,0,0,0,0,0,0,0,0,0,0,0
2016,충청북도 청주시 서원구2,충청북도 청주시 서원구 사창동((현대아파트4동) 부근),2016-05-18 14:00:00,1,1,34.0,4,0,67.0,1,0,0,1,0,0,0,0,0,0,0,0,0,1,0,0,0,0,0,0,0,0,0,0,0,0,0,0,1,0,0,0,0,0,0,0,0,0,0,0,0,0,0,1,0,0,0,0,0,0,0,0,0,0,0,0,0,0,1,0,0,0,0,0,0,0,0
2016,충청북도 청주시 서원구2,충청북도 청주시 서원구 사창동((현대아파트4동) 부근),2016-10-09 18:00:00,1,1,12.0,1,1,63.0,4,0,0,1,0,0,0,0,0,0,0,0,0,0,1,0,0,0,0,0,0,0,0,1,0,0,0,0,0,0,0,0,0,0,0,0,0,0,0,0,0,0,0,0,0,1,0,0,0,0,0,0,0,0,0,0,0,0,1,0,0,0,0,0,0,0,0
2016,충청북도 청주시 서원구2,충청북도 청주시 서원구 사창동((현대아파트4동) 부근),2016-04-04 19:00:00,1,1,21.0,4,0,38.0,1,0,0,1,0,0,0,0,0,0,0,0,0,0,1,0,0,0,0,0,1,0,0,0,0,0,0,0,0,0,0,0,0,0,0,0,0,0,0,0,0,0,0,1,0,0,0,0,1,0,0,0,0,0,0,0,0,0,0,0,0,0,0,0,0,0,0
2016,충청북도 청주시 서원구6,충청북도 청주시 서원구 모충동(모충사거리 부근),2016-10-17 14:00:00,0,1,20.0,4,0,57.0,0,0,0,1,0,0,0,0,0,0,1,0,0,0,0,0,0,0,0,0,0,0,0,0,0,0,0,0,1,0,0,0,0,0,0,0,0,0,0,0,0,0,0,1,0,0,0,0,0,0,0,0,0,0,1,0,0,0,0,0,0,0,0,0,0,0,0
2016,충청북도 청주시 서원구6,충청북도 청주시 서원구 모충동(모충사거리 부근),2016-10-28 14:00:00,2,1,66.0,2,1,55.0,4,0,0,1,0,0,0,0,0,0,0,0,0,0,1,0,0,0,0,0,0,0,0,0,1,0,0,0,0,0,0,0,0,0,0,0,0,0,0,0,0,0,0,1,0,0,0,0,0,0,0,0,0,0,0,0,0,0,1,0,0,0,0,0,0,0,0
2016,충청북도 청주시 서원구6,충청북도 청주시 서원구 모충동(모충사거리 부근),2016-05-19 08:00:00,1,1,52.0,4,1,14.0,1,0,0,1,0,0,0,0,0,0,0,0,0,0,0,0,1,0,0,0,0,0,0,0,0,0,0,0,1,0,0,0,0,0,0,0,0,0,0,0,0,0,0,1,0,0,0,0,0,0,0,0,0,0,1,0,0,0,0,0,0,0,0,0,0,0,0
2016,충청북도 청주시 서원구6,충청북도 청주시 서원구 모충동(모충사거리 부근),2016-06-15 07:00:00,0,1,52.0,4,0,74.0,0,0,0,1,0,0,0,0,0,0,0,0,0,0,0,0,1,0,0,0,0,0,0,0,0,0,0,0,1,0,0,0,0,0,0,0,0,0,0,0,0,0,0,1,0,0,0,0,0,0,0,0,0,0,0,0,0,0,1,0,0,0,0,0,0,0,0
2016,충청북도 청주시 서원구4,충청북도 청주시 서원구 분평동((분평주공3단지아파트321동) 부근),2016-05-14 22:00:00,1,1,66.0,4,1,16.0,1,0,0,1,0,0,0,0,0,0,1,0,0,0,0,0,0,0,0,0,0,0,0,0,0,0,0,0,1,0,0,0,0,0,0,0,0,0,0,1,0,0,0,0,0,0,0,0,0,0,0,0,0,0,0,0,0,0,1,0,0,0,0,0,0,0,0
2016,충청북도 청주시 서원구4,충청북도 청주시 서원구 분평동((분평주공3단지아파트321동) 부근),2016-07-20 13:00:00,0,0,31.0,4,0,48.0,0,0,0,1,0,0,0,0,0,0,1,0,0,0,0,0,0,0,0,0,0,0,0,0,0,0,0,0,1,0,0,0,0,0,0,0,0,0,0,0,0,0,0,1,0,0,0,0,0,0,0,0,0,0,0,0,0,0,1,0,0,0,0,0,0,0,0
2016,충청북도 청주시 서원구4,충청북도 청주시 서원구 분평동((분평주공3단지아파트321동) 부근),2016-07-23 17:00:00,1,0,63.0,4,1,78.0,1,0,0,1,0,0,0,0,0,0,1,0,0,0,0,0,0,0,0,0,0,0,0,0,0,0,0,0,1,0,0,0,0,0,0,0,0,0,0,1,0,0,0,0,0,0,0,0,0,0,0,0,0,0,1,0,0,0,0,0,0,0,0,0,0,0,0
2016,충청북도 청주시 서원구4,충청북도 청주시 서원구 분평동((분평주공3단지아파트321동) 부근),2016-03-21 18:00:00,0,1,11.0,0,0,49.0,4,0,0,1,0,0,0,0,0,0,0,0,0,0,1,0,0,0,0,0,0,0,0,1,0,0,0,0,0,0,0,0,0,0,0,0,0,0,0,0,0,0,0,1,0,0,0,0,0,0,0,0,0,0,0,0,0,0,1,0,0,0,0,0,0,0,0
2016,충청북도 청주시 서원구7,충청북도 청주시 서원구 분평동((대원아파트905동) 부근),2016-11-14 09:00:00,0,0,48.0,4,1,24.0,0,0,0,1,0,0,0,0,0,0,1,0,0,0,0,0,0,0,0,0,0,0,0,0,0,0,0,0,1,0,0,0,0,0,0,0,0,0,0,0,0,0,0,1,0,0,0,0,0,0,0,0,0,0,0,0,0,0,1,0,0,0,0,0,0,0,0
2016,충청북도 청주시 서원구7,충청북도 청주시 서원구 분평동((대원아파트905동) 부근),2016-08-24 20:00:00,0,1,18.0,4,1,78.0,0,0,0,1,0,0,0,0,0,0,0,0,0,1,0,0,0,0,0,0,0,0,0,0,0,0,0,0,1,0,0,0,0,0,0,0,0,0,0,0,0,0,0,1,0,0,0,0,0,0,0,0,0,0,0,0,0,0,1,0,0,0,0,0,0,0,0
2016,충청북도 청주시 서원구7,충청북도 청주시 서원구 분평동((대원아파트905동) 부근),2016-08-07 19:00:00,0,1,16.0,4,1,66.0,0,0,0,1,0,0,0,0,0,0,0,0,0,0,1,0,0,0,0,0,1,0,0,0,0,0,0,0,0,0,0,0,0,0,0,0,0,0,0,0,0,0,0,1,0,0,0,0,0,0,0,1,0,0,0,0,0,0,0,0,0,0,0,0,0,0,0
2016,충청북도 청주시 서원구7,충청북도 청주시 서원구 분평동((대원아파트905동) 부근),2016-06-29 10:00:00,2,1,89.0,2,2,47.23777883246322,5,0,0,1,0,0,0,0,0,0,0,0,0,0,1,0,0,0,0,0,0,1,0,0,0,0,0,0,0,0,0,0,0,0,1,0,0,0,0,0,0,0,0,0,0,0,0,0,0,0,0,0,0,0,1,0,0,0,0,0,0,0,0,0,0,0,0
2016,충청북도 청주시 서원구5,충청북도 청주시 서원구 성화동(- 인근),2016-07-15 22:00:00,0,2,47.74785772029103,5,1,15.0,0,0,0,1,0,0,0,0,1,0,0,0,0,0,0,0,0,0,0,0,0,0,0,0,0,0,0,0,1,0,0,0,0,0,0,0,0,0,0,0,0,0,0,1,0,0,0,0,0,0,0,0,0,1,0,0,0,0,0,0,0,0,0,0,0,0,0
2016,충청북도 청주시 서원구5,충청북도 청주시 서원구 성화동(- 인근),2016-06-30 14:00:00,1,1,52.0,4,1,72.0,1,0,0,1,0,0,0,0,0,0,1,0,0,0,0,0,0,0,0,0,0,0,0,0,0,0,0,0,1,0,0,0,0,0,0,0,0,0,1,0,0,0,0,0,0,0,0,0,0,0,0,0,0,1,0,0,0,0,0,0,0,0,0,0,0,0,0
2016,충청북도 청주시 서원구5,충청북도 청주시 서원구 성화동(- 인근),2016-09-02 19:00:00,0,1,65.0,4,1,48.0,0,0,0,1,0,0,0,0,0,0,1,0,0,0,0,0,0,0,0,0,0,0,0,0,0,0,0,0,1,0,0,0,0,0,1,0,0,0,0,0,0,0,0,0,0,0,0,0,0,0,0,0,0,0,1,0,0,0,0,0,0,0,0,0,0,0,0
2016,충청북도 청주시 서원구5,충청북도 청주시 서원구 성화동(- 인근),2016-07-25 20:00:00,0,1,64.0,5,1,12.0,0,0,0,1,0,0,0,0,0,0,0,1,0,0,0,0,0,0,0,0,0,0,0,0,0,0,0,0,1,0,0,0,0,0,0,0,0,0,0,1,0,0,0,0,0,0,0,0,0,0,0,0,0,0,1,0,0,0,0,0,0,0,0,0,0,0,0
2016,충청북도 청주시 흥덕구1,충청북도 청주시 흥덕구 가경동((풍산로터미널로) 부근),2016-09-04 16:00:00,0,1,71.0,4,1,23.0,0,0,0,1,0,0,0,0,0,0,1,0,0,0,0,0,0,0,0,0,0,0,0,0,0,0,0,0,1,0,0,0,0,0,1,0,0,0,0,0,0,0,0,0,0,0,0,0,0,0,0,0,0,0,0,0,0,0,1,0,0,0,0,0,0,0,0
2016,충청북도 청주시 흥덕구1,충청북도 청주시 흥덕구 가경동((풍산로터미널로) 부근),2016-02-01 06:00:00,1,0,42.0,4,1,58.0,1,0,0,1,0,0,0,0,0,0,1,0,0,0,0,0,0,0,0,0,0,0,0,0,0,0,0,0,1,0,0,0,0,0,0,0,0,0,0,1,0,0,0,0,0,0,0,0,0,0,0,0,0,0,0,0,0,0,1,0,0,0,0,0,0,0,0
2016,충청북도 청주시 흥덕구1,충청북도 청주시 흥덕구 가경동((풍산로터미널로) 부근),2016-05-20 08:00:00,0,1,51.0,4,1,26.0,0,0,0,1,0,0,0,0,0,0,0,1,0,0,0,0,0,0,0,0,0,0,0,0,0,0,0,0,1,0,0,0,0,0,0,0,0,0,0,0,0,0,0,1,0,0,0,0,0,0,0,0,0,0,1,0,0,0,0,0,0,0,0,0,0,0,0
2016,충청북도 청주시 흥덕구1,충청북도 청주시 흥덕구 가경동((풍산로터미널로) 부근),2016-01-05 14:00:00,2,1,22.0,2,1,40.0,4,0,0,1,0,0,0,0,0,0,0,0,0,0,1,0,0,0,0,0,0,0,0,1,0,0,0,0,0,0,0,0,0,0,0,0,0,0,0,0,0,0,0,0,0,1,0,0,0,0,0,0,0,0,1,0,0,0,0,0,0,0,0,0,0,0,0
2016,충청북도 청주시 흥덕구2,충청북도 청주시 흥덕구 복대동((덕일아파트4동) 부근),2016-05-04 17:00:00,0,0,61.0,4,1,7.0,0,0,0,1,0,0,0,0,0,0,1,0,0,0,0,0,0,0,0,0,0,0,0,0,0,0,0,0,1,0,0,0,0,0,0,0,0,0,0,0,0,0,0,1,0,0,0,0,0,0,0,0,0,0,1,0,0,0,0,0,0,0,0,0,0,0,0
2016,충청북도 청주시 흥덕구2,충청북도 청주시 흥덕구 복대동((덕일아파트4동) 부근),2016-10-17 20:00:00,0,0,45.0,4,1,24.0,0,0,0,1,0,0,0,0,0,0,0,1,0,0,0,0,0,0,0,0,0,0,0,0,0,0,0,0,1,0,0,0,0,0,0,0,0,0,0,0,0,0,0,1,0,0,0,0,0,0,0,0,0,0,0,0,0,0,1,0,0,0,0,0,0,0,0
2016,충청북도 청주시 흥덕구2,충청북도 청주시 흥덕구 복대동((덕일아파트4동) 부근),2016-06-16 13:00:00,2,1,81.0,2,0,33.0,4,0,0,1,0,0,0,0,0,0,0,0,0,0,1,0,0,0,0,0,0,0,0,1,0,0,0,0,0,0,0,0,0,0,0,0,0,0,0,0,0,0,0,1,0,0,0,0,0,0,0,0,0,0,1,0,0,0,0,0,0,0,0,0,0,0,0
2016,충청북도 청주시 흥덕구2,충청북도 청주시 흥덕구 복대동((덕일아파트4동) 부근),2016-01-02 17:00:00,0,1,64.0,4,1,22.0,0,0,0,1,0,0,0,0,0,0,0,0,0,0,0,0,1,0,0,0,0,0,0,0,0,0,0,0,1,0,0,0,0,0,0,0,0,0,0,0,0,0,0,1,0,0,0,0,0,0,0,0,0,0,1,0,0,0,0,0,0,0,0,0,0,0,0
2016,충청북도 청주시 청원구1,충청북도 청주시 청원구 우암동((쌍둥이빌딩) 부근),2016-02-16 07:00:00,0,1,73.0,4,1,23.0,0,0,0,1,0,0,0,0,0,0,1,0,0,0,0,0,0,0,0,0,0,0,0,0,0,0,0,0,1,0,0,0,0,0,0,0,0,0,0,0,0,0,0,1,0,0,0,0,0,0,0,0,0,0,0,0,0,0,1,0,0,0,0,0,0,0,0
2016,충청북도 청주시 청원구1,충청북도 청주시 청원구 우암동((쌍둥이빌딩) 부근),2016-06-21 17:00:00,0,1,22.0,4,0,50.0,0,0,0,1,0,0,0,0,0,0,0,1,0,0,0,0,0,0,0,0,0,0,0,0,0,0,0,0,1,0,0,0,0,0,0,0,0,0,0,1,0,0,0,0,0,0,0,0,0,0,0,0,0,0,0,0,0,1,0,0,0,0,0,0,0,0,0
2016,충청북도 청주시 청원구1,충청북도 청주시 청원구 우암동((쌍둥이빌딩) 부근),2016-05-17 18:00:00,2,1,54.0,2,0,52.0,5,0,0,1,0,0,0,0,0,0,0,0,0,0,1,0,0,0,0,0,0,0,0,1,0,0,0,0,0,0,0,0,0,0,0,0,0,0,0,0,0,0,0,1,0,0,0,0,0,0,0,0,0,1,0,0,0,0,0,0,0,0,0,0,0,0,0
2016,충청북도 청주시 청원구1,충청북도 청주시 청원구 우암동((쌍둥이빌딩) 부근),2016-11-24 20:00:00,2,1,55.0,2,1,70.0,4,0,0,1,0,0,0,0,0,0,0,0,0,0,1,0,0,0,0,0,0,0,0,1,0,0,0,0,0,0,0,0,0,0,0,0,0,0,0,1,0,0,0,0,0,0,0,0,0,0,0,0,0,0,0,0,0,0,1,0,0,0,0,0,0,0,0
2016,충청북도 충주시2,충청북도 충주시 교현동(대가미사거리 부근),2016-01-05 14:00:00,1,0,39.0,4,1,61.0,1,0,0,1,0,0,0,0,0,0,1,0,0,0,0,0,0,0,0,0,0,0,0,0,0,0,0,0,1,0,0,0,0,0,1,0,0,0,0,0,0,0,0,0,0,0,0,0,0,0,0,0,0,0,1,0,0,0,0,0,0,0,0,0,0,0,0
2016,충청북도 충주시2,충청북도 충주시 교현동(대가미사거리 부근),2016-05-09 08:00:00,1,1,64.0,4,1,11.0,1,0,0,1,0,0,0,0,0,0,0,1,0,0,0,0,0,0,0,0,0,0,0,0,0,0,0,0,1,0,0,0,0,0,0,0,0,0,0,0,0,0,0,1,0,0,0,0,0,0,0,0,0,1,0,0,0,0,0,0,0,0,0,0,0,0,0
2016,충청북도 충주시2,충청북도 충주시 교현동(대가미사거리 부근),2016-10-14 16:00:00,1,1,20.0,4,0,68.0,1,0,0,1,0,0,0,0,0,0,0,0,0,1,0,0,0,0,0,0,0,0,0,0,0,0,0,0,1,0,0,0,0,0,0,0,0,0,0,0,0,0,0,1,0,0,0,0,0,0,0,0,0,0,0,0,0,0,1,0,0,0,0,0,0,0,0
2016,충청북도 충주시2,충청북도 충주시 교현동(대가미사거리 부근),2016-06-30 11:00:00,1,1,81.0,1,1,47.0,4,0,0,1,0,0,0,0,0,0,0,0,0,0,1,0,0,0,0,0,0,0,0,0,0,0,0,1,0,0,0,0,0,0,0,0,0,0,0,1,0,0,0,0,0,0,0,0,0,0,0,0,0,1,0,0,0,0,0,0,0,0,0,0,0,0,0
2016,충청북도 충주시4,충청북도 충주시 교현동(삼성자원 부근),2016-08-22 07:00:00,1,1,48.0,4,1,80.0,1,0,0,1,0,0,0,0,0,0,1,0,0,0,0,0,0,0,0,0,0,0,0,0,0,0,0,0,1,0,0,0,0,0,0,0,0,0,0,0,0,0,0,1,0,0,0,0,0,0,0,0,0,0,0,0,0,0,1,0,0,0,0,0,0,0,0
2016,충청북도 충주시4,충청북도 충주시 교현동(삼성자원 부근),2016-09-16 16:00:00,0,1,56.0,4,1,12.0,0,0,0,1,0,0,0,0,0,0,1,0,0,0,0,0,0,0,0,0,0,0,0,0,0,0,0,0,1,0,0,0,0,0,0,0,0,0,0,0,0,0,0,1,0,0,0,0,0,0,0,0,0,0,0,0,0,0,1,0,0,0,0,0,0,0,0
2016,충청북도 충주시4,충청북도 충주시 교현동(삼성자원 부근),2016-09-01 14:00:00,0,1,58.0,4,0,64.0,0,0,0,1,0,0,0,0,0,0,1,0,0,0,0,0,0,0,0,0,0,0,0,0,0,0,0,0,1,0,0,0,0,0,0,0,0,0,0,0,0,0,0,1,0,0,0,0,0,0,0,0,0,0,0,0,0,0,1,0,0,0,0,0,0,0,0
2016,충청북도 충주시4,충청북도 충주시 교현동(삼성자원 부근),2016-11-09 10:00:00,0,0,51.0,0,1,42.0,4,0,0,1,0,0,0,0,0,0,0,0,0,0,1,0,0,0,0,0,0,0,0,0,0,0,0,0,0,0,1,0,0,0,0,0,0,0,0,0,0,0,0,1,0,0,0,0,0,0,0,0,0,0,0,0,0,0,1,0,0,0,0,0,0,0,0
2016,충청북도 충주시3,충청북도 충주시 봉방동(봉계사거리 부근),2016-06-07 08:00:00,1,1,18.0,4,1,13.0,1,0,0,1,0,0,0,0,0,0,1,0,0,0,0,0,0,0,0,0,0,0,0,0,0,0,0,0,1,0,0,0,0,0,0,0,0,0,0,0,0,0,0,1,0,0,0,0,0,0,0,0,0,1,0,0,0,0,0,0,0,0,0,0,0,0,0
2016,충청북도 충주시3,충청북도 충주시 봉방동(봉계사거리 부근),2016-10-14 19:00:00,1,1,74.0,4,1,19.0,1,1,0,1,0,0,0,0,0,0,1,0,0,0,0,0,0,0,0,0,0,0,0,0,0,0,0,0,1,0,0,0,0,0,0,0,0,0,0,0,0,0,0,1,0,0,0,0,0,0,0,0,0,0,0,0,0,0,1,0,0,0,0,0,0,0,0
2016,충청북도 충주시3,충청북도 충주시 봉방동(봉계사거리 부근),2016-03-28 08:00:00,0,0,39.0,4,0,69.0,0,0,0,1,0,0,0,0,0,0,1,0,0,0,0,0,0,0,0,0,0,0,0,0,0,0,0,0,1,0,0,0,0,0,0,0,0,0,0,0,0,0,0,1,0,0,0,0,0,0,0,0,0,1,0,0,0,0,0,0,0,0,0,0,0,0,0