사고년도,다발시군구,지점명,사고일시,사고등급,가해자성별,가해자연령,가해자신체상해정도,피해자성별,피해자연령,피해자신체상해정도,기상상태,사망자수,부상자수,가해차종_개인형이동수단(PM),가해차종_건설기계,가해차종_기타,가해차종_농기계,가해차종_불명,가해차종_사륜오토바이(ATV),가해차종_승용차,가해차종_승합차,가해차종_원동기장치자전거,가해차종_이륜차,가해차종_자전거,가해차종_특수차,가해차종_화물차,피해차종_개인형이동수단(PM),피해차종_건설기계,피해차종_기타,피해차종_보행자,피해차종_불명,피해차종_사륜오토바이(ATV),피해차종_승용차,피해차종_승합차,피해차종_없음,피해차종_원동기장치자전거,피해차종_이륜차,피해차종_자전거,피해차종_특수차,피해차종_화물차,가해자법규위반_과속,가해자법규위반_교차로 통행방법 위반,가해자법규위반_교차로운행방법위반,가해자법규위반_기타,가해자법규위반_미분류,가해자법규위반_보행자 보호의무 위반,가해자법규위반_보행자보호의무위반,가해자법규위반_불법유턴,가해자법규위반_신호위반,가해자법규위반_안전거리 미확보,가해자법규위반_안전거리미확보,가해자법규위반_안전운전 의무 불이행,가해자법규위반_안전운전불이행,가해자법규위반_중앙선 침범,가해자법규위반_중앙선침범,가해자법규위반_직진우회전진행방해,가해자법규위반_차로위반,사고유형_차대사람 - 기타,사고유형_차대사람 - 길가장자리구역통행중,사고유형_차대사람 - 보도통행중,사고유형_차대사람 - 차도통행중,사고유형_차대사람 - 횡단중,사고유형_차대차 - 기타,사고유형_차대차 - 정면충돌,사고유형_차대차 - 추돌,사고유형_차대차 - 추돌 - 주정차중,사고유형_차대차 - 추돌 - 진행중,사고유형_차대차 - 측면직각충돌,사고유형_차대차 - 측면충돌,사고유형_차대차 - 후진중충돌,사고유형_차량단독 - 공작물충돌,사고유형_차량단독 - 기타,사고유형_차량단독 - 도로외이탈 - 추락,사고유형_차량단독 - 전도,사고유형_차량단독 - 전도전복,사고유형_차량단독 - 전도전복 - 전도
2016,경상남도 거제시4,경상남도 거제시 옥포동(이가자헤어비스 부근),2016-06-17 18:00:00,0,1,52.0,4,0,32.0,0,0,0,1,0,0,0,0,0,0,1,0,0,0,0,0,0,0,0,0,0,0,0,0,0,0,0,0,1,0,0,0,0,0,0,0,0,0,0,0,0,0,0,1,0,0,0,0,0,0,0,0,0,1,0,0,0,0,0,0,0,0,0,0,0,0,0
2016,경상남도 거제시4,경상남도 거제시 옥포동(이가자헤어비스 부근),2016-05-30 20:00:00,0,1,54.0,4,1,56.0,0,0,0,1,0,0,0,0,0,0,1,0,0,0,0,0,0,0,0,0,0,0,0,0,0,0,0,0,1,0,0,0,0,0,0,0,0,0,0,0,0,0,0,1,0,0,0,0,0,0,0,0,0,0,0,0,0,0,1,0,0,0,0,0,0,0,0
2016,경상남도 거제시4,경상남도 거제시 옥포동(이가자헤어비스 부근),2016-01-18 11:00:00,1,1,55.0,4,1,73.0,1,0,0,1,0,0,0,0,0,0,0,0,0,0,0,1,0,0,0,0,0,0,0,0,0,0,0,0,1,0,0,0,0,0,0,0,0,0,0,0,0,0,0,1,0,0,0,0,0,0,0,0,0,0,0,0,0,0,1,0,0,0,0,0,0,0,0
2016,경상남도 거제시4,경상남도 거제시 옥포동(이가자헤어비스 부근),2016-06-17 16:00:00,1,1,33.0,4,1,52.0,1,0,0,1,0,0,0,0,0,0,0,0,0,0,0,0,1,0,0,0,0,0,0,0,0,0,0,0,1,0,0,0,0,0,0,0,0,0,0,0,0,0,0,1,0,0,0,0,0,0,0,0,0,1,0,0,0,0,0,0,0,0,0,0,0,0,0
2016,경상남도 거제시6,경상남도 거제시 옥포동(한양입시학원 부근),2016-02-27 06:00:00,0,1,46.0,4,1,43.0,0,0,0,1,0,0,0,0,0,0,1,0,0,0,0,0,0,0,0,0,0,0,0,0,0,0,0,0,1,0,0,0,0,1,0,0,0,0,0,0,0,0,0,0,0,0,0,0,0,0,0,0,0,0,0,0,0,0,1,0,0,0,0,0,0,0,0
2016,경상남도 거제시6,경상남도 거제시 옥포동(한양입시학원 부근),2016-11-09 18:00:00,0,1,56.0,4,1,46.0,0,0,0,1,0,0,0,0,0,0,1,0,0,0,0,0,0,0,0,0,0,0,0,0,0,0,0,0,1,0,0,0,0,0,0,0,0,0,0,0,0,0,0,1,0,0,0,0,0,0,0,0,0,0,0,0,0,0,1,0,0,0,0,0,0,0,0
2016,경상남도 거제시6,경상남도 거제시 옥포동(한양입시학원 부근),2016-01-04 07:00:00,0,1,63.0,4,1,25.0,0,0,0,1,0,0,0,0,0,0,1,0,0,0,0,0,0,0,0,0,0,0,0,0,0,0,0,0,1,0,0,0,0,0,0,0,0,0,0,0,0,0,0,1,0,0,0,0,0,0,0,0,0,0,0,0,0,0,1,0,0,0,0,0,0,0,0
2016,경상남도 거제시6,경상남도 거제시 옥포동(한양입시학원 부근),2016-02-20 07:00:00,0,1,41.0,4,1,35.0,0,0,0,1,0,0,0,0,0,0,0,0,0,1,0,0,0,0,0,0,0,0,0,0,0,0,0,0,1,0,0,0,0,0,0,0,0,0,0,0,0,0,0,1,0,0,0,0,0,0,0,0,0,0,0,0,0,1,0,0,0,0,0,0,0,0,0
2016,경상남도 거제시6,경상남도 거제시 옥포동(한양입시학원 부근),2016-07-07 08:00:00,1,2,47.74785772029103,5,0,51.0,1,0,0,1,0,0,0,0,0,0,0,0,0,0,1,0,0,0,0,0,1,0,0,0,0,0,0,0,0,0,0,0,0,0,0,0,0,0,0,0,0,0,0,1,0,0,0,0,1,0,0,0,0,0,0,0,0,0,0,0,0,0,0,0,0,0,0
2016,경상남도 거제시2,경상남도 거제시 장평동(장평초등학교 부근),2016-11-08 21:00:00,1,1,27.0,4,1,50.0,1,0,0,1,0,0,0,0,0,0,0,0,0,1,0,0,0,0,0,0,0,0,0,0,0,0,0,0,1,0,0,0,0,0,0,0,0,0,0,0,0,0,0,1,0,0,0,0,0,0,0,0,0,0,0,0,0,0,1,0,0,0,0,0,0,0,0
2016,경상남도 거제시2,경상남도 거제시 장평동(장평초등학교 부근),2016-06-13 07:00:00,0,1,30.0,4,0,41.0,0,0,0,1,0,0,0,0,0,0,0,0,0,1,0,0,0,0,0,0,0,0,0,0,0,0,0,0,1,0,0,0,0,0,0,0,0,0,0,0,0,0,0,1,0,0,0,0,0,0,0,0,0,1,0,0,0,0,0,0,0,0,0,0,0,0,0
2016,경상남도 거제시2,경상남도 거제시 장평동(장평초등학교 부근),2016-12-25 06:00:00,0,1,31.0,4,1,24.0,0,0,0,1,0,0,0,0,0,0,0,0,0,1,0,0,0,0,0,0,0,0,0,0,0,0,0,0,1,0,0,0,0,0,0,0,0,0,0,0,0,0,0,1,0,0,0,0,0,0,0,0,0,0,0,0,0,0,1,0,0,0,0,0,0,0,0
2016,경상남도 거제시2,경상남도 거제시 장평동(장평초등학교 부근),2016-01-22 17:00:00,1,1,40.0,1,1,41.0,1,0,0,2,0,0,0,0,0,0,0,0,0,0,1,0,0,0,0,0,0,0,0,0,0,0,0,1,0,0,0,0,0,0,0,0,0,0,0,0,0,0,0,0,0,0,0,1,0,0,0,0,0,0,1,0,0,0,0,0,0,0,0,0,0,0,0
2016,경상남도 거제시2,경상남도 거제시 장평동(장평초등학교 부근),2016-11-29 07:00:00,0,1,46.0,0,1,44.0,0,0,0,2,0,0,0,0,0,0,0,0,0,0,1,0,0,0,0,0,0,0,0,0,0,0,0,0,1,0,0,0,0,0,0,0,0,0,0,0,0,0,0,1,0,0,0,0,0,0,0,0,0,0,0,0,0,0,1,0,0,0,0,0,0,0,0
2016,경상남도 거제시5,경상남도 거제시 장평동(삼성중공업사원아파트 부근),2016-12-14 09:00:00,1,0,45.0,4,1,42.0,1,0,0,1,0,0,0,0,0,0,1,0,0,0,0,0,0,0,0,0,0,0,0,0,0,0,0,0,1,0,0,0,0,0,0,0,0,0,0,0,0,0,0,1,0,0,0,0,0,0,0,0,0,1,0,0,0,0,0,0,0,0,0,0,0,0,0
2016,경상남도 거제시5,경상남도 거제시 장평동(삼성중공업사원아파트 부근),2016-12-28 17:00:00,1,1,25.0,4,1,57.0,1,0,0,1,0,0,0,0,0,0,0,0,0,1,0,0,0,0,0,0,0,0,0,0,0,0,0,0,1,0,0,0,0,0,0,0,0,0,0,0,0,0,0,1,0,0,0,0,0,0,0,0,0,0,0,0,0,1,0,0,0,0,0,0,0,0,0
2016,경상남도 거제시5,경상남도 거제시 장평동(삼성중공업사원아파트 부근),2016-06-08 07:00:00,0,1,23.0,4,1,37.0,0,0,0,1,0,0,0,0,0,0,0,0,0,0,1,0,0,0,0,0,0,0,0,0,0,0,0,0,1,0,0,0,0,0,0,0,0,0,0,0,0,0,0,0,0,1,0,0,0,0,0,0,0,0,0,0,0,0,1,0,0,0,0,0,0,0,0
2016,경상남도 거제시5,경상남도 거제시 장평동(삼성중공업사원아파트 부근),2016-09-01 18:00:00,0,1,53.0,4,1,31.0,0,2,0,1,0,0,0,0,0,0,0,0,0,0,1,0,0,0,0,0,0,0,0,0,0,0,0,1,0,0,0,0,0,0,0,0,0,0,0,0,0,0,0,1,0,0,0,0,0,0,0,0,0,0,0,0,0,0,1,0,0,0,0,0,0,0,0
2016,경상남도 거제시5,경상남도 거제시 장평동(삼성중공업사원아파트 부근),2016-06-29 07:00:00,0,1,62.0,5,1,33.0,0,0,0,1,0,0,0,0,0,0,0,0,0,0,1,0,0,0,0,0,0,0,0,0,0,0,0,1,0,0,0,0,0,0,0,0,0,0,0,0,0,0,0,1,0,0,0,0,0,0,0,0,0,1,0,0,0,0,0,0,0,0,0,0,0,0,0
2016,경상남도 거제시1,경상남도 거제시 고현동(하이프라자 부근),2016-01-13 06:00:00,0,1,26.0,4,1,48.0,0,0,0,1,0,0,0,0,0,0,1,0,0,0,0,0,0,0,0,0,0,0,0,0,0,0,0,0,1,0,0,0,0,1,0,0,0,0,0,0,0,0,0,0,0,0,0,0,0,0,0,0,0,0,0,0,0,0,1,0,0,0,0,0,0,0,0
2016,경상남도 거제시1,경상남도 거제시 고현동(하이프라자 부근),2016-07-06 17:00:00,1,1,55.0,4,1,51.0,1,0,0,5,0,0,0,0,0,0,1,0,0,0,0,0,0,0,0,0,0,0,0,0,0,0,0,0,1,0,0,0,0,0,0,0,0,0,0,1,0,0,0,0,0,0,0,0,0,0,0,0,0,1,0,0,0,0,0,0,0,0,0,0,0,0,0
2016,경상남도 거제시1,경상남도 거제시 고현동(하이프라자 부근),2016-10-09 15:00:00,1,1,63.0,4,1,24.0,1,0,0,1,0,0,0,0,0,0,1,0,0,0,0,0,0,0,0,0,0,0,0,0,0,0,0,0,1,0,0,0,0,0,0,0,0,0,0,1,0,0,0,0,0,0,0,0,0,0,0,0,0,0,0,0,0,0,1,0,0,0,0,0,0,0,0
2016,경상남도 거제시1,경상남도 거제시 고현동(하이프라자 부근),2016-10-13 07:00:00,1,0,44.0,4,1,29.0,1,0,0,1,0,0,0,0,0,0,1,0,0,0,0,0,0,0,0,0,0,0,0,0,0,0,0,0,1,0,0,0,0,0,0,0,0,0,0,1,0,0,0,0,0,0,0,0,0,0,0,0,0,0,0,0,0,1,0,0,0,0,0,0,0,0,0
2016,경상남도 거제시1,경상남도 거제시 고현동(하이프라자 부근),2016-10-09 17:00:00,0,1,16.0,0,1,34.0,4,0,0,1,0,0,0,0,0,0,0,0,0,0,1,0,0,0,0,0,0,0,0,1,0,0,0,0,0,0,0,0,0,0,0,0,0,0,0,0,0,0,0,1,0,0,0,0,0,0,0,0,0,0,0,0,0,0,1,0,0,0,0,0,0,0,0
2016,경상남도 거제시3,경상남도 거제시 연초면(다이빙월드 부근),2016-09-08 05:00:00,1,1,45.0,4,1,44.0,1,0,0,1,0,0,0,0,0,0,1,0,0,0,0,0,0,0,0,0,0,0,0,0,0,0,0,0,1,0,0,0,0,0,0,0,0,0,0,0,0,0,0,1,0,0,0,0,0,0,0,0,0,0,0,0,0,0,1,0,0,0,0,0,0,0,0
2016,경상남도 거제시3,경상남도 거제시 연초면(다이빙월드 부근),2016-11-25 22:00:00,1,1,18.0,4,1,36.0,1,0,0,1,0,0,0,0,0,0,0,0,0,1,0,0,0,0,0,0,0,0,0,0,0,0,0,0,1,0,0,0,0,0,0,0,0,0,0,0,0,0,0,1,0,0,0,0,0,0,0,0,0,0,0,0,0,0,1,0,0,0,0,0,0,0,0
2016,경상남도 거제시3,경상남도 거제시 연초면(다이빙월드 부근),2016-03-15 20:00:00,0,1,44.0,0,1,38.0,4,0,0,1,0,0,0,0,0,0,0,0,0,0,1,0,0,0,0,0,0,0,0,1,0,0,0,0,0,0,0,0,0,0,0,0,0,0,0,0,0,0,0,1,0,0,0,0,0,0,0,0,0,0,0,0,0,0,1,0,0,0,0,0,0,0,0
2016,경상남도 거제시3,경상남도 거제시 연초면(다이빙월드 부근),2016-02-19 21:00:00,0,1,44.0,4,0,45.0,0,0,0,1,0,0,0,0,0,0,0,0,0,0,1,0,0,0,0,0,1,0,0,0,0,0,0,0,0,0,0,0,0,0,0,0,0,1,0,0,0,0,0,0,0,0,0,0,0,0,0,0,1,0,0,0,0,0,0,0,0,0,0,0,0,0,0
2016,경상남도 거제시3,경상남도 거제시 연초면(다이빙월드 부근),2016-01-30 17:00:00,1,1,46.0,4,0,43.0,1,0,0,1,0,0,0,0,0,0,0,0,0,0,1,0,0,0,0,0,0,0,0,0,0,0,1,0,0,0,0,0,0,0,0,0,0,0,0,0,0,0,0,1,0,0,0,0,0,0,0,0,0,0,0,0,0,0,1,0,0,0,0,0,0,0,0
2016,경상남도 양산시2,경상남도 양산시 남부동(현대치과의원 부근),2016-02-29 11:00:00,2,1,45.0,5,1,10.0,2,0,0,1,0,0,0,0,0,0,1,0,0,0,0,0,0,0,0,0,0,0,0,0,0,0,0,0,1,0,0,0,0,0,0,0,0,0,0,0,0,0,0,1,0,0,0,0,0,0,0,0,0,0,0,0,0,0,1,0,0,0,0,0,0,0,0
2016,경상남도 양산시2,경상남도 양산시 남부동(현대치과의원 부근),2016-08-14 14:00:00,0,1,45.0,4,1,59.0,0,0,0,1,0,0,0,0,0,0,1,0,0,0,0,0,0,0,0,0,0,0,0,0,0,0,0,0,1,0,0,0,0,0,0,0,0,0,0,0,0,0,0,1,0,0,0,0,0,0,0,0,0,0,1,0,0,0,0,0,0,0,0,0,0,0,0
2016,경상남도 양산시2,경상남도 양산시 남부동(현대치과의원 부근),2016-07-18 08:00:00,1,0,29.0,4,1,73.0,1,0,0,1,0,0,0,0,0,0,1,0,0,0,0,0,0,0,0,0,0,0,0,0,0,0,0,0,1,0,0,0,0,0,0,0,0,0,0,0,0,0,0,0,0,0,1,0,0,0,0,0,0,0,0,0,0,0,1,0,0,0,0,0,0,0,0
2016,경상남도 양산시2,경상남도 양산시 남부동(현대치과의원 부근),2016-08-08 13:00:00,0,1,56.0,4,1,9.0,0,0,0,1,0,0,0,0,0,0,0,1,0,0,0,0,0,0,0,0,0,0,0,0,0,0,0,0,1,0,0,0,0,0,0,0,0,1,0,0,0,0,0,0,0,0,0,0,0,0,0,0,0,1,0,0,0,0,0,0,0,0,0,0,0,0,0
2016,경상남도 양산시2,경상남도 양산시 남부동(현대치과의원 부근),2016-12-13 18:00:00,2,1,17.0,2,0,56.0,4,0,0,1,0,0,0,0,0,0,0,0,0,0,1,0,0,0,0,0,0,0,0,1,0,0,0,0,0,0,0,0,0,0,0,0,0,0,0,0,0,0,0,1,0,0,0,0,0,0,0,0,0,0,0,0,0,0,1,0,0,0,0,0,0,0,0
2016,경상남도 양산시1,경상남도 양산시 중부동(수정원 부근),2016-09-07 19:00:00,2,1,29.0,4,1,55.0,2,0,0,1,0,0,0,0,0,0,1,0,0,0,0,0,0,0,0,0,0,0,0,0,0,0,0,0,1,0,0,0,0,0,0,0,0,0,0,0,0,0,0,1,0,0,0,0,0,0,0,0,0,0,1,0,0,0,0,0,0,0,0,0,0,0,0
2016,경상남도 양산시1,경상남도 양산시 중부동(수정원 부근),2016-07-11 18:00:00,0,1,51.0,4,1,9.0,0,0,0,1,0,0,0,0,0,0,1,0,0,0,0,0,0,0,0,0,0,0,0,0,0,0,0,0,1,0,0,0,0,0,0,0,0,0,0,1,0,0,0,0,0,0,0,0,0,0,0,0,0,0,1,0,0,0,0,0,0,0,0,0,0,0,0
2016,경상남도 양산시1,경상남도 양산시 중부동(수정원 부근),2016-06-23 21:00:00,0,0,26.0,4,1,17.0,0,0,0,1,0,0,0,0,0,0,1,0,0,0,0,0,0,0,0,0,0,0,0,0,0,0,0,0,1,0,0,0,0,0,0,0,0,0,0,1,0,0,0,0,0,0,0,0,0,0,0,0,0,1,0,0,0,0,0,0,0,0,0,0,0,0,0
2016,경상남도 양산시1,경상남도 양산시 중부동(수정원 부근),2016-06-18 18:00:00,0,1,18.0,0,0,48.0,4,0,0,1,0,0,0,0,0,0,0,0,0,0,1,0,0,0,0,0,0,0,0,1,0,0,0,0,0,0,0,0,0,0,0,0,0,0,0,0,0,0,0,1,0,0,0,0,0,0,0,0,0,0,0,0,0,1,0,0,0,0,0,0,0,0,0
2016,경상남도 양산시1,경상남도 양산시 중부동(수정원 부근),2016-12-06 17:00:00,1,1,70.0,4,1,20.0,1,0,0,1,0,0,0,0,0,0,0,0,0,0,1,0,0,0,0,0,0,0,0,0,0,0,0,1,0,0,0,0,0,0,0,0,0,0,0,0,0,0,0,0,0,1,0,0,0,0,0,0,0,0,0,0,0,0,1,0,0,0,0,0,0,0,0
2016,경상남도 창녕군1,경상남도 창녕군 남지읍(새경남약국 부근),2016-06-05 14:00:00,1,1,38.0,4,0,68.0,1,0,0,1,0,0,0,0,0,0,1,0,0,0,0,0,0,0,0,0,0,0,0,0,0,0,0,0,1,0,0,0,0,0,0,0,0,0,0,0,0,0,0,1,0,0,0,0,0,0,0,0,0,0,0,0,0,1,0,0,0,0,0,0,0,0,0
2016,경상남도 창녕군1,경상남도 창녕군 남지읍(새경남약국 부근),2016-09-20 21:00:00,0,1,66.0,0,0,55.0,4,0,0,1,0,0,0,0,0,0,0,0,0,0,1,0,0,0,0,0,0,0,0,0,1,0,0,0,0,0,0,0,0,0,0,0,0,0,0,0,0,0,0,1,0,0,0,0,0,0,0,0,0,0,0,0,0,0,1,0,0,0,0,0,0,0,0
2016,경상남도 창녕군1,경상남도 창녕군 남지읍(새경남약국 부근),2016-05-24 17:00:00,1,1,72.0,1,0,28.0,4,0,0,1,0,0,0,0,0,0,0,0,0,0,1,0,0,0,0,0,0,0,0,1,0,0,0,0,0,0,0,0,0,0,0,0,0,0,0,0,0,0,0,1,0,0,0,0,0,0,0,0,0,0,1,0,0,0,0,0,0,0,0,0,0,0,0
2016,경상남도 창녕군1,경상남도 창녕군 남지읍(새경남약국 부근),2016-12-07 19:00:00,0,0,52.0,4,0,57.0,0,0,0,1,0,0,0,0,0,0,0,0,0,0,0,0,1,0,0,0,0,0,0,0,0,0,0,0,1,0,0,0,0,0,0,0,0,0,0,0,0,0,0,1,0,0,0,0,0,0,0,0,0,1,0,0,0,0,0,0,0,0,0,0,0,0,0
2016,경상남도 거창군1,경상남도 거창군 거창읍(이주형치과 부근),2016-10-21 14:00:00,0,0,55.0,5,0,73.0,0,0,0,1,0,0,0,0,0,0,0,0,0,1,0,0,0,0,0,0,0,0,0,0,0,0,0,0,1,0,0,0,0,0,0,0,0,0,0,0,0,0,0,1,0,0,0,0,0,0,0,0,0,0,1,0,0,0,0,0,0,0,0,0,0,0,0
2016,경상남도 거창군1,경상남도 거창군 거창읍(이주형치과 부근),2016-01-09 15:00:00,0,1,13.0,0,0,53.0,4,0,0,1,0,0,0,0,0,0,0,0,0,0,1,0,0,0,0,0,0,0,0,1,0,0,0,0,0,0,0,0,0,0,0,0,0,0,0,0,0,0,0,1,0,0,0,0,0,0,0,0,0,0,0,0,0,1,0,0,0,0,0,0,0,0,0
2016,경상남도 거창군1,경상남도 거창군 거창읍(이주형치과 부근),2016-06-22 08:00:00,0,1,73.0,0,0,20.0,4,0,0,1,0,0,0,0,0,0,0,0,0,0,1,0,0,0,0,0,0,0,0,1,0,0,0,0,0,0,0,0,0,0,0,0,0,0,0,0,0,0,0,1,0,0,0,0,0,0,0,0,0,0,0,0,0,0,1,0,0,0,0,0,0,0,0
2016,경상남도 거창군1,경상남도 거창군 거창읍(이주형치과 부근),2016-08-11 09:00:00,0,1,76.0,5,1,77.0,0,0,0,1,0,0,0,0,0,0,0,0,0,0,0,0,1,0,0,0,0,0,0,0,0,0,0,0,1,0,0,0,0,0,0,0,0,0,0,0,0,0,0,1,0,0,0,0,0,0,0,0,0,1,0,0,0,0,0,0,0,0,0,0,0,0,0
2016,제주특별자치도 제주시1,제주특별자치도 제주시 일도일동(중앙사거리 부근),2016-12-18 19:00:00,1,1,56.0,4,1,23.0,1,0,0,1,0,0,0,0,0,0,1,0,0,0,0,0,0,0,0,0,0,0,0,0,0,0,0,0,1,0,0,0,0,0,0,0,0,0,0,0,0,0,0,1,0,0,0,0,0,0,0,0,0,0,1,0,0,0,0,0,0,0,0,0,0,0,0
2016,제주특별자치도 제주시1,제주특별자치도 제주시 일도일동(중앙사거리 부근),2016-05-19 19:00:00,0,1,10.0,0,1,21.0,4,0,0,1,0,0,0,0,0,0,0,0,0,0,1,0,0,0,0,0,0,0,0,1,0,0,0,0,0,0,0,0,0,0,0,0,0,0,0,0,0,0,0,1,0,0,0,0,0,0,0,0,0,0,0,0,0,0,1,0,0,0,0,0,0,0,0
2016,제주특별자치도 제주시1,제주특별자치도 제주시 일도일동(중앙사거리 부근),2016-08-20 23:00:00,0,1,48.0,0,0,52.0,4,3,0,1,0,0,0,0,0,0,0,0,0,0,1,0,0,0,0,0,0,0,0,1,0,0,0,0,0,0,0,0,0,0,0,0,0,0,0,0,0,0,0,1,0,0,0,0,0,0,0,0,0,0,1,0,0,0,0,0,0,0,0,0,0,0,0
2016,제주특별자치도 제주시1,제주특별자치도 제주시 일도일동(중앙사거리 부근),2016-06-07 12:00:00,2,1,56.0,2,1,18.0,4,0,0,1,0,0,0,0,0,0,0,0,0,0,1,0,0,0,0,0,0,0,0,1,0,0,0,0,0,0,0,0,0,0,0,0,0,0,0,0,0,0,0,0,0,0,0,1,0,0,0,0,0,0,1,0,0,0,0,0,0,0,0,0,0,0,0
2016,제주특별자치도 제주시2,제주특별자치도 제주시 이도이동(법원사거리 부근),2016-07-12 18:00:00,0,2,47.74785772029103,5,1,14.0,0,2,0,1,0,0,0,0,1,0,0,0,0,0,0,0,0,0,0,0,0,0,0,0,0,0,0,0,1,0,0,0,0,0,0,0,0,0,0,1,0,0,0,0,0,0,0,0,0,0,0,0,0,0,0,0,0,1,0,0,0,0,0,0,0,0,0
2016,제주특별자치도 제주시2,제주특별자치도 제주시 이도이동(법원사거리 부근),2016-03-22 08:00:00,0,0,29.0,4,1,12.0,0,0,0,1,0,0,0,0,0,0,1,0,0,0,0,0,0,0,0,0,0,0,0,0,0,0,0,0,1,0,0,0,0,0,0,0,0,0,0,1,0,0,0,0,0,0,0,0,0,0,0,0,0,0,0,0,0,0,1,0,0,0,0,0,0,0,0
2016,제주특별자치도 제주시2,제주특별자치도 제주시 이도이동(법원사거리 부근),2016-06-01 18:00:00,0,1,25.0,4,1,17.0,0,0,0,1,0,0,0,0,0,0,0,0,0,1,0,0,0,0,0,0,0,0,0,0,0,0,0,0,1,0,0,0,0,0,0,0,0,0,0,0,0,0,0,1,0,0,0,0,0,0,0,0,0,0,0,0,0,0,1,0,0,0,0,0,0,0,0
2016,제주특별자치도 제주시2,제주특별자치도 제주시 이도이동(법원사거리 부근),2016-04-15 16:00:00,0,1,13.0,0,1,40.0,4,0,0,1,0,0,0,0,0,0,0,0,0,0,1,0,0,0,0,0,0,0,0,1,0,0,0,0,0,0,0,0,0,1,0,0,0,0,0,0,0,0,0,0,0,0,0,0,0,0,0,0,0,1,0,0,0,0,0,0,0,0,0,0,0,0,0
2017,서울특별시 종로구3,서울특별시 종로구 관철동(관수파출소 부근),2017-04-29 15:00:00,0,1,66.0,4,1,40.0,0,0,0,1,0,0,0,0,0,0,1,0,0,0,0,0,0,0,0,0,0,0,0,0,0,0,0,0,1,0,0,0,0,0,0,0,0,0,0,0,0,0,0,1,0,0,0,0,0,0,0,0,0,0,0,0,0,0,0,1,0,0,0,0,0,0,0
2017,서울특별시 종로구3,서울특별시 종로구 관철동(관수파출소 부근),2017-11-21 18:00:00,0,1,55.0,4,1,41.0,0,0,0,1,0,0,0,0,0,0,0,0,1,0,0,0,0,0,0,0,0,0,0,0,0,0,0,0,1,0,0,0,0,0,0,0,0,0,0,1,0,0,0,0,0,0,0,0,0,0,0,0,0,0,0,0,0,0,0,1,0,0,0,0,0,0,0
2017,서울특별시 종로구3,서울특별시 종로구 관철동(관수파출소 부근),2017-03-08 18:00:00,0,1,54.0,4,1,37.0,4,0,0,1,0,0,0,0,0,0,0,0,0,0,1,0,0,0,0,0,0,0,0,1,0,0,0,0,0,0,0,0,0,0,0,0,0,0,0,1,0,0,0,0,0,0,0,0,0,0,0,0,0,0,0,0,0,0,0,1,0,0,0,0,0,0,0
2017,서울특별시 종로구3,서울특별시 종로구 관철동(관수파출소 부근),2017-05-07 15:00:00,0,1,61.0,4,0,57.0,0,0,0,1,0,0,0,0,0,0,0,0,0,0,1,0,0,0,0,0,1,0,0,0,0,0,0,0,0,0,0,0,0,0,1,0,0,0,0,0,0,0,0,0,0,0,0,0,0,0,0,0,1,0,0,0,0,0,0,0,0,0,0,0,0,0,0
2017,서울특별시 종로구2,서울특별시 종로구 종로5가(종로5가역 부근),2017-03-17 11:00:00,0,1,49.0,0,1,69.0,4,0,0,1,0,0,0,0,0,0,0,0,0,0,1,0,0,0,0,0,0,0,0,1,0,0,0,0,0,0,0,0,0,0,0,0,0,0,0,0,0,0,0,1,0,0,0,0,0,0,0,0,0,0,0,0,0,0,0,1,0,0,0,0,0,0,0
2017,서울특별시 종로구2,서울특별시 종로구 종로5가(종로5가역 부근),2017-12-06 12:00:00,1,1,54.0,4,1,52.0,4,0,0,1,0,0,0,0,0,0,0,0,0,0,1,0,0,0,0,0,0,0,0,0,1,0,0,0,0,0,0,0,0,0,0,0,0,0,0,1,0,0,0,0,0,0,0,0,0,0,0,0,0,1,0,0,0,0,0,0,0,0,0,0,0,0,0
2017,서울특별시 종로구2,서울특별시 종로구 종로5가(종로5가역 부근),2017-06-15 22:00:00,2,1,62.0,2,1,45.0,4,0,0,1,0,0,0,0,0,0,0,0,0,0,1,0,0,0,0,0,0,0,0,0,1,0,0,0,0,0,0,0,0,0,0,0,0,0,0,0,0,0,0,1,0,0,0,0,0,0,0,0,0,0,0,0,0,0,0,1,0,0,0,0,0,0,0
2017,서울특별시 종로구2,서울특별시 종로구 종로5가(종로5가역 부근),2017-10-31 11:00:00,2,0,64.0,2,1,34.0,4,0,0,1,0,0,0,0,0,0,0,0,0,0,1,0,0,0,0,0,0,0,0,0,0,0,0,0,0,0,1,0,0,0,0,0,0,0,0,0,0,0,0,1,0,0,0,0,0,0,0,0,0,0,0,0,0,0,0,1,0,0,0,0,0,0,0
2017,서울특별시 종로구1,서울특별시 종로구 종로6가(동대문역 1번출구 부근),2017-07-25 15:00:00,1,1,32.0,4,1,12.0,1,0,0,1,0,0,0,0,0,0,1,0,0,0,0,0,0,0,0,0,0,0,0,0,0,0,0,0,1,0,0,0,0,0,0,0,0,0,0,0,0,0,0,1,0,0,0,0,0,0,0,0,0,0,0,0,0,0,0,1,0,0,0,0,0,0,0
2017,서울특별시 종로구1,서울특별시 종로구 종로6가(동대문역 1번출구 부근),2017-12-27 14:00:00,3,1,64.0,4,1,49.0,3,0,1,5,0,0,0,0,0,0,1,0,0,0,0,0,0,0,0,0,0,0,0,0,0,0,0,0,1,0,0,0,0,0,0,0,0,0,0,0,0,0,0,1,0,0,0,0,0,0,0,0,0,0,0,1,0,0,0,0,0,0,0,0,0,0,0