사고년도,다발시군구,지점명,사고일시,사고등급,가해자성별,가해자연령,가해자신체상해정도,피해자성별,피해자연령,피해자신체상해정도,기상상태,사망자수,부상자수,가해차종_개인형이동수단(PM),가해차종_건설기계,가해차종_기타,가해차종_농기계,가해차종_불명,가해차종_사륜오토바이(ATV),가해차종_승용차,가해차종_승합차,가해차종_원동기장치자전거,가해차종_이륜차,가해차종_자전거,가해차종_특수차,가해차종_화물차,피해차종_개인형이동수단(PM),피해차종_건설기계,피해차종_기타,피해차종_보행자,피해차종_불명,피해차종_사륜오토바이(ATV),피해차종_승용차,피해차종_승합차,피해차종_없음,피해차종_원동기장치자전거,피해차종_이륜차,피해차종_자전거,피해차종_특수차,피해차종_화물차,가해자법규위반_과속,가해자법규위반_교차로 통행방법 위반,가해자법규위반_교차로운행방법위반,가해자법규위반_기타,가해자법규위반_미분류,가해자법규위반_보행자 보호의무 위반,가해자법규위반_보행자보호의무위반,가해자법규위반_불법유턴,가해자법규위반_신호위반,가해자법규위반_안전거리 미확보,가해자법규위반_안전거리미확보,가해자법규위반_안전운전 의무 불이행,가해자법규위반_안전운전불이행,가해자법규위반_중앙선 침범,가해자법규위반_중앙선침범,가해자법규위반_직진우회전진행방해,가해자법규위반_차로위반,사고유형_차대사람 - 기타,사고유형_차대사람 - 길가장자리구역통행중,사고유형_차대사람 - 보도통행중,사고유형_차대사람 - 차도통행중,사고유형_차대사람 - 횡단중,사고유형_차대차 - 기타,사고유형_차대차 - 정면충돌,사고유형_차대차 - 추돌,사고유형_차대차 - 추돌 - 주정차중,사고유형_차대차 - 추돌 - 진행중,사고유형_차대차 - 측면직각충돌,사고유형_차대차 - 측면충돌,사고유형_차대차 - 후진중충돌,사고유형_차량단독 - 공작물충돌,사고유형_차량단독 - 기타,사고유형_차량단독 - 도로외이탈 - 추락,사고유형_차량단독 - 전도,사고유형_차량단독 - 전도전복,사고유형_차량단독 - 전도전복 - 전도
2017,서울특별시 영등포구10,서울특별시 영등포구 여의도동(여의나루역 부근),2017-09-29 15:00:00,0,1,46.0,0,2,47.23777883246322,6,0,0,1,0,0,0,0,0,0,0,0,0,0,1,0,0,0,0,0,0,0,0,0,0,1,0,0,0,0,0,0,0,0,0,0,0,0,0,0,0,0,0,1,0,0,0,0,0,0,0,0,0,0,0,0,0,0,0,0,0,0,0,0,0,0,1
2017,서울특별시 영등포구10,서울특별시 영등포구 여의도동(여의나루역 부근),2017-08-07 21:00:00,1,0,22.0,0,1,43.0,1,0,0,2,0,0,0,0,0,0,0,0,0,0,1,0,0,0,0,0,0,0,0,0,0,0,0,0,1,0,0,0,0,0,0,0,0,0,0,0,0,0,0,1,0,0,0,0,0,0,0,0,0,0,1,0,0,0,0,0,0,0,0,0,0,0,0
2017,서울특별시 영등포구10,서울특별시 영등포구 여의도동(여의나루역 부근),2017-04-23 16:00:00,0,0,48.0,4,1,91.0,0,0,0,1,0,0,0,0,0,0,0,0,0,0,1,0,0,0,0,0,1,0,0,0,0,0,0,0,0,0,0,0,0,0,0,0,0,0,0,0,0,0,0,1,0,0,0,0,0,0,0,0,1,0,0,0,0,0,0,0,0,0,0,0,0,0,0
2017,서울특별시 영등포구12,서울특별시 영등포구 여의도동(시범아파트앞 부근),2017-03-18 12:00:00,1,1,14.0,4,1,25.0,1,0,0,1,0,0,0,0,0,0,0,0,0,0,1,0,0,0,0,0,0,0,0,0,0,0,0,0,1,0,0,0,0,0,0,0,0,0,0,0,0,0,0,1,0,0,0,0,0,0,0,0,0,1,0,0,0,0,0,0,0,0,0,0,0,0,0
2017,서울특별시 영등포구12,서울특별시 영등포구 여의도동(시범아파트앞 부근),2017-09-10 16:00:00,0,1,26.0,0,1,5.0,4,0,0,1,0,0,0,0,0,0,0,0,0,0,1,0,0,0,0,0,1,0,0,0,0,0,0,0,0,0,0,0,0,0,0,0,0,0,0,0,0,1,0,0,0,0,0,0,0,1,0,0,0,0,0,0,0,0,0,0,0,0,0,0,0,0,0
2017,서울특별시 영등포구12,서울특별시 영등포구 여의도동(시범아파트앞 부근),2017-08-05 09:00:00,0,1,40.0,4,0,47.0,0,0,0,1,0,0,0,0,0,0,0,0,0,0,1,0,0,0,0,0,1,0,0,0,0,0,0,0,0,0,0,0,0,0,0,0,0,0,0,0,0,0,0,1,0,0,0,0,0,0,0,0,1,0,0,0,0,0,0,0,0,0,0,0,0,0,0
2017,서울특별시 영등포구12,서울특별시 영등포구 여의도동(시범아파트앞 부근),2017-10-07 15:00:00,2,0,19.0,4,1,1.0,2,0,0,1,0,0,0,0,0,0,0,0,0,0,1,0,0,0,0,0,1,0,0,0,0,0,0,0,0,0,0,0,0,0,0,0,0,0,0,0,0,0,0,1,0,0,0,0,1,0,0,0,0,0,0,0,0,0,0,0,0,0,0,0,0,0,0
2017,서울특별시 영등포구1,서울특별시 영등포구 당산동1가(양화한강공원출구 부근),2017-05-27 16:00:00,0,1,14.0,4,0,55.0,0,0,0,1,0,0,0,0,0,0,0,0,0,0,1,0,0,0,0,0,1,0,0,0,0,0,0,0,0,0,0,0,0,0,0,0,0,0,0,0,0,0,0,1,0,0,0,0,1,0,0,0,0,0,0,0,0,0,0,0,0,0,0,0,0,0,0
2017,서울특별시 영등포구1,서울특별시 영등포구 당산동1가(양화한강공원출구 부근),2017-09-30 21:00:00,0,1,18.0,4,0,40.0,0,0,0,2,0,0,0,0,0,0,0,0,0,0,1,0,0,0,0,0,1,0,0,0,0,0,0,0,0,0,0,0,0,0,0,0,0,0,0,0,0,0,0,1,0,0,0,0,0,0,0,1,0,0,0,0,0,0,0,0,0,0,0,0,0,0,0
2017,서울특별시 영등포구1,서울특별시 영등포구 당산동1가(양화한강공원출구 부근),2017-10-06 20:00:00,0,1,18.0,4,0,57.0,0,0,0,1,0,0,0,0,0,0,0,0,0,0,1,0,0,0,0,0,1,0,0,0,0,0,0,0,0,0,0,0,0,0,0,0,0,0,0,0,0,0,0,1,0,0,0,0,1,0,0,0,0,0,0,0,0,0,0,0,0,0,0,0,0,0,0
2017,서울특별시 영등포구1,서울특별시 영등포구 당산동1가(양화한강공원출구 부근),2017-05-28 15:00:00,1,1,23.0,4,1,17.0,1,0,0,2,0,0,0,0,0,0,0,0,0,0,1,0,0,0,0,0,0,0,0,0,0,0,0,0,1,0,0,0,0,0,0,0,0,0,0,0,0,0,0,1,0,0,0,0,0,0,0,0,0,0,1,0,0,0,0,0,0,0,0,0,0,0,0
2017,서울특별시 영등포구1,서울특별시 영등포구 당산동1가(양화한강공원출구 부근),2017-05-15 16:00:00,1,1,36.0,4,1,69.0,1,0,0,1,0,0,0,0,0,0,0,0,0,0,1,0,0,0,0,0,0,0,0,0,0,0,0,0,1,0,0,0,0,0,0,0,0,0,0,0,0,0,0,1,0,0,0,0,0,0,0,0,0,0,1,0,0,0,0,0,0,0,0,0,0,0,0
2017,서울특별시 영등포구1,서울특별시 영등포구 당산동1가(양화한강공원출구 부근),2017-10-06 11:00:00,0,1,46.0,4,0,39.0,0,0,0,2,0,0,0,0,0,0,0,0,0,0,1,0,0,0,0,0,0,0,0,0,0,0,0,0,1,0,0,0,0,0,0,0,0,0,0,0,0,0,0,1,0,0,0,0,0,0,0,0,0,0,0,0,0,0,0,1,0,0,0,0,0,0,0
2017,서울특별시 영등포구1,서울특별시 영등포구 당산동1가(양화한강공원출구 부근),2017-09-03 14:00:00,2,0,10.0,4,1,24.0,2,0,0,1,0,0,0,0,0,0,0,0,0,0,1,0,0,0,0,0,0,0,0,0,0,0,0,0,1,0,0,0,0,0,0,0,0,0,0,0,0,0,0,1,0,0,0,0,0,0,0,0,0,0,0,0,0,0,0,1,0,0,0,0,0,0,0
2017,서울특별시 영등포구6,서울특별시 영등포구 당산동1가(양화한강공원입구 부근),2017-08-08 21:00:00,1,1,15.0,4,1,50.0,1,0,0,1,0,0,0,0,0,0,0,0,0,0,1,0,0,0,0,0,0,0,0,0,0,0,0,0,1,0,0,0,0,0,0,0,0,0,0,0,0,0,0,1,0,0,0,0,0,0,0,0,0,0,1,0,0,0,0,0,0,0,0,0,0,0,0
2017,서울특별시 영등포구6,서울특별시 영등포구 당산동1가(양화한강공원입구 부근),2017-08-12 21:00:00,0,1,20.0,4,1,39.0,0,0,0,1,0,0,0,0,0,0,0,0,0,0,1,0,0,0,0,0,0,0,0,0,0,0,0,0,1,0,0,0,0,0,0,0,0,0,0,0,0,0,0,1,0,0,0,0,0,0,0,0,0,0,0,0,0,0,0,1,0,0,0,0,0,0,0
2017,서울특별시 영등포구6,서울특별시 영등포구 당산동1가(양화한강공원입구 부근),2017-05-21 12:00:00,1,1,50.0,5,0,58.0,1,0,0,1,0,0,0,0,0,0,0,0,0,0,1,0,0,0,0,0,0,0,0,0,0,0,0,0,1,0,0,0,0,0,0,0,0,0,0,0,0,0,0,1,0,0,0,0,0,0,0,0,0,0,0,1,0,0,0,0,0,0,0,0,0,0,0
2017,서울특별시 영등포구6,서울특별시 영등포구 당산동1가(양화한강공원입구 부근),2017-05-22 19:00:00,2,1,66.0,4,0,50.0,2,0,0,1,0,0,0,0,0,0,0,0,0,0,1,0,0,0,0,0,0,0,0,0,0,0,0,0,1,0,0,0,0,0,0,0,0,0,0,0,0,0,0,1,0,0,0,0,0,0,0,0,0,0,1,0,0,0,0,0,0,0,0,0,0,0,0
2017,서울특별시 영등포구6,서울특별시 영등포구 당산동1가(양화한강공원입구 부근),2017-08-05 12:00:00,2,1,67.0,4,0,24.0,2,0,0,1,0,0,0,0,0,0,0,0,0,0,1,0,0,0,0,0,0,0,0,0,0,0,0,0,1,0,0,0,0,0,0,0,0,0,0,0,0,0,0,1,0,0,0,0,0,0,0,0,0,1,0,0,0,0,0,0,0,0,0,0,0,0,0
2017,서울특별시 영등포구11,서울특별시 영등포구 당산동3가(영등포경찰서사거리 부근),2017-08-26 18:00:00,2,1,58.0,4,0,24.0,2,0,0,1,0,0,0,0,0,0,1,0,0,0,0,0,0,0,0,0,0,0,0,0,0,0,0,0,1,0,0,0,0,0,0,0,0,0,0,1,0,0,0,0,0,0,0,0,0,0,0,0,0,0,0,0,0,0,0,1,0,0,0,0,0,0,0
2017,서울특별시 영등포구11,서울특별시 영등포구 당산동3가(영등포경찰서사거리 부근),2017-12-08 10:00:00,0,1,65.0,4,1,43.0,0,0,0,1,0,0,0,0,0,0,1,0,0,0,0,0,0,0,0,0,0,0,0,0,0,0,0,0,1,0,0,0,0,0,0,0,0,0,0,0,0,0,0,1,0,0,0,0,0,0,0,0,0,1,0,0,0,0,0,0,0,0,0,0,0,0,0
2017,서울특별시 영등포구11,서울특별시 영등포구 당산동3가(영등포경찰서사거리 부근),2017-03-29 20:00:00,0,0,56.0,4,0,38.0,0,0,0,1,0,0,0,0,0,0,1,0,0,0,0,0,0,0,0,0,0,0,0,0,0,0,0,0,1,0,0,0,0,0,0,0,0,0,0,0,0,0,0,1,0,0,0,0,0,0,0,0,0,1,0,0,0,0,0,0,0,0,0,0,0,0,0
2017,서울특별시 영등포구11,서울특별시 영등포구 당산동3가(영등포경찰서사거리 부근),2017-03-12 14:00:00,1,0,64.0,4,1,57.0,1,0,0,1,0,0,0,0,0,0,1,0,0,0,0,0,0,0,0,0,0,0,0,0,0,0,0,0,1,0,0,0,0,0,0,0,0,0,0,0,0,0,0,1,0,0,0,0,0,0,0,0,0,0,0,1,0,0,0,0,0,0,0,0,0,0,0
2017,서울특별시 영등포구2,서울특별시 영등포구 당산동4가(당서초교 앞 부근),2017-05-15 21:00:00,0,1,50.0,4,1,13.0,0,0,0,1,0,0,0,0,0,0,1,0,0,0,0,0,0,0,0,0,0,0,0,0,0,0,0,0,1,0,0,0,0,0,0,0,0,0,0,0,0,0,0,1,0,0,0,0,0,0,0,0,0,0,0,0,0,0,0,1,0,0,0,0,0,0,0
2017,서울특별시 영등포구2,서울특별시 영등포구 당산동4가(당서초교 앞 부근),2017-06-14 16:00:00,0,0,39.0,4,1,10.0,0,0,0,1,0,0,0,0,0,0,1,0,0,0,0,0,0,0,0,0,0,0,0,0,0,0,0,0,1,0,0,0,0,0,0,0,0,0,0,0,0,0,0,1,0,0,0,0,0,0,0,0,0,0,1,0,0,0,0,0,0,0,0,0,0,0,0
2017,서울특별시 영등포구2,서울특별시 영등포구 당산동4가(당서초교 앞 부근),2017-04-20 14:00:00,2,1,43.0,4,1,70.0,2,0,0,1,0,0,0,0,0,0,0,1,0,0,0,0,0,0,0,0,0,0,0,0,0,0,0,0,1,0,0,0,0,0,0,0,0,0,0,0,0,0,0,1,0,0,0,0,0,0,0,0,0,1,0,0,0,0,0,0,0,0,0,0,0,0,0
2017,서울특별시 영등포구2,서울특별시 영등포구 당산동4가(당서초교 앞 부근),2017-10-26 17:00:00,2,1,12.0,2,1,37.0,4,0,0,1,0,0,0,0,0,0,0,0,0,0,1,0,0,0,0,0,0,0,0,0,0,0,0,0,0,0,1,0,0,0,0,0,0,0,0,0,0,0,0,1,0,0,0,0,0,0,0,0,0,0,0,0,0,0,0,1,0,0,0,0,0,0,0
2017,서울특별시 영등포구2,서울특별시 영등포구 당산동4가(당서초교 앞 부근),2017-06-03 18:00:00,0,1,13.0,0,2,47.23777883246322,6,0,0,1,0,0,0,0,0,0,0,0,0,0,1,0,0,0,0,0,0,0,0,0,0,1,0,0,0,0,0,0,0,0,0,0,0,0,0,0,0,0,0,1,0,0,0,0,0,0,0,0,0,0,0,0,0,0,0,0,0,0,1,0,0,0,0
2017,서울특별시 영등포구2,서울특별시 영등포구 당산동4가(당서초교 앞 부근),2017-08-14 11:00:00,2,1,71.0,2,0,34.0,4,0,0,1,0,0,0,0,0,0,0,0,0,0,1,0,0,0,0,0,0,0,0,0,1,0,0,0,0,0,0,0,0,0,0,0,0,0,0,0,0,0,0,1,0,0,0,0,0,0,0,0,0,0,1,0,0,0,0,0,0,0,0,0,0,0,0
2017,서울특별시 영등포구2,서울특별시 영등포구 당산동4가(당서초교 앞 부근),2017-02-10 16:00:00,0,0,53.0,0,0,29.0,4,0,0,1,0,0,0,0,0,0,0,0,0,0,1,0,0,0,0,0,0,0,0,1,0,0,0,0,0,0,0,0,0,0,0,0,0,0,0,0,0,0,0,1,0,0,0,0,0,0,0,0,0,1,0,0,0,0,0,0,0,0,0,0,0,0,0
2017,서울특별시 영등포구9,서울특별시 영등포구 도림동(우신초교앞 부근),2017-06-06 12:00:00,0,1,69.0,4,1,9.0,0,0,0,1,0,0,0,0,0,0,1,0,0,0,0,0,0,0,0,0,0,0,0,0,0,0,0,0,1,0,0,0,0,0,0,0,0,0,0,1,0,0,0,0,0,0,0,0,0,0,0,0,0,0,1,0,0,0,0,0,0,0,0,0,0,0,0
2017,서울특별시 영등포구9,서울특별시 영등포구 도림동(우신초교앞 부근),2017-06-14 07:00:00,1,1,80.0,4,1,71.0,1,0,0,1,0,0,0,0,0,0,1,0,0,0,0,0,0,0,0,0,0,0,0,0,0,0,0,0,1,0,0,0,0,0,0,0,0,0,0,0,0,0,0,1,0,0,0,0,0,0,0,0,0,1,0,0,0,0,0,0,0,0,0,0,0,0,0
2017,서울특별시 영등포구9,서울특별시 영등포구 도림동(우신초교앞 부근),2017-02-03 15:00:00,1,0,44.0,4,1,74.0,1,0,0,1,0,0,0,0,0,0,1,0,0,0,0,0,0,0,0,0,0,0,0,0,0,0,0,0,1,0,0,0,0,0,0,0,0,0,0,0,0,0,0,1,0,0,0,0,0,0,0,0,0,0,1,0,0,0,0,0,0,0,0,0,0,0,0
2017,서울특별시 영등포구9,서울특별시 영등포구 도림동(우신초교앞 부근),2017-03-21 16:00:00,1,1,63.0,4,0,76.0,1,0,0,1,0,0,0,0,0,0,0,0,0,0,1,0,0,0,0,0,1,0,0,0,0,0,0,0,0,0,0,0,0,0,0,0,0,0,0,1,0,0,0,0,0,0,0,0,0,0,1,0,0,0,0,0,0,0,0,0,0,0,0,0,0,0,0
2017,서울특별시 영등포구3,서울특별시 영등포구 대림동(대림3동사거리 부근),2017-07-25 07:00:00,0,1,42.0,4,1,60.0,0,0,0,1,0,0,0,0,0,0,1,0,0,0,0,0,0,0,0,0,0,0,0,0,0,0,0,0,1,0,0,0,0,1,0,0,0,0,0,0,0,0,0,0,0,0,0,0,0,0,0,0,0,0,1,0,0,0,0,0,0,0,0,0,0,0,0
2017,서울특별시 영등포구3,서울특별시 영등포구 대림동(대림3동사거리 부근),2017-11-04 05:00:00,1,1,66.0,4,1,57.0,1,0,0,1,0,0,0,0,0,0,1,0,0,0,0,0,0,0,0,0,0,0,0,0,0,0,0,0,1,0,0,0,0,0,0,0,0,0,0,0,0,0,0,1,0,0,0,0,0,0,0,0,0,1,0,0,0,0,0,0,0,0,0,0,0,0,0
2017,서울특별시 영등포구3,서울특별시 영등포구 대림동(대림3동사거리 부근),2017-12-04 10:00:00,1,1,70.0,4,1,81.0,1,0,0,1,0,0,0,0,0,0,1,0,0,0,0,0,0,0,0,0,0,0,0,0,0,0,0,0,1,0,0,0,0,0,0,0,0,0,0,0,0,0,0,1,0,0,0,0,0,0,0,0,0,0,0,0,0,0,0,1,0,0,0,0,0,0,0
2017,서울특별시 영등포구3,서울특별시 영등포구 대림동(대림3동사거리 부근),2017-04-09 17:00:00,0,1,67.0,4,1,44.0,0,0,0,1,0,0,0,0,0,0,0,0,0,0,1,0,0,0,0,0,0,0,0,0,0,0,0,1,0,0,0,0,0,0,0,0,0,0,0,0,0,0,0,1,0,0,0,0,0,0,0,0,0,0,1,0,0,0,0,0,0,0,0,0,0,0,0
2017,서울특별시 영등포구3,서울특별시 영등포구 대림동(대림3동사거리 부근),2017-06-05 19:00:00,0,0,59.0,0,1,57.0,4,0,0,1,0,0,0,0,0,0,0,0,0,0,1,0,0,0,0,0,0,0,0,1,0,0,0,0,0,0,0,0,0,0,0,0,0,0,0,0,0,0,0,0,0,0,1,0,0,0,0,0,0,0,1,0,0,0,0,0,0,0,0,0,0,0,0
2017,서울특별시 영등포구3,서울특별시 영등포구 대림동(대림3동사거리 부근),2017-02-01 05:00:00,1,1,47.0,4,1,74.0,1,0,0,1,0,0,0,0,0,0,0,0,0,0,0,0,1,0,0,0,0,0,0,0,0,0,0,0,1,0,0,0,0,0,0,0,0,0,0,0,0,0,0,1,0,0,0,0,0,0,0,0,0,0,0,0,0,0,0,1,0,0,0,0,0,0,0
2017,서울특별시 영등포구5,서울특별시 영등포구 대림동(대림공원사거리 부근),2017-07-11 23:00:00,0,1,16.0,4,0,52.0,0,0,0,1,0,0,0,0,0,0,0,0,0,1,0,0,0,0,0,0,0,0,0,0,0,0,0,0,1,0,0,0,0,0,0,0,0,0,0,1,0,0,0,0,0,0,0,0,0,0,0,0,0,0,1,0,0,0,0,0,0,0,0,0,0,0,0
2017,서울특별시 영등포구5,서울특별시 영등포구 대림동(대림공원사거리 부근),2017-08-17 19:00:00,1,1,64.0,1,1,40.0,4,0,0,1,0,0,0,0,0,0,0,0,0,0,1,0,0,0,0,0,0,0,0,1,0,0,0,0,0,0,0,0,0,0,0,0,0,0,0,0,0,0,0,1,0,0,0,0,0,0,0,0,0,0,0,0,0,0,0,1,0,0,0,0,0,0,0
2017,서울특별시 영등포구5,서울특별시 영등포구 대림동(대림공원사거리 부근),2017-03-11 11:00:00,1,1,73.0,1,1,73.0,4,0,0,1,0,0,0,0,0,0,0,0,0,0,1,0,0,0,0,0,0,0,0,1,0,0,0,0,0,0,0,0,0,0,0,0,0,0,0,0,0,0,0,1,0,0,0,0,0,0,0,0,0,0,1,0,0,0,0,0,0,0,0,0,0,0,0
2017,서울특별시 영등포구5,서울특별시 영등포구 대림동(대림공원사거리 부근),2017-09-19 09:00:00,0,1,78.0,0,1,51.0,4,0,0,1,0,0,0,0,0,0,0,0,0,0,1,0,0,0,0,0,0,0,0,1,0,0,0,0,0,0,0,0,0,0,0,0,0,0,0,0,0,1,0,0,0,0,0,0,0,0,0,0,0,1,0,0,0,0,0,0,0,0,0,0,0,0,0
2017,서울특별시 영등포구5,서울특별시 영등포구 대림동(대림공원사거리 부근),2017-07-18 09:00:00,0,0,58.0,0,1,52.0,4,1,0,1,0,0,0,0,0,0,0,0,0,0,1,0,0,0,0,0,0,0,0,1,0,0,0,0,0,0,0,0,0,0,0,0,0,0,0,0,0,0,0,1,0,0,0,0,0,0,0,0,0,0,0,0,0,0,0,1,0,0,0,0,0,0,0
2017,서울특별시 동작구2,서울특별시 동작구 상도동(장승배기역 부근),2017-04-24 01:00:00,0,1,43.0,4,1,23.0,0,0,0,1,0,0,0,0,0,0,1,0,0,0,0,0,0,0,0,0,0,0,0,0,0,0,0,0,1,0,0,0,0,0,0,0,0,0,0,0,0,0,0,1,0,0,0,0,0,0,0,0,0,0,0,0,0,0,0,1,0,0,0,0,0,0,0
2017,서울특별시 동작구2,서울특별시 동작구 상도동(장승배기역 부근),2017-03-08 04:00:00,1,1,53.0,4,1,64.0,1,0,0,1,0,0,0,0,0,0,1,0,0,0,0,0,0,0,0,0,0,0,0,0,0,0,0,0,1,0,0,0,0,0,0,0,0,0,0,0,0,0,0,1,0,0,0,0,0,0,0,0,0,0,0,1,0,0,0,0,0,0,0,0,0,0,0
2017,서울특별시 동작구2,서울특별시 동작구 상도동(장승배기역 부근),2017-08-11 15:00:00,0,1,61.0,4,1,72.0,0,0,0,1,0,0,0,0,0,0,1,0,0,0,0,0,0,0,0,0,0,0,0,0,0,0,0,0,1,0,0,0,0,0,0,0,0,0,0,0,0,1,0,0,0,0,0,0,0,0,0,0,0,1,0,0,0,0,0,0,0,0,0,0,0,0,0
2017,서울특별시 동작구2,서울특별시 동작구 상도동(장승배기역 부근),2017-07-18 10:00:00,0,0,30.0,4,1,62.0,0,0,0,1,0,0,0,0,0,0,1,0,0,0,0,0,0,0,0,0,0,0,0,0,0,0,0,0,1,0,0,0,0,0,0,0,0,0,0,0,0,0,0,1,0,0,0,0,0,0,0,0,0,0,0,1,0,0,0,0,0,0,0,0,0,0,0
2017,서울특별시 동작구2,서울특별시 동작구 상도동(장승배기역 부근),2017-07-01 05:00:00,0,1,44.0,4,1,25.0,0,0,0,1,0,0,0,0,0,0,0,0,0,0,1,0,0,0,0,0,0,0,0,0,0,0,1,0,0,0,0,0,0,0,0,0,0,0,0,0,0,0,0,1,0,0,0,0,0,0,0,0,0,1,0,0,0,0,0,0,0,0,0,0,0,0,0
2017,서울특별시 동작구2,서울특별시 동작구 상도동(장승배기역 부근),2017-12-14 14:00:00,3,1,95.0,3,1,57.0,4,0,1,0,0,0,0,0,0,0,0,0,0,0,1,0,0,0,0,0,0,0,0,0,1,0,0,0,0,0,0,0,0,0,0,0,0,0,0,0,0,0,0,1,0,0,0,0,0,0,0,0,0,0,0,0,0,0,0,1,0,0,0,0,0,0,0
2017,서울특별시 동작구4,서울특별시 동작구 본동(노들나루공원 부근),2017-04-23 21:00:00,0,1,22.0,4,1,26.0,0,0,0,1,0,0,0,0,0,0,0,0,1,0,0,0,0,0,0,0,0,0,0,0,0,0,0,0,1,0,0,0,0,0,0,0,0,0,0,0,0,0,0,1,0,0,0,0,0,0,0,0,0,0,0,0,0,0,0,1,0,0,0,0,0,0,0
2017,서울특별시 동작구4,서울특별시 동작구 본동(노들나루공원 부근),2017-10-07 16:00:00,1,2,47.74785772029103,5,0,36.0,1,0,0,1,0,0,0,0,0,0,0,0,0,0,1,0,0,0,0,0,0,0,0,0,0,0,0,0,1,0,0,0,0,0,0,0,0,0,0,0,0,0,0,1,0,0,0,0,0,0,0,0,0,1,0,0,0,0,0,0,0,0,0,0,0,0,0
2017,서울특별시 동작구4,서울특별시 동작구 본동(노들나루공원 부근),2017-10-06 16:00:00,0,1,48.0,4,0,77.0,0,0,0,1,0,0,0,0,0,0,0,0,0,0,1,0,0,0,0,0,1,0,0,0,0,0,0,0,0,0,0,0,0,0,0,0,0,0,0,0,0,0,0,1,0,0,0,0,1,0,0,0,0,0,0,0,0,0,0,0,0,0,0,0,0,0,0
2017,서울특별시 동작구4,서울특별시 동작구 본동(노들나루공원 부근),2017-06-17 06:00:00,0,1,57.0,4,1,58.0,0,0,0,1,0,0,0,0,0,0,0,0,0,0,0,0,1,0,0,0,0,0,0,0,0,0,0,0,1,0,0,0,0,0,0,0,0,0,0,1,0,0,0,0,0,0,0,0,0,0,0,0,0,0,0,0,0,0,0,1,0,0,0,0,0,0,0
2017,서울특별시 동작구1,서울특별시 동작구 신대방동(대방천사거리 부근),2017-07-18 16:00:00,0,1,14.0,4,1,35.0,0,0,0,1,0,0,0,0,0,0,0,0,0,0,1,0,0,0,0,0,0,0,0,0,0,0,0,1,0,0,0,0,0,0,1,0,0,0,0,0,0,0,0,0,0,0,0,0,0,0,0,0,0,0,0,0,0,0,0,1,0,0,0,0,0,0,0
2017,서울특별시 동작구1,서울특별시 동작구 신대방동(대방천사거리 부근),2017-02-21 04:00:00,0,1,49.0,0,1,61.0,4,0,0,1,0,0,0,0,0,0,0,0,0,0,1,0,0,0,0,0,0,0,0,1,0,0,0,0,0,0,0,0,0,0,0,0,0,0,1,0,0,0,0,0,0,0,0,0,0,0,0,0,0,0,0,0,0,0,0,1,0,0,0,0,0,0,0
2017,서울특별시 동작구1,서울특별시 동작구 신대방동(대방천사거리 부근),2017-08-07 14:00:00,0,1,56.0,0,1,44.0,4,0,0,1,0,0,0,0,0,0,0,0,0,0,1,0,0,0,0,0,0,0,0,1,0,0,0,0,0,0,0,0,0,0,0,0,0,0,0,0,0,0,0,1,0,0,0,0,0,0,0,0,0,1,0,0,0,0,0,0,0,0,0,0,0,0,0
2017,서울특별시 동작구1,서울특별시 동작구 신대방동(대방천사거리 부근),2017-07-27 07:00:00,1,1,66.0,1,1,62.0,4,0,0,1,0,0,0,0,0,0,0,0,0,0,1,0,0,0,0,0,0,0,0,1,0,0,0,0,0,0,0,0,0,0,1,0,0,0,0,0,0,0,0,0,0,0,0,0,0,0,0,0,0,0,0,0,0,0,0,1,0,0,0,0,0,0,0
2017,서울특별시 동작구1,서울특별시 동작구 신대방동(대방천사거리 부근),2017-05-20 05:00:00,0,1,72.0,0,1,55.0,4,0,0,1,0,0,0,0,0,0,0,0,0,0,1,0,0,0,0,0,0,0,0,1,0,0,0,0,0,0,0,0,0,0,0,0,0,0,0,0,0,0,0,1,0,0,0,0,0,0,0,0,0,0,1,0,0,0,0,0,0,0,0,0,0,0,0
2017,서울특별시 동작구1,서울특별시 동작구 신대방동(대방천사거리 부근),2017-09-29 09:00:00,1,1,75.0,1,0,36.0,4,0,0,1,0,0,0,0,0,0,0,0,0,0,1,0,0,0,0,0,0,0,0,1,0,0,0,0,0,0,0,0,0,0,0,0,0,0,0,0,0,0,0,1,0,0,0,0,0,0,0,0,0,1,0,0,0,0,0,0,0,0,0,0,0,0,0
2017,서울특별시 동작구1,서울특별시 동작구 신대방동(대방천사거리 부근),2017-09-23 16:00:00,1,0,50.0,1,0,43.0,4,0,0,1,0,0,0,0,0,0,0,0,0,0,1,0,0,0,0,0,0,0,0,1,0,0,0,0,0,0,0,0,0,1,0,0,0,0,0,0,0,0,0,0,0,0,0,0,0,0,0,0,0,0,0,0,0,0,0,1,0,0,0,0,0,0,0
2017,서울특별시 동작구3,서울특별시 동작구 신대방동(대림사거리 부근),2017-07-06 22:00:00,0,2,47.74785772029103,5,0,19.0,0,1,0,1,0,0,0,0,1,0,0,0,0,0,0,0,0,0,0,0,0,0,0,0,0,0,0,0,1,0,0,0,0,0,0,0,0,0,0,0,0,0,0,1,0,0,0,0,0,0,0,0,0,1,0,0,0,0,0,0,0,0,0,0,0,0,0