사고년도,다발시군구,지점명,사고일시,사고등급,가해자성별,가해자연령,가해자신체상해정도,피해자성별,피해자연령,피해자신체상해정도,기상상태,사망자수,부상자수,가해차종_개인형이동수단(PM),가해차종_건설기계,가해차종_기타,가해차종_농기계,가해차종_불명,가해차종_사륜오토바이(ATV),가해차종_승용차,가해차종_승합차,가해차종_원동기장치자전거,가해차종_이륜차,가해차종_자전거,가해차종_특수차,가해차종_화물차,피해차종_개인형이동수단(PM),피해차종_건설기계,피해차종_기타,피해차종_보행자,피해차종_불명,피해차종_사륜오토바이(ATV),피해차종_승용차,피해차종_승합차,피해차종_없음,피해차종_원동기장치자전거,피해차종_이륜차,피해차종_자전거,피해차종_특수차,피해차종_화물차,가해자법규위반_과속,가해자법규위반_교차로 통행방법 위반,가해자법규위반_교차로운행방법위반,가해자법규위반_기타,가해자법규위반_미분류,가해자법규위반_보행자 보호의무 위반,가해자법규위반_보행자보호의무위반,가해자법규위반_불법유턴,가해자법규위반_신호위반,가해자법규위반_안전거리 미확보,가해자법규위반_안전거리미확보,가해자법규위반_안전운전 의무 불이행,가해자법규위반_안전운전불이행,가해자법규위반_중앙선 침범,가해자법규위반_중앙선침범,가해자법규위반_직진우회전진행방해,가해자법규위반_차로위반,사고유형_차대사람 - 기타,사고유형_차대사람 - 길가장자리구역통행중,사고유형_차대사람 - 보도통행중,사고유형_차대사람 - 차도통행중,사고유형_차대사람 - 횡단중,사고유형_차대차 - 기타,사고유형_차대차 - 정면충돌,사고유형_차대차 - 추돌,사고유형_차대차 - 추돌 - 주정차중,사고유형_차대차 - 추돌 - 진행중,사고유형_차대차 - 측면직각충돌,사고유형_차대차 - 측면충돌,사고유형_차대차 - 후진중충돌,사고유형_차량단독 - 공작물충돌,사고유형_차량단독 - 기타,사고유형_차량단독 - 도로외이탈 - 추락,사고유형_차량단독 - 전도,사고유형_차량단독 - 전도전복,사고유형_차량단독 - 전도전복 - 전도
2017,대구광역시 동구4,대구광역시 동구 용계동(반야월삼거리 부근),2017-05-15 13:00:00,1,1,29.0,4,1,15.0,0,0,0,2,0,0,0,0,0,0,1,0,0,0,0,0,0,0,0,0,0,0,0,0,0,0,0,0,1,0,0,0,0,0,0,0,0,0,0,0,0,0,0,1,0,0,0,0,0,0,0,0,0,0,0,0,0,0,0,1,0,0,0,0,0,0,0
2017,대구광역시 동구4,대구광역시 동구 용계동(반야월삼거리 부근),2017-09-01 20:00:00,0,0,26.0,4,1,20.0,0,0,0,1,0,0,0,0,0,0,1,0,0,0,0,0,0,0,0,0,0,0,0,0,0,0,0,0,1,0,0,0,0,0,0,0,0,0,0,0,0,0,0,1,0,0,0,0,0,0,0,0,0,0,1,0,0,0,0,0,0,0,0,0,0,0,0
2017,대구광역시 동구4,대구광역시 동구 용계동(반야월삼거리 부근),2017-09-23 18:00:00,1,0,32.0,4,0,58.0,1,0,0,1,0,0,0,0,0,0,1,0,0,0,0,0,0,0,0,0,0,0,0,0,0,0,0,0,1,0,0,0,0,0,0,0,0,0,0,0,0,0,0,1,0,0,0,0,0,0,0,0,0,0,0,0,0,0,0,1,0,0,0,0,0,0,0
2017,대구광역시 동구4,대구광역시 동구 용계동(반야월삼거리 부근),2017-08-22 09:00:00,0,1,60.0,4,1,41.0,0,0,0,1,0,0,0,0,0,0,0,0,0,0,1,0,0,0,0,0,1,0,0,0,0,0,0,0,0,0,0,0,0,0,0,0,0,0,0,0,0,0,0,1,0,0,0,0,0,0,1,0,0,0,0,0,0,0,0,0,0,0,0,0,0,0,0
2017,대구광역시 서구6,대구광역시 서구 내당동(두류네거리 부근),2017-05-06 10:00:00,0,1,24.0,5,1,13.0,0,0,0,1,0,0,0,0,0,0,0,0,0,1,0,0,0,0,0,0,0,0,0,0,0,0,0,0,1,0,0,0,0,0,0,0,0,0,0,1,0,0,0,0,0,0,0,0,0,0,0,0,0,0,0,0,0,0,0,1,0,0,0,0,0,0,0
2017,대구광역시 서구6,대구광역시 서구 내당동(두류네거리 부근),2017-09-14 23:00:00,1,1,31.0,1,1,25.0,4,0,0,1,0,0,0,0,0,0,0,0,0,0,1,0,0,0,0,0,0,0,0,1,0,0,0,0,0,0,0,0,0,0,0,0,0,0,0,0,0,0,0,1,0,0,0,0,0,0,0,0,0,0,0,0,0,0,0,1,0,0,0,0,0,0,0
2017,대구광역시 서구6,대구광역시 서구 내당동(두류네거리 부근),2017-01-31 16:00:00,2,1,39.0,2,1,20.0,4,0,0,1,0,0,0,0,0,0,0,0,0,0,1,0,0,0,0,0,0,0,0,0,0,0,0,1,0,0,0,0,0,0,0,0,0,0,0,1,0,0,0,0,0,0,0,0,0,0,0,0,0,0,0,0,0,0,0,1,0,0,0,0,0,0,0
2017,대구광역시 서구6,대구광역시 서구 내당동(두류네거리 부근),2017-10-01 13:00:00,2,1,56.0,2,0,36.0,4,0,0,1,0,0,0,0,0,0,0,0,0,0,1,0,0,0,0,0,0,0,0,1,0,0,0,0,0,0,0,0,0,0,0,0,0,0,0,0,0,0,0,1,0,0,0,0,0,0,0,0,0,0,0,0,0,0,0,1,0,0,0,0,0,0,0
2017,대구광역시 서구6,대구광역시 서구 내당동(두류네거리 부근),2017-09-30 22:00:00,0,1,76.0,0,1,54.0,4,0,0,1,0,0,0,0,0,0,0,0,0,0,1,0,0,0,0,0,0,0,0,1,0,0,0,0,0,0,0,0,0,0,0,0,0,0,0,0,0,0,0,1,0,0,0,0,0,0,0,0,0,0,0,0,0,0,0,1,0,0,0,0,0,0,0
2017,대구광역시 서구1,대구광역시 서구 비산동(북비산네거리 부근),2017-09-20 22:00:00,0,1,47.0,4,1,58.0,0,0,0,1,0,0,0,0,0,0,1,0,0,0,0,0,0,0,0,0,0,0,0,0,0,0,0,0,1,0,0,0,0,0,0,0,0,0,0,0,0,0,0,1,0,0,0,0,0,0,0,0,0,0,0,0,0,0,0,1,0,0,0,0,0,0,0
2017,대구광역시 서구1,대구광역시 서구 비산동(북비산네거리 부근),2017-09-12 07:00:00,2,1,49.0,4,0,58.0,2,0,0,1,0,0,0,0,0,0,1,0,0,0,0,0,0,0,0,0,0,0,0,0,0,0,0,0,1,0,0,0,0,0,0,0,0,0,0,0,0,0,0,1,0,0,0,0,0,0,0,0,0,0,0,0,0,0,0,1,0,0,0,0,0,0,0
2017,대구광역시 서구1,대구광역시 서구 비산동(북비산네거리 부근),2017-04-21 12:00:00,1,1,56.0,4,0,65.0,1,0,0,1,0,0,0,0,0,0,1,0,0,0,0,0,0,0,0,0,0,0,0,0,0,0,0,0,1,0,0,0,0,0,0,0,0,0,0,0,0,0,0,1,0,0,0,0,0,0,0,0,0,0,0,0,0,0,0,1,0,0,0,0,0,0,0
2017,대구광역시 서구1,대구광역시 서구 비산동(북비산네거리 부근),2017-11-27 16:00:00,0,0,56.0,4,1,11.0,0,0,0,1,0,0,0,0,0,0,1,0,0,0,0,0,0,0,0,0,0,0,0,0,0,0,0,0,1,0,0,0,0,0,1,0,0,0,0,0,0,0,0,0,0,0,0,0,0,0,0,0,0,0,0,0,0,0,0,1,0,0,0,0,0,0,0
2017,대구광역시 서구1,대구광역시 서구 비산동(북비산네거리 부근),2017-02-24 08:00:00,0,1,74.0,4,0,50.0,0,0,0,1,0,0,0,0,0,0,0,0,1,0,0,0,0,0,0,0,0,0,0,0,0,0,0,0,1,0,0,0,0,0,0,0,0,0,0,0,0,0,0,1,0,0,0,0,0,0,0,0,0,0,0,0,0,0,0,1,0,0,0,0,0,0,0
2017,대구광역시 서구1,대구광역시 서구 비산동(북비산네거리 부근),2017-05-31 18:00:00,2,1,36.0,2,1,45.0,4,0,0,1,0,0,0,0,0,0,0,0,0,0,1,0,0,0,0,0,0,0,0,1,0,0,0,0,0,0,0,0,0,0,0,0,0,0,0,0,0,0,0,1,0,0,0,0,0,0,0,0,0,0,0,0,0,0,0,1,0,0,0,0,0,0,0
2017,대구광역시 서구1,대구광역시 서구 비산동(북비산네거리 부근),2017-08-18 08:00:00,1,1,58.0,1,1,65.0,4,0,0,1,0,0,0,0,0,0,0,0,0,0,1,0,0,0,0,0,0,0,0,0,0,0,0,0,0,0,1,0,0,0,0,0,0,0,0,0,0,0,0,1,0,0,0,0,0,0,0,0,0,0,0,0,0,0,0,1,0,0,0,0,0,0,0
2017,대구광역시 서구1,대구광역시 서구 비산동(북비산네거리 부근),2017-05-25 16:00:00,0,1,68.0,0,1,62.0,4,0,0,1,0,0,0,0,0,0,0,0,0,0,1,0,0,0,0,0,0,0,0,0,1,0,0,0,0,0,0,0,0,0,0,0,0,0,0,0,0,0,0,1,0,0,0,0,0,0,0,0,0,0,0,0,0,0,0,1,0,0,0,0,0,0,0
2017,대구광역시 서구1,대구광역시 서구 비산동(북비산네거리 부근),2017-12-29 14:00:00,0,1,77.0,0,1,61.0,4,0,0,1,0,0,0,0,0,0,0,0,0,0,1,0,0,0,0,0,0,0,0,1,0,0,0,0,0,0,0,0,0,0,0,0,0,0,0,0,0,0,0,1,0,0,0,0,0,0,0,0,0,0,0,0,0,0,0,1,0,0,0,0,0,0,0
2017,대구광역시 서구1,대구광역시 서구 비산동(북비산네거리 부근),2017-03-22 10:00:00,0,1,35.0,4,1,29.0,0,0,0,1,0,0,0,0,0,0,0,0,0,0,0,0,1,0,0,0,0,0,0,0,0,0,0,0,1,0,0,0,0,1,0,0,0,0,0,0,0,0,0,0,0,0,0,0,0,0,0,0,0,0,0,0,0,0,0,1,0,0,0,0,0,0,0
2017,대구광역시 서구1,대구광역시 서구 비산동(북비산네거리 부근),2017-05-30 08:00:00,0,1,49.0,4,1,48.0,0,0,0,1,0,0,0,0,0,0,0,0,0,0,0,0,1,0,0,0,0,0,0,0,0,0,0,0,1,0,0,0,0,0,0,0,0,0,0,0,0,0,0,1,0,0,0,0,0,0,0,0,0,0,0,0,0,0,0,1,0,0,0,0,0,0,0
2017,대구광역시 서구1,대구광역시 서구 비산동(북비산네거리 부근),2017-12-28 13:00:00,2,1,61.0,4,1,81.0,2,0,0,1,0,0,0,0,0,0,0,0,0,0,0,0,1,0,0,0,0,0,0,0,0,0,0,0,1,0,0,0,0,0,0,0,0,0,0,0,0,0,0,1,0,0,0,0,0,0,0,0,0,0,0,0,0,0,0,1,0,0,0,0,0,0,0
2017,대구광역시 서구2,대구광역시 서구 비산동(원대네거리 부근),2017-01-05 02:00:00,0,1,18.0,4,0,55.0,0,0,0,1,0,0,0,0,0,0,1,0,0,0,0,0,0,0,0,0,0,0,0,0,0,0,0,0,1,0,0,0,0,0,0,0,0,0,0,0,0,0,0,1,0,0,0,0,0,0,0,0,0,0,0,0,0,0,0,1,0,0,0,0,0,0,0
2017,대구광역시 서구2,대구광역시 서구 비산동(원대네거리 부근),2017-12-18 11:00:00,0,1,30.0,4,1,72.0,0,0,0,1,0,0,0,0,0,0,1,0,0,0,0,0,0,0,0,0,0,0,0,0,0,0,0,0,1,0,0,0,0,0,0,0,0,0,0,0,0,0,0,0,0,0,1,0,0,0,0,0,0,0,0,0,0,0,0,1,0,0,0,0,0,0,0
2017,대구광역시 서구2,대구광역시 서구 비산동(원대네거리 부근),2017-11-15 14:00:00,0,1,32.0,4,1,72.0,0,0,0,1,0,0,0,0,0,0,1,0,0,0,0,0,0,0,0,0,0,0,0,0,0,0,0,0,1,0,0,0,0,0,0,0,0,0,0,0,0,0,0,1,0,0,0,0,0,0,0,0,0,0,0,0,0,0,0,1,0,0,0,0,0,0,0
2017,대구광역시 서구2,대구광역시 서구 비산동(원대네거리 부근),2017-02-17 08:00:00,0,1,43.0,4,0,31.0,0,0,0,1,0,0,0,0,0,0,1,0,0,0,0,0,0,0,0,0,0,0,0,0,0,0,0,0,1,0,0,0,0,0,0,0,0,0,0,0,0,0,0,1,0,0,0,0,0,0,0,0,0,0,0,0,0,0,0,1,0,0,0,0,0,0,0
2017,대구광역시 서구2,대구광역시 서구 비산동(원대네거리 부근),2017-09-23 19:00:00,0,1,50.0,5,1,58.0,0,0,0,1,0,0,0,0,0,0,1,0,0,0,0,0,0,0,0,0,0,0,0,0,0,0,0,0,1,0,0,0,0,0,0,0,0,0,0,0,0,0,0,1,0,0,0,0,0,0,0,0,0,0,0,0,0,0,0,1,0,0,0,0,0,0,0
2017,대구광역시 서구2,대구광역시 서구 비산동(원대네거리 부근),2017-08-14 11:00:00,0,1,53.0,4,1,11.0,0,2,0,1,0,0,0,0,0,0,1,0,0,0,0,0,0,0,0,0,0,0,0,0,0,0,0,0,1,0,0,0,0,0,0,0,0,0,0,0,0,0,0,1,0,0,0,0,0,0,0,0,0,0,0,0,0,0,0,1,0,0,0,0,0,0,0
2017,대구광역시 서구2,대구광역시 서구 비산동(원대네거리 부근),2017-07-22 01:00:00,0,1,61.0,4,1,68.0,0,0,0,1,0,0,0,0,0,0,1,0,0,0,0,0,0,0,0,0,0,0,0,0,0,0,0,0,1,0,0,0,0,0,0,0,0,0,0,0,0,0,0,1,0,0,0,0,0,0,0,0,0,0,0,0,0,0,0,1,0,0,0,0,0,0,0
2017,대구광역시 서구2,대구광역시 서구 비산동(원대네거리 부근),2017-09-07 21:00:00,0,0,52.0,4,1,67.0,0,0,0,1,0,0,0,0,0,0,1,0,0,0,0,0,0,0,0,0,0,0,0,0,0,0,0,0,1,0,0,0,0,0,1,0,0,0,0,0,0,0,0,0,0,0,0,0,0,0,0,0,0,0,0,0,0,0,0,1,0,0,0,0,0,0,0
2017,대구광역시 서구2,대구광역시 서구 비산동(원대네거리 부근),2017-06-02 13:00:00,0,1,54.0,4,1,30.0,0,0,0,1,0,0,0,0,0,0,0,1,0,0,0,0,0,0,0,0,0,0,0,0,0,0,0,0,1,0,0,0,0,0,0,0,0,0,0,1,0,0,0,0,0,0,0,0,0,0,0,0,0,0,0,0,0,0,0,1,0,0,0,0,0,0,0
2017,대구광역시 서구2,대구광역시 서구 비산동(원대네거리 부근),2017-10-30 07:00:00,0,1,18.0,0,1,56.0,4,0,0,1,0,0,0,0,0,0,0,0,0,0,1,0,0,0,0,0,0,0,0,1,0,0,0,0,0,0,0,0,0,0,0,0,0,0,0,0,0,0,0,1,0,0,0,0,0,0,0,0,0,0,0,0,0,0,0,1,0,0,0,0,0,0,0
2017,대구광역시 서구2,대구광역시 서구 비산동(원대네거리 부근),2017-11-22 11:00:00,1,1,78.0,1,0,50.0,4,0,0,1,0,0,0,0,0,0,0,0,0,0,1,0,0,0,0,0,0,0,0,1,0,0,0,0,0,0,0,0,0,0,0,0,0,0,0,0,0,0,0,1,0,0,0,0,0,0,0,0,0,0,0,0,0,0,0,1,0,0,0,0,0,0,0
2017,대구광역시 서구4,대구광역시 서구 비산동(비산네거리 부근),2017-06-20 16:00:00,1,1,50.0,4,1,68.0,1,0,0,1,0,0,0,0,0,0,1,0,0,0,0,0,0,0,0,0,0,0,0,0,0,0,0,0,1,0,0,0,0,0,0,0,0,0,0,0,0,0,0,1,0,0,0,0,0,0,0,0,0,0,0,0,0,0,0,1,0,0,0,0,0,0,0
2017,대구광역시 서구4,대구광역시 서구 비산동(비산네거리 부근),2017-05-29 00:00:00,1,1,68.0,4,1,47.0,1,0,0,1,0,0,0,0,0,0,1,0,0,0,0,0,0,0,0,0,0,0,0,0,0,0,0,0,1,0,0,0,0,0,0,0,0,0,0,1,0,0,0,0,0,0,0,0,0,0,0,0,0,0,0,0,0,0,0,1,0,0,0,0,0,0,0
2017,대구광역시 서구4,대구광역시 서구 비산동(비산네거리 부근),2017-08-01 17:00:00,0,0,64.0,4,1,61.0,0,0,0,1,0,0,0,0,0,0,1,0,0,0,0,0,0,0,0,0,0,0,0,0,0,0,0,0,1,0,0,0,0,0,0,0,0,0,1,0,0,0,0,0,0,0,0,0,0,0,0,0,0,1,0,0,0,0,0,0,0,0,0,0,0,0,0
2017,대구광역시 서구4,대구광역시 서구 비산동(비산네거리 부근),2017-06-17 17:00:00,1,1,56.0,4,1,11.0,1,0,0,1,0,0,0,0,0,0,0,1,0,0,0,0,0,0,0,0,0,0,0,0,0,0,0,0,1,0,0,0,0,0,0,0,0,0,0,0,0,0,0,1,0,0,0,0,0,0,0,0,0,0,0,0,0,0,0,1,0,0,0,0,0,0,0
2017,대구광역시 서구4,대구광역시 서구 비산동(비산네거리 부근),2017-03-23 20:00:00,0,1,13.0,0,1,64.0,4,0,0,1,0,0,0,0,0,0,0,0,0,0,1,0,0,0,0,0,0,0,0,1,0,0,0,0,0,0,0,0,0,0,0,0,0,0,0,0,0,0,0,1,0,0,0,0,0,0,0,0,0,0,0,0,0,0,0,1,0,0,0,0,0,0,0
2017,대구광역시 서구4,대구광역시 서구 비산동(비산네거리 부근),2017-05-30 19:00:00,0,1,39.0,4,0,46.0,0,0,0,1,0,0,0,0,0,0,0,0,0,0,1,0,0,0,0,0,1,0,0,0,0,0,0,0,0,0,0,0,0,0,1,0,0,0,0,0,0,0,0,0,0,0,0,0,0,0,1,0,0,0,0,0,0,0,0,0,0,0,0,0,0,0,0
2017,대구광역시 서구4,대구광역시 서구 비산동(비산네거리 부근),2017-11-11 07:00:00,0,1,54.0,0,1,38.0,4,0,0,1,0,0,0,0,0,0,0,0,0,0,1,0,0,0,0,0,0,0,0,1,0,0,0,0,0,0,0,0,0,0,0,0,0,0,0,0,0,0,0,0,0,1,0,0,0,0,0,0,0,1,0,0,0,0,0,0,0,0,0,0,0,0,0
2017,대구광역시 서구7,대구광역시 서구 비산동(북부정류장사거리 부근),2017-04-12 08:00:00,1,1,50.0,4,0,43.0,1,0,0,1,0,0,0,0,0,0,1,0,0,0,0,0,0,0,0,0,0,0,0,0,0,0,0,0,1,0,0,0,0,0,1,0,0,0,0,0,0,0,0,0,0,0,0,0,0,0,0,0,0,0,0,0,0,0,0,1,0,0,0,0,0,0,0
2017,대구광역시 서구7,대구광역시 서구 비산동(북부정류장사거리 부근),2017-10-11 07:00:00,0,1,64.0,4,0,57.0,2,0,0,3,0,0,0,0,0,0,1,0,0,0,0,0,0,0,0,0,0,0,0,0,0,0,0,0,1,0,0,0,0,0,1,0,0,0,0,0,0,0,0,0,0,0,0,0,0,0,0,0,0,0,0,0,0,0,0,1,0,0,0,0,0,0,0
2017,대구광역시 서구7,대구광역시 서구 비산동(북부정류장사거리 부근),2017-10-31 17:00:00,2,1,49.0,2,1,62.0,4,0,0,1,0,0,0,0,0,0,0,0,0,0,1,0,0,0,0,0,0,0,0,0,0,0,0,0,0,0,1,0,0,0,0,0,0,0,0,0,0,0,0,1,0,0,0,0,0,0,0,0,0,0,0,0,0,0,0,1,0,0,0,0,0,0,0
2017,대구광역시 서구7,대구광역시 서구 비산동(북부정류장사거리 부근),2017-11-20 17:00:00,0,1,79.0,0,1,73.0,4,0,0,1,0,0,0,0,0,0,0,0,0,0,1,0,0,0,0,0,0,0,0,1,0,0,0,0,0,0,0,0,0,0,0,0,0,0,0,0,0,0,0,1,0,0,0,0,0,0,0,0,0,0,0,0,0,0,0,1,0,0,0,0,0,0,0
2017,대구광역시 서구8,대구광역시 서구 평리동(서도초교 부근),2017-03-18 15:00:00,0,1,39.0,4,1,69.0,0,0,0,1,0,0,0,0,0,0,1,0,0,0,0,0,0,0,0,0,0,0,0,0,0,0,0,0,1,0,0,0,0,0,0,0,0,0,0,0,0,0,0,1,0,0,0,0,0,0,0,0,0,0,0,0,0,0,0,1,0,0,0,0,0,0,0
2017,대구광역시 서구8,대구광역시 서구 평리동(서도초교 부근),2017-10-20 21:00:00,0,1,10.0,0,1,62.0,4,0,0,1,0,0,0,0,0,0,0,0,0,0,1,0,0,0,0,0,0,0,0,1,0,0,0,0,0,0,0,0,0,0,0,0,0,0,0,0,0,0,0,1,0,0,0,0,0,0,0,0,0,0,0,0,0,0,0,1,0,0,0,0,0,0,0
2017,대구광역시 서구8,대구광역시 서구 평리동(서도초교 부근),2017-04-16 23:00:00,0,1,46.0,0,1,50.0,4,0,0,1,0,0,0,0,0,0,0,0,0,0,1,0,0,0,0,0,0,0,0,0,1,0,0,0,0,0,0,0,0,0,0,0,0,0,0,0,0,0,0,1,0,0,0,0,0,0,0,0,0,0,0,0,0,0,0,1,0,0,0,0,0,0,0
2017,대구광역시 서구8,대구광역시 서구 평리동(서도초교 부근),2017-06-03 18:00:00,0,0,73.0,0,0,40.0,5,0,0,1,0,0,0,0,0,0,0,0,0,0,1,0,0,0,0,0,0,0,0,1,0,0,0,0,0,0,0,0,0,0,0,0,0,0,0,0,0,0,0,1,0,0,0,0,0,0,0,0,0,0,0,0,0,0,0,1,0,0,0,0,0,0,0
2017,대구광역시 서구5,대구광역시 서구 중리동(중리공원 부근),2017-08-04 17:00:00,2,1,12.0,2,0,53.0,4,0,0,1,0,0,0,0,0,0,0,0,0,0,1,0,0,0,0,0,0,0,0,1,0,0,0,0,0,0,0,0,0,0,0,0,0,0,0,0,0,0,0,1,0,0,0,0,0,0,0,0,0,0,0,0,0,0,0,1,0,0,0,0,0,0,0
2017,대구광역시 서구5,대구광역시 서구 중리동(중리공원 부근),2017-01-13 07:00:00,0,1,69.0,0,0,49.0,5,0,0,1,0,0,0,0,0,0,0,0,0,0,1,0,0,0,0,0,0,0,0,1,0,0,0,0,0,0,0,0,0,0,0,0,0,0,0,0,0,0,0,0,0,0,0,1,0,0,0,0,0,0,0,1,0,0,0,0,0,0,0,0,0,0,0
2017,대구광역시 서구5,대구광역시 서구 중리동(중리공원 부근),2017-11-01 12:00:00,0,1,76.0,0,1,56.0,4,0,0,1,0,0,0,0,0,0,0,0,0,0,1,0,0,0,0,0,0,0,0,0,0,0,0,0,0,0,1,0,0,0,0,0,0,0,0,0,0,0,0,1,0,0,0,0,0,0,0,0,0,1,0,0,0,0,0,0,0,0,0,0,0,0,0
2017,대구광역시 서구5,대구광역시 서구 중리동(중리공원 부근),2017-04-24 09:00:00,0,1,82.0,0,1,27.0,4,0,0,1,0,0,0,0,0,0,0,0,0,0,1,0,0,0,0,0,0,0,0,1,0,0,0,0,0,0,0,0,0,0,0,0,0,0,0,0,0,0,0,1,0,0,0,0,0,0,0,0,0,0,0,0,0,0,0,1,0,0,0,0,0,0,0
2017,대구광역시 서구5,대구광역시 서구 중리동(중리공원 부근),2017-07-26 08:00:00,1,1,85.0,1,1,40.0,4,0,0,1,0,0,0,0,0,0,0,0,0,0,1,0,0,0,0,0,0,0,0,1,0,0,0,0,0,0,0,0,0,0,0,0,0,0,0,0,0,0,0,1,0,0,0,0,0,0,0,0,0,0,0,0,0,0,0,1,0,0,0,0,0,0,0
2017,대구광역시 서구3,대구광역시 서구 원대동3가(코리아마트 부근),2017-09-29 09:00:00,1,1,24.0,4,0,65.0,1,0,0,1,0,0,0,0,0,0,1,0,0,0,0,0,0,0,0,0,0,0,0,0,0,0,0,0,1,0,0,0,0,0,0,0,0,0,0,0,0,0,0,1,0,0,0,0,0,0,0,0,0,0,0,0,0,0,0,1,0,0,0,0,0,0,0
2017,대구광역시 서구3,대구광역시 서구 원대동3가(코리아마트 부근),2017-11-15 14:00:00,0,1,32.0,4,1,72.0,0,0,0,1,0,0,0,0,0,0,1,0,0,0,0,0,0,0,0,0,0,0,0,0,0,0,0,0,1,0,0,0,0,0,0,0,0,0,0,0,0,0,0,1,0,0,0,0,0,0,0,0,0,0,0,0,0,0,0,1,0,0,0,0,0,0,0
2017,대구광역시 서구3,대구광역시 서구 원대동3가(코리아마트 부근),2017-08-14 11:00:00,0,1,53.0,4,1,11.0,0,2,0,1,0,0,0,0,0,0,1,0,0,0,0,0,0,0,0,0,0,0,0,0,0,0,0,0,1,0,0,0,0,0,0,0,0,0,0,0,0,0,0,1,0,0,0,0,0,0,0,0,0,0,0,0,0,0,0,1,0,0,0,0,0,0,0
2017,대구광역시 서구3,대구광역시 서구 원대동3가(코리아마트 부근),2017-02-12 09:00:00,1,1,55.0,4,0,63.0,1,0,0,1,0,0,0,0,0,0,1,0,0,0,0,0,0,0,0,0,0,0,0,0,0,0,0,0,1,0,0,0,0,0,0,0,0,0,0,0,0,0,0,1,0,0,0,0,0,0,0,0,0,0,0,0,0,0,0,1,0,0,0,0,0,0,0
2017,대구광역시 서구3,대구광역시 서구 원대동3가(코리아마트 부근),2017-07-16 11:00:00,0,1,61.0,4,1,58.0,0,0,0,1,0,0,0,0,0,0,1,0,0,0,0,0,0,0,0,0,0,0,0,0,0,0,0,0,1,0,0,0,0,0,0,0,0,0,0,0,0,0,0,1,0,0,0,0,0,0,0,0,0,0,0,0,0,0,0,1,0,0,0,0,0,0,0
2017,대구광역시 서구3,대구광역시 서구 원대동3가(코리아마트 부근),2017-04-19 14:00:00,1,0,54.0,4,1,68.0,1,0,0,1,0,0,0,0,0,0,1,0,0,0,0,0,0,0,0,0,0,0,0,0,0,0,0,0,1,0,0,0,0,0,0,0,0,0,0,0,0,0,0,1,0,0,0,0,0,0,0,0,0,0,0,0,0,0,0,1,0,0,0,0,0,0,0
2017,대구광역시 서구3,대구광역시 서구 원대동3가(코리아마트 부근),2017-09-21 07:00:00,0,1,57.0,0,1,62.0,4,0,0,1,0,0,0,0,0,0,0,0,0,0,1,0,0,0,0,0,0,0,0,0,0,0,0,0,0,0,1,0,0,0,0,0,0,0,0,0,0,0,0,1,0,0,0,0,0,0,0,0,0,0,0,0,0,0,0,1,0,0,0,0,0,0,0
2017,대구광역시 서구3,대구광역시 서구 원대동3가(코리아마트 부근),2017-05-26 06:00:00,2,1,57.0,2,1,50.0,4,0,0,1,0,0,0,0,0,0,0,0,0,0,1,0,0,0,0,0,0,0,0,1,0,0,0,0,0,0,0,0,0,0,1,0,0,0,0,0,0,0,0,0,0,0,0,0,0,0,0,0,0,0,0,0,0,0,0,1,0,0,0,0,0,0,0
2017,대구광역시 서구3,대구광역시 서구 원대동3가(코리아마트 부근),2017-11-24 11:00:00,0,1,63.0,4,1,26.0,0,0,0,1,0,0,0,0,0,0,0,0,0,0,1,0,0,0,0,0,1,0,0,0,0,0,0,0,0,0,0,0,0,0,1,0,0,0,0,0,0,0,0,0,0,0,0,0,0,0,1,0,0,0,0,0,0,0,0,0,0,0,0,0,0,0,0
2017,대구광역시 서구3,대구광역시 서구 원대동3가(코리아마트 부근),2017-03-06 17:00:00,0,0,51.0,0,0,54.0,4,0,0,1,0,0,0,0,0,0,0,0,0,0,1,0,0,0,0,0,0,0,0,1,0,0,0,0,0,0,0,0,0,0,0,0,0,0,0,0,0,0,0,1,0,0,0,0,0,0,0,0,0,0,0,0,0,0,0,1,0,0,0,0,0,0,0
2017,대구광역시 남구2,대구광역시 남구 봉덕동(남구청네거리 부근),2017-11-09 18:00:00,0,1,29.0,4,1,25.0,0,0,0,1,0,0,0,0,0,0,1,0,0,0,0,0,0,0,0,0,0,0,0,0,0,0,0,0,1,0,0,0,0,0,0,0,0,0,0,0,0,0,0,1,0,0,0,0,0,0,0,0,0,0,0,0,0,0,0,1,0,0,0,0,0,0,0
2017,대구광역시 남구2,대구광역시 남구 봉덕동(남구청네거리 부근),2017-11-19 14:00:00,1,1,69.0,4,1,68.0,1,0,0,1,0,0,0,0,0,0,1,0,0,0,0,0,0,0,0,0,0,0,0,0,0,0,0,0,1,0,0,0,0,0,0,0,0,0,0,0,0,0,0,1,0,0,0,0,0,0,0,0,0,0,0,0,0,0,0,1,0,0,0,0,0,0,0
2017,대구광역시 남구2,대구광역시 남구 봉덕동(남구청네거리 부근),2017-06-17 11:00:00,0,1,53.0,0,1,61.0,4,0,0,1,0,0,0,0,0,0,0,0,0,0,1,0,0,0,0,0,0,0,0,0,1,0,0,0,0,0,0,0,0,0,0,0,0,0,0,0,0,0,0,0,0,0,0,1,0,0,0,0,0,0,0,0,0,0,0,1,0,0,0,0,0,0,0
2017,대구광역시 남구2,대구광역시 남구 봉덕동(남구청네거리 부근),2017-10-15 10:00:00,1,1,77.0,1,1,65.0,4,0,0,1,0,0,0,0,0,0,0,0,0,0,1,0,0,0,0,0,0,0,0,0,0,0,0,0,0,0,1,0,0,0,0,0,0,0,0,1,0,0,0,0,0,0,0,0,0,0,0,0,0,0,0,0,0,0,0,1,0,0,0,0,0,0,0