사고년도,다발시군구,지점명,사고일시,사고등급,가해자성별,가해자연령,가해자신체상해정도,피해자성별,피해자연령,피해자신체상해정도,기상상태,사망자수,부상자수,가해차종_개인형이동수단(PM),가해차종_건설기계,가해차종_기타,가해차종_농기계,가해차종_불명,가해차종_사륜오토바이(ATV),가해차종_승용차,가해차종_승합차,가해차종_원동기장치자전거,가해차종_이륜차,가해차종_자전거,가해차종_특수차,가해차종_화물차,피해차종_개인형이동수단(PM),피해차종_건설기계,피해차종_기타,피해차종_보행자,피해차종_불명,피해차종_사륜오토바이(ATV),피해차종_승용차,피해차종_승합차,피해차종_없음,피해차종_원동기장치자전거,피해차종_이륜차,피해차종_자전거,피해차종_특수차,피해차종_화물차,가해자법규위반_과속,가해자법규위반_교차로 통행방법 위반,가해자법규위반_교차로운행방법위반,가해자법규위반_기타,가해자법규위반_미분류,가해자법규위반_보행자 보호의무 위반,가해자법규위반_보행자보호의무위반,가해자법규위반_불법유턴,가해자법규위반_신호위반,가해자법규위반_안전거리 미확보,가해자법규위반_안전거리미확보,가해자법규위반_안전운전 의무 불이행,가해자법규위반_안전운전불이행,가해자법규위반_중앙선 침범,가해자법규위반_중앙선침범,가해자법규위반_직진우회전진행방해,가해자법규위반_차로위반,사고유형_차대사람 - 기타,사고유형_차대사람 - 길가장자리구역통행중,사고유형_차대사람 - 보도통행중,사고유형_차대사람 - 차도통행중,사고유형_차대사람 - 횡단중,사고유형_차대차 - 기타,사고유형_차대차 - 정면충돌,사고유형_차대차 - 추돌,사고유형_차대차 - 추돌 - 주정차중,사고유형_차대차 - 추돌 - 진행중,사고유형_차대차 - 측면직각충돌,사고유형_차대차 - 측면충돌,사고유형_차대차 - 후진중충돌,사고유형_차량단독 - 공작물충돌,사고유형_차량단독 - 기타,사고유형_차량단독 - 도로외이탈 - 추락,사고유형_차량단독 - 전도,사고유형_차량단독 - 전도전복,사고유형_차량단독 - 전도전복 - 전도
2017,대구광역시 달서구9,대구광역시 달서구 신당동(월드광고 부근),2017-06-13 08:00:00,1,0,27.0,4,1,54.0,1,0,0,1,0,0,0,0,0,0,1,0,0,0,0,0,0,0,0,0,0,0,0,0,0,0,0,0,1,0,0,0,0,0,0,0,0,0,0,0,0,0,0,1,0,0,0,0,0,0,0,0,0,0,0,0,0,0,0,1,0,0,0,0,0,0,0
2017,대구광역시 달서구9,대구광역시 달서구 신당동(월드광고 부근),2017-01-13 13:00:00,0,0,58.0,4,1,29.0,0,0,0,1,0,0,0,0,0,0,1,0,0,0,0,0,0,0,0,0,0,0,0,0,0,0,0,0,1,0,0,0,0,0,0,0,0,0,0,0,0,0,0,1,0,0,0,0,0,0,0,0,0,0,0,0,0,0,0,1,0,0,0,0,0,0,0
2017,대구광역시 달서구5,대구광역시 달서구 죽전동(대구축산농협 죽전지점 부근),2017-01-21 10:00:00,1,1,34.0,4,1,78.0,1,0,0,1,0,0,0,0,0,0,1,0,0,0,0,0,0,0,0,0,0,0,0,0,0,0,0,0,1,0,0,0,0,0,0,0,0,0,0,1,0,0,0,0,0,0,0,0,0,0,0,0,0,0,0,0,0,0,0,1,0,0,0,0,0,0,0
2017,대구광역시 달서구5,대구광역시 달서구 죽전동(대구축산농협 죽전지점 부근),2017-11-03 16:00:00,1,1,54.0,4,1,51.0,1,0,0,1,0,0,0,0,0,0,1,0,0,0,0,0,0,0,0,0,0,0,0,0,0,0,0,0,1,0,0,0,0,0,0,0,0,0,0,1,0,0,0,0,0,0,0,0,0,0,0,0,0,0,0,0,0,0,0,1,0,0,0,0,0,0,0
2017,대구광역시 달서구5,대구광역시 달서구 죽전동(대구축산농협 죽전지점 부근),2017-03-09 09:00:00,0,0,47.0,4,0,73.0,0,0,0,1,0,0,0,0,0,0,0,1,0,0,0,0,0,0,0,0,0,0,0,0,0,0,0,0,1,0,0,0,0,0,0,0,0,0,0,0,0,0,0,1,0,0,0,0,0,0,0,0,0,1,0,0,0,0,0,0,0,0,0,0,0,0,0
2017,대구광역시 달서구5,대구광역시 달서구 죽전동(대구축산농협 죽전지점 부근),2017-01-01 16:00:00,0,1,13.0,0,1,38.0,4,0,0,1,0,0,0,0,0,0,0,0,0,0,1,0,0,0,0,0,0,0,0,1,0,0,0,0,0,0,0,0,0,0,0,0,0,0,0,1,0,0,0,0,0,0,0,0,0,0,0,0,0,0,0,0,0,0,0,1,0,0,0,0,0,0,0
2017,대구광역시 달서구8,대구광역시 달서구 감삼동(CU참미소점 부근),2017-11-09 19:00:00,0,1,53.0,4,1,43.0,0,0,0,1,0,0,0,0,0,0,1,0,0,0,0,0,0,0,0,0,0,0,0,0,0,0,0,0,1,0,0,0,0,0,0,0,0,0,0,0,0,0,0,1,0,0,0,0,0,0,0,0,0,1,0,0,0,0,0,0,0,0,0,0,0,0,0
2017,대구광역시 달서구8,대구광역시 달서구 감삼동(CU참미소점 부근),2017-04-17 08:00:00,1,0,58.0,4,1,72.0,1,2,0,1,0,0,0,0,0,0,1,0,0,0,0,0,0,0,0,0,0,0,0,0,0,0,0,0,1,0,0,0,0,0,0,0,0,0,0,1,0,0,0,0,0,0,0,0,0,0,0,0,0,0,0,0,0,0,0,1,0,0,0,0,0,0,0
2017,대구광역시 달서구8,대구광역시 달서구 감삼동(CU참미소점 부근),2017-11-13 23:00:00,0,1,49.0,0,1,47.0,5,0,0,1,0,0,0,0,0,0,0,0,0,0,1,0,0,0,0,0,0,0,0,1,0,0,0,0,0,0,0,0,0,0,0,0,0,0,0,0,0,0,0,1,0,0,0,0,0,0,0,0,0,1,0,0,0,0,0,0,0,0,0,0,0,0,0
2017,대구광역시 달서구8,대구광역시 달서구 감삼동(CU참미소점 부근),2017-05-07 08:00:00,0,1,48.0,4,1,74.0,0,0,0,1,0,0,0,0,0,0,0,0,0,0,0,0,1,0,0,0,0,0,0,0,0,0,0,0,1,0,0,0,0,0,0,0,0,0,0,0,0,0,0,1,0,0,0,0,0,0,0,0,0,1,0,0,0,0,0,0,0,0,0,0,0,0,0
2017,대구광역시 달서구6,대구광역시 달서구 상인동(찜나라 부근),2017-06-26 19:00:00,1,1,34.0,4,1,19.0,1,2,0,1,0,0,0,0,0,0,1,0,0,0,0,0,0,0,0,0,0,0,0,0,0,0,0,0,1,0,0,0,0,0,0,0,0,0,0,0,0,0,0,1,0,0,0,0,0,0,0,0,0,1,0,0,0,0,0,0,0,0,0,0,0,0,0
2017,대구광역시 달서구6,대구광역시 달서구 상인동(찜나라 부근),2017-04-12 19:00:00,0,1,34.0,4,1,55.0,0,0,0,1,0,0,0,0,0,0,1,0,0,0,0,0,0,0,0,0,0,0,0,0,0,0,0,0,1,0,0,0,0,0,0,0,0,0,0,0,0,0,0,1,0,0,0,0,0,0,0,0,0,0,0,0,0,0,0,1,0,0,0,0,0,0,0
2017,대구광역시 달서구6,대구광역시 달서구 상인동(찜나라 부근),2017-02-06 15:00:00,0,1,56.0,4,1,75.0,0,0,0,1,0,0,0,0,0,0,1,0,0,0,0,0,0,0,0,0,0,0,0,0,0,0,0,0,1,0,0,0,0,0,0,0,0,0,0,0,0,0,0,1,0,0,0,0,0,0,0,0,0,0,0,0,0,0,0,1,0,0,0,0,0,0,0
2017,대구광역시 달서구6,대구광역시 달서구 상인동(찜나라 부근),2017-07-02 11:00:00,0,0,36.0,4,1,13.0,0,0,0,1,0,0,0,0,0,0,1,0,0,0,0,0,0,0,0,0,0,0,0,0,0,0,0,0,1,0,0,0,0,0,0,0,0,0,0,0,0,0,0,1,0,0,0,0,0,0,0,0,0,0,0,0,0,0,0,1,0,0,0,0,0,0,0
2017,대구광역시 달서구10,대구광역시 달서구 상인동(생고기대학교 상인점 부근),2017-01-07 16:00:00,0,1,47.0,4,1,53.0,0,0,0,1,0,0,0,0,0,0,1,0,0,0,0,0,0,0,0,0,0,0,0,0,0,0,0,0,1,0,0,0,0,0,0,0,0,0,0,0,0,0,0,1,0,0,0,0,0,0,0,0,0,0,0,0,0,0,0,1,0,0,0,0,0,0,0
2017,대구광역시 달서구10,대구광역시 달서구 상인동(생고기대학교 상인점 부근),2017-08-23 18:00:00,1,1,62.0,4,1,13.0,1,0,0,1,0,0,0,0,0,0,1,0,0,0,0,0,0,0,0,0,0,0,0,0,0,0,0,0,1,0,0,0,0,0,0,0,0,0,0,0,0,0,0,1,0,0,0,0,0,0,0,0,0,0,0,0,0,0,0,1,0,0,0,0,0,0,0
2017,대구광역시 달서구10,대구광역시 달서구 상인동(생고기대학교 상인점 부근),2017-10-17 07:00:00,2,0,34.0,4,1,17.0,2,0,0,1,0,0,0,0,0,0,1,0,0,0,0,0,0,0,0,0,0,0,0,0,0,0,0,0,1,0,0,0,0,0,0,0,0,0,0,0,0,0,0,1,0,0,0,0,0,0,0,0,0,0,0,0,0,0,0,1,0,0,0,0,0,0,0
2017,대구광역시 달서구10,대구광역시 달서구 상인동(생고기대학교 상인점 부근),2017-11-10 18:00:00,0,0,64.0,4,1,25.0,0,0,0,1,0,0,0,0,0,0,1,0,0,0,0,0,0,0,0,0,0,0,0,0,0,0,0,0,1,0,0,0,0,0,0,0,0,0,0,0,0,0,0,1,0,0,0,0,0,0,0,0,0,0,0,0,0,0,0,1,0,0,0,0,0,0,0
2017,대구광역시 달서구4,대구광역시 달서구 진천동(유천네거리 부근),2017-05-20 10:00:00,0,1,52.0,4,0,73.0,0,0,0,1,0,0,0,0,0,0,1,0,0,0,0,0,0,0,0,0,0,0,0,0,0,0,0,0,1,0,0,0,0,0,0,0,0,0,0,0,0,0,0,1,0,0,0,0,0,0,0,0,0,0,0,0,0,0,0,1,0,0,0,0,0,0,0
2017,대구광역시 달서구4,대구광역시 달서구 진천동(유천네거리 부근),2017-10-09 15:00:00,0,0,53.0,4,0,26.0,0,0,0,1,0,0,0,0,0,0,1,0,0,0,0,0,0,0,0,0,0,0,0,0,0,0,0,0,1,0,0,0,0,0,0,0,0,0,0,0,0,0,0,1,0,0,0,0,0,0,0,0,0,1,0,0,0,0,0,0,0,0,0,0,0,0,0
2017,대구광역시 달서구4,대구광역시 달서구 진천동(유천네거리 부근),2017-03-29 18:00:00,2,1,18.0,2,2,47.23777883246322,6,0,0,1,0,0,0,0,0,0,0,0,0,0,1,0,0,0,0,0,0,0,0,0,0,1,0,0,0,0,0,0,0,0,0,0,0,0,0,0,0,0,0,1,0,0,0,0,0,0,0,0,0,0,0,0,0,0,0,0,0,0,1,0,0,0,0
2017,대구광역시 달서구4,대구광역시 달서구 진천동(유천네거리 부근),2017-03-08 21:00:00,2,0,14.0,2,0,43.0,4,0,0,1,0,0,0,0,0,0,0,0,0,0,1,0,0,0,0,0,0,0,0,1,0,0,0,0,0,0,0,0,0,0,0,0,0,0,1,0,0,0,0,0,0,0,0,0,0,0,0,0,0,0,0,0,0,0,0,1,0,0,0,0,0,0,0
2017,대구광역시 달서구4,대구광역시 달서구 진천동(유천네거리 부근),2017-02-25 17:00:00,0,1,58.0,4,1,56.0,0,0,0,1,0,0,0,0,0,0,0,0,0,0,0,0,1,0,0,0,0,0,0,0,0,0,0,0,1,0,0,0,0,0,0,0,0,0,0,0,0,0,0,1,0,0,0,0,0,0,0,0,0,0,0,0,0,0,0,1,0,0,0,0,0,0,0
2017,대구광역시 달서구12,대구광역시 달서구 진천동(진천남네거리 부근),2017-06-12 23:00:00,3,1,28.0,4,1,26.0,3,0,1,0,0,0,0,0,0,0,1,0,0,0,0,0,0,0,0,0,0,0,0,0,0,0,0,0,1,0,0,1,0,0,0,0,0,0,0,0,0,0,0,0,0,0,0,0,0,0,0,0,0,0,0,0,0,0,0,1,0,0,0,0,0,0,0
2017,대구광역시 달서구12,대구광역시 달서구 진천동(진천남네거리 부근),2017-06-22 08:00:00,0,1,54.0,0,0,48.0,4,0,0,1,0,0,0,0,0,0,0,0,0,0,1,0,0,0,0,0,0,0,0,1,0,0,0,0,0,0,0,0,0,0,0,0,0,0,0,0,0,0,0,1,0,0,0,0,0,0,0,0,0,0,0,0,0,0,0,1,0,0,0,0,0,0,0
2017,대구광역시 달서구12,대구광역시 달서구 진천동(진천남네거리 부근),2017-07-26 17:00:00,0,0,11.0,0,1,26.0,4,0,0,1,0,0,0,0,0,0,0,0,0,0,1,0,0,0,0,0,0,0,0,1,0,0,0,0,0,0,0,0,0,0,0,0,0,0,0,1,0,0,0,0,0,0,0,0,0,0,0,0,0,1,0,0,0,0,0,0,0,0,0,0,0,0,0
2017,대구광역시 달서구3,대구광역시 달서구 월성동(SK엔크린 남대구IC주유소 부근),2017-09-25 19:00:00,0,1,54.0,4,1,43.0,0,0,0,1,0,0,0,0,0,0,1,0,0,0,0,0,0,0,0,0,0,0,0,0,0,0,0,0,1,0,0,0,0,0,0,0,0,0,0,0,0,0,0,1,0,0,0,0,0,0,0,0,0,0,0,0,0,0,0,1,0,0,0,0,0,0,0
2017,대구광역시 달서구3,대구광역시 달서구 월성동(SK엔크린 남대구IC주유소 부근),2017-02-15 22:00:00,0,0,60.0,4,1,52.0,0,0,0,1,0,0,0,0,0,0,1,0,0,0,0,0,0,0,0,0,0,0,0,0,0,0,0,0,1,0,0,0,0,0,0,0,0,0,0,0,0,0,0,1,0,0,0,0,0,0,0,0,0,0,0,0,0,0,0,1,0,0,0,0,0,0,0
2017,대구광역시 달서구3,대구광역시 달서구 월성동(SK엔크린 남대구IC주유소 부근),2017-07-14 08:00:00,0,0,47.0,0,0,37.0,4,0,0,1,0,0,0,0,0,0,0,0,0,0,1,0,0,0,0,0,0,0,0,1,0,0,0,0,0,0,0,0,0,0,0,0,0,0,0,0,0,0,0,1,0,0,0,0,0,0,0,0,0,0,0,0,0,0,0,1,0,0,0,0,0,0,0
2017,대구광역시 달서구3,대구광역시 달서구 월성동(SK엔크린 남대구IC주유소 부근),2017-01-18 07:00:00,0,1,31.0,4,1,36.0,0,0,0,1,0,0,0,0,0,0,0,0,0,0,0,0,1,0,0,0,0,0,0,0,0,0,0,0,1,0,0,0,0,0,0,0,0,0,0,0,0,0,0,1,0,0,0,0,0,0,0,0,0,1,0,0,0,0,0,0,0,0,0,0,0,0,0
2017,대구광역시 달서구3,대구광역시 달서구 월성동(SK엔크린 남대구IC주유소 부근),2017-07-11 15:00:00,1,1,61.0,4,1,54.0,1,0,0,1,0,0,0,0,0,0,0,0,0,0,0,0,1,0,0,0,0,0,0,0,0,0,0,0,1,0,0,0,0,0,0,0,0,0,0,0,0,0,0,1,0,0,0,0,0,0,0,0,0,0,0,0,0,0,0,1,0,0,0,0,0,0,0
2017,대구광역시 달서구11,대구광역시 달서구 송현동(IBK기업은행 송현동지점 부근),2017-09-30 11:00:00,0,1,58.0,4,1,91.0,0,0,0,1,0,0,0,0,0,0,1,0,0,0,0,0,0,0,0,0,0,0,0,0,0,0,0,0,1,0,0,0,0,0,0,0,0,0,0,0,0,0,0,1,0,0,0,0,0,0,0,0,0,0,0,0,0,0,0,1,0,0,0,0,0,0,0
2017,대구광역시 달서구11,대구광역시 달서구 송현동(IBK기업은행 송현동지점 부근),2017-11-02 17:00:00,0,0,52.0,4,0,9.0,0,0,0,1,0,0,0,0,0,0,1,0,0,0,0,0,0,0,0,0,0,0,0,0,0,0,0,0,1,0,0,0,0,0,0,0,0,0,0,0,0,0,0,0,0,0,1,0,0,0,0,0,0,0,0,0,0,0,0,1,0,0,0,0,0,0,0
2017,대구광역시 달서구11,대구광역시 달서구 송현동(IBK기업은행 송현동지점 부근),2017-09-21 05:00:00,2,1,67.0,2,1,61.0,4,0,0,1,0,0,0,0,0,0,0,0,0,0,1,0,0,0,0,0,0,0,0,1,0,0,0,0,0,0,0,0,0,0,0,0,0,0,1,0,0,0,0,0,0,0,0,0,0,0,0,0,0,0,0,0,0,0,0,1,0,0,0,0,0,0,0
2017,대구광역시 달서구11,대구광역시 달서구 송현동(IBK기업은행 송현동지점 부근),2017-01-23 11:00:00,0,1,79.0,0,1,71.0,4,0,0,1,0,0,0,0,0,0,0,0,0,0,1,0,0,0,0,0,0,0,0,1,0,0,0,0,0,0,0,0,0,0,0,0,0,0,0,1,0,0,0,0,0,0,0,0,0,0,0,0,0,1,0,0,0,0,0,0,0,0,0,0,0,0,0
2017,대구광역시 달성군1,대구광역시 달성군 다사읍(대실역 부근),2017-09-28 17:00:00,0,2,17.0,5,1,25.0,0,0,0,1,0,0,0,0,1,0,0,0,0,0,0,0,0,0,0,0,0,0,0,0,0,0,0,0,1,0,0,0,0,0,0,0,0,0,0,0,0,0,0,1,0,0,0,0,0,0,0,0,0,1,0,0,0,0,0,0,0,0,0,0,0,0,0
2017,대구광역시 달성군1,대구광역시 달성군 다사읍(대실역 부근),2017-06-17 12:00:00,2,2,47.74785772029103,5,1,12.0,2,0,0,1,0,0,0,0,1,0,0,0,0,0,0,0,0,0,0,0,0,0,0,0,0,0,0,0,1,0,0,0,0,0,1,0,0,0,0,0,0,0,0,0,0,0,0,0,0,0,0,0,0,0,1,0,0,0,0,0,0,0,0,0,0,0,0
2017,대구광역시 달성군1,대구광역시 달성군 다사읍(대실역 부근),2017-06-09 22:00:00,1,1,13.0,5,0,43.0,1,0,0,1,0,0,0,0,0,0,0,0,0,0,1,0,0,0,0,0,1,0,0,0,0,0,0,0,0,0,0,0,0,0,0,0,0,0,0,0,0,0,0,1,0,0,0,0,0,0,0,0,1,0,0,0,0,0,0,0,0,0,0,0,0,0,0
2017,대구광역시 달성군1,대구광역시 달성군 다사읍(대실역 부근),2017-09-28 19:00:00,1,1,47.0,1,1,44.0,1,0,0,2,0,0,0,0,0,0,0,0,0,0,1,0,0,0,0,0,0,0,0,0,0,0,1,0,0,0,0,0,0,0,0,0,0,0,1,0,0,0,0,0,0,0,0,0,0,0,0,0,0,0,1,0,0,0,0,0,0,0,0,0,0,0,0
2017,인천광역시 남동구2,인천광역시 남동구 구월동(누들팟 부근),2017-10-07 06:00:00,1,2,47.74785772029103,5,1,76.0,1,3,0,1,0,0,0,0,1,0,0,0,0,0,0,0,0,0,0,0,0,0,0,0,0,0,0,0,1,0,0,0,0,0,0,0,0,0,0,0,0,0,0,1,0,0,0,0,0,0,0,0,0,0,0,1,0,0,0,0,0,0,0,0,0,0,0
2017,인천광역시 남동구2,인천광역시 남동구 구월동(누들팟 부근),2017-10-31 07:00:00,1,1,35.0,4,1,72.0,1,0,0,1,0,0,0,0,0,0,1,0,0,0,0,0,0,0,0,0,0,0,0,0,0,0,0,0,1,0,0,0,0,0,1,0,0,0,0,0,0,0,0,0,0,0,0,0,0,0,0,0,0,1,0,0,0,0,0,0,0,0,0,0,0,0,0
2017,인천광역시 남동구2,인천광역시 남동구 구월동(누들팟 부근),2017-01-18 18:00:00,0,0,44.0,4,1,14.0,0,0,0,1,0,0,0,0,0,0,1,0,0,0,0,0,0,0,0,0,0,0,0,0,0,0,0,0,1,0,0,0,0,0,0,0,0,0,0,0,0,0,0,1,0,0,0,0,0,0,0,0,0,0,0,0,0,0,0,1,0,0,0,0,0,0,0
2017,인천광역시 남동구2,인천광역시 남동구 구월동(누들팟 부근),2017-04-24 08:00:00,1,0,45.0,4,1,66.0,1,0,0,1,0,0,0,0,0,0,1,0,0,0,0,0,0,0,0,0,0,0,0,0,0,0,0,0,1,0,0,0,0,0,0,0,0,0,0,0,0,0,0,1,0,0,0,0,0,0,0,0,0,0,0,0,0,0,0,1,0,0,0,0,0,0,0
2017,인천광역시 남동구1,인천광역시 남동구 논현동(라피에스타 앞 교차로 부근),2017-06-22 20:00:00,0,1,54.0,4,1,12.0,0,0,0,1,0,0,0,0,0,0,1,0,0,0,0,0,0,0,0,0,0,0,0,0,0,0,0,0,1,0,0,0,0,0,0,0,0,0,0,0,0,0,0,1,0,0,0,0,0,0,0,0,0,0,0,0,0,0,0,1,0,0,0,0,0,0,0
2017,인천광역시 남동구1,인천광역시 남동구 논현동(라피에스타 앞 교차로 부근),2017-04-30 15:00:00,0,1,71.0,4,1,8.0,0,0,0,1,0,0,0,0,0,0,1,0,0,0,0,0,0,0,0,0,0,0,0,0,0,0,0,0,1,0,0,0,0,0,0,0,0,0,0,0,0,0,0,1,0,0,0,0,0,0,0,0,0,0,0,0,0,0,0,1,0,0,0,0,0,0,0
2017,인천광역시 남동구1,인천광역시 남동구 논현동(라피에스타 앞 교차로 부근),2017-09-16 09:00:00,1,1,76.0,4,1,55.0,1,0,0,1,0,0,0,0,0,0,1,0,0,0,0,0,0,0,0,0,0,0,0,0,0,0,0,0,1,0,0,0,0,0,0,0,0,0,0,0,0,0,0,1,0,0,0,0,0,0,0,0,0,0,0,0,0,0,0,1,0,0,0,0,0,0,0
2017,인천광역시 남동구1,인천광역시 남동구 논현동(라피에스타 앞 교차로 부근),2017-03-06 12:00:00,1,0,41.0,4,1,77.0,1,0,0,1,0,0,0,0,0,0,1,0,0,0,0,0,0,0,0,0,0,0,0,0,0,0,0,0,1,0,0,0,0,0,0,0,0,0,0,1,0,0,0,0,0,0,0,0,0,0,0,0,0,0,0,0,0,0,0,1,0,0,0,0,0,0,0
2017,인천광역시 남동구1,인천광역시 남동구 논현동(라피에스타 앞 교차로 부근),2017-05-22 08:00:00,1,1,55.0,4,0,23.0,1,0,0,1,0,0,0,0,0,0,0,0,0,0,0,0,1,0,0,0,0,0,0,0,0,0,0,0,1,0,0,0,0,0,0,0,0,0,0,0,0,0,0,1,0,0,0,0,0,0,0,0,0,0,1,0,0,0,0,0,0,0,0,0,0,0,0
2017,인천광역시 부평구1,인천광역시 부평구 부평동(부평구청사거리 부근),2017-11-15 17:00:00,1,1,71.0,4,1,13.0,1,0,0,1,0,0,0,0,0,0,1,0,0,0,0,0,0,0,0,0,0,0,0,0,0,0,0,0,1,0,0,0,0,0,0,0,0,0,0,1,0,0,0,0,0,0,0,0,0,0,0,0,0,1,0,0,0,0,0,0,0,0,0,0,0,0,0
2017,인천광역시 부평구1,인천광역시 부평구 부평동(부평구청사거리 부근),2017-02-24 13:00:00,1,1,27.0,4,1,29.0,1,0,0,1,0,0,0,0,0,0,0,0,1,0,0,0,0,0,0,0,0,0,0,0,0,0,0,0,1,0,0,0,0,0,0,0,0,0,0,1,0,0,0,0,0,0,0,0,0,0,0,0,0,0,0,0,0,0,0,1,0,0,0,0,0,0,0
2017,인천광역시 부평구1,인천광역시 부평구 부평동(부평구청사거리 부근),2017-04-22 17:00:00,0,1,49.0,0,1,31.0,4,0,0,1,0,0,0,0,0,0,0,0,0,0,1,0,0,0,0,0,0,0,0,1,0,0,0,0,0,0,0,0,0,0,0,0,0,0,0,0,0,0,0,1,0,0,0,0,0,0,0,0,0,0,0,0,0,0,0,1,0,0,0,0,0,0,0
2017,인천광역시 부평구1,인천광역시 부평구 부평동(부평구청사거리 부근),2017-02-01 11:00:00,0,1,24.0,4,0,50.0,0,0,0,1,0,0,0,0,0,0,0,0,0,0,0,0,1,0,0,0,0,0,0,0,0,0,0,0,1,0,0,0,0,0,0,0,0,0,0,0,0,0,0,1,0,0,0,0,0,0,0,0,0,0,0,0,0,0,0,1,0,0,0,0,0,0,0
2017,인천광역시 부평구1,인천광역시 부평구 부평동(부평구청사거리 부근),2017-03-30 07:00:00,1,1,60.0,4,0,66.0,1,0,0,1,0,0,0,0,0,0,0,0,0,0,0,0,1,0,0,0,0,0,0,0,0,0,0,0,1,0,0,0,0,0,0,0,0,0,0,0,0,0,0,1,0,0,0,0,0,0,0,0,0,1,0,0,0,0,0,0,0,0,0,0,0,0,0
2017,인천광역시 부평구2,인천광역시 부평구 부평동(고기카페 부평점 부근),2017-10-11 12:00:00,0,2,47.74785772029103,5,0,57.0,0,1,0,1,0,0,0,0,1,0,0,0,0,0,0,0,0,0,0,0,0,0,0,0,0,0,0,0,1,0,0,0,0,0,1,0,0,0,0,0,0,0,0,0,0,0,0,0,0,0,0,0,0,0,0,0,0,0,0,1,0,0,0,0,0,0,0
2017,인천광역시 부평구2,인천광역시 부평구 부평동(고기카페 부평점 부근),2017-04-28 15:00:00,0,1,45.0,4,0,80.0,0,0,0,1,0,0,0,0,0,0,1,0,0,0,0,0,0,0,0,0,0,0,0,0,0,0,0,0,1,0,0,0,0,0,0,0,0,0,0,0,0,0,0,1,0,0,0,0,0,0,0,0,0,0,0,0,0,0,0,0,1,0,0,0,0,0,0
2017,인천광역시 부평구2,인천광역시 부평구 부평동(고기카페 부평점 부근),2017-12-02 15:00:00,1,1,18.0,4,1,49.0,1,0,0,1,0,0,0,0,0,0,0,0,0,1,0,0,0,0,0,0,0,0,0,0,0,0,0,0,1,0,0,0,0,0,0,0,0,0,0,0,0,0,0,0,0,0,1,0,0,0,0,0,0,0,0,0,0,0,0,1,0,0,0,0,0,0,0
2017,인천광역시 부평구2,인천광역시 부평구 부평동(고기카페 부평점 부근),2017-02-01 11:00:00,0,1,74.0,0,1,65.0,4,0,0,1,0,0,0,0,0,0,0,0,0,0,1,0,0,0,0,0,0,0,0,1,0,0,0,0,0,0,0,0,0,0,0,0,0,0,0,0,0,0,0,1,0,0,0,0,0,0,0,0,0,0,0,0,0,0,0,1,0,0,0,0,0,0,0
2017,인천광역시 부평구3,인천광역시 부평구 부평동(부원초입구삼거리 부근),2017-08-18 09:00:00,1,2,47.74785772029103,5,1,65.0,1,0,0,1,0,0,0,0,1,0,0,0,0,0,0,0,0,0,0,0,0,0,0,0,0,0,0,0,1,0,0,0,0,0,0,0,0,0,0,0,0,0,0,1,0,0,0,0,0,0,0,0,0,1,0,0,0,0,0,0,0,0,0,0,0,0,0
2017,인천광역시 부평구3,인천광역시 부평구 부평동(부원초입구삼거리 부근),2017-10-20 18:00:00,0,1,54.0,4,1,12.0,0,0,0,1,0,0,0,0,0,0,1,0,0,0,0,0,0,0,0,0,0,0,0,0,0,0,0,0,1,0,0,0,0,0,0,0,0,0,0,1,0,0,0,0,0,0,0,0,0,0,0,0,0,1,0,0,0,0,0,0,0,0,0,0,0,0,0
2017,인천광역시 부평구3,인천광역시 부평구 부평동(부원초입구삼거리 부근),2017-11-06 18:00:00,0,1,61.0,4,0,49.0,0,0,0,1,0,0,0,0,0,0,1,0,0,0,0,0,0,0,0,0,0,0,0,0,0,0,0,0,1,0,0,0,0,0,0,0,0,0,0,1,0,0,0,0,0,0,0,0,0,0,0,0,0,1,0,0,0,0,0,0,0,0,0,0,0,0,0
2017,인천광역시 부평구3,인천광역시 부평구 부평동(부원초입구삼거리 부근),2017-10-21 16:00:00,0,0,70.0,4,1,10.0,0,0,0,1,0,0,0,0,0,0,1,0,0,0,0,0,0,0,0,0,0,0,0,0,0,0,0,0,1,0,0,0,0,0,0,0,0,0,0,1,0,0,0,0,0,0,0,0,0,0,0,0,0,0,0,0,0,0,0,1,0,0,0,0,0,0,0
2017,인천광역시 부평구4,인천광역시 부평구 청천동(산곡사거리 부근),2017-08-18 23:00:00,0,0,25.0,4,1,22.0,0,0,0,1,0,0,0,0,0,0,1,0,0,0,0,0,0,0,0,0,0,0,0,0,0,0,0,0,1,0,0,0,0,0,0,0,0,0,0,0,0,0,0,1,0,0,0,0,0,0,0,0,0,0,0,0,0,0,0,1,0,0,0,0,0,0,0
2017,인천광역시 부평구4,인천광역시 부평구 청천동(산곡사거리 부근),2017-06-05 08:00:00,0,1,17.0,5,0,42.0,0,0,0,1,0,0,0,0,0,0,0,0,0,0,1,0,0,0,0,0,1,0,0,0,0,0,0,0,0,0,0,0,0,0,0,0,0,0,0,0,0,0,0,1,0,0,0,0,1,0,0,0,0,0,0,0,0,0,0,0,0,0,0,0,0,0,0
2017,인천광역시 부평구4,인천광역시 부평구 청천동(산곡사거리 부근),2017-09-15 15:00:00,0,1,32.0,4,1,16.0,0,0,0,1,0,0,0,0,0,0,0,0,0,0,0,0,1,0,0,0,0,0,0,0,0,0,0,0,1,0,0,0,0,0,0,0,0,0,0,0,0,0,0,1,0,0,0,0,0,0,0,0,0,1,0,0,0,0,0,0,0,0,0,0,0,0,0