사고년도,다발시군구,지점명,사고일시,사고등급,가해자성별,가해자연령,가해자신체상해정도,피해자성별,피해자연령,피해자신체상해정도,기상상태,사망자수,부상자수,가해차종_개인형이동수단(PM),가해차종_건설기계,가해차종_기타,가해차종_농기계,가해차종_불명,가해차종_사륜오토바이(ATV),가해차종_승용차,가해차종_승합차,가해차종_원동기장치자전거,가해차종_이륜차,가해차종_자전거,가해차종_특수차,가해차종_화물차,피해차종_개인형이동수단(PM),피해차종_건설기계,피해차종_기타,피해차종_보행자,피해차종_불명,피해차종_사륜오토바이(ATV),피해차종_승용차,피해차종_승합차,피해차종_없음,피해차종_원동기장치자전거,피해차종_이륜차,피해차종_자전거,피해차종_특수차,피해차종_화물차,가해자법규위반_과속,가해자법규위반_교차로 통행방법 위반,가해자법규위반_교차로운행방법위반,가해자법규위반_기타,가해자법규위반_미분류,가해자법규위반_보행자 보호의무 위반,가해자법규위반_보행자보호의무위반,가해자법규위반_불법유턴,가해자법규위반_신호위반,가해자법규위반_안전거리 미확보,가해자법규위반_안전거리미확보,가해자법규위반_안전운전 의무 불이행,가해자법규위반_안전운전불이행,가해자법규위반_중앙선 침범,가해자법규위반_중앙선침범,가해자법규위반_직진우회전진행방해,가해자법규위반_차로위반,사고유형_차대사람 - 기타,사고유형_차대사람 - 길가장자리구역통행중,사고유형_차대사람 - 보도통행중,사고유형_차대사람 - 차도통행중,사고유형_차대사람 - 횡단중,사고유형_차대차 - 기타,사고유형_차대차 - 정면충돌,사고유형_차대차 - 추돌,사고유형_차대차 - 추돌 - 주정차중,사고유형_차대차 - 추돌 - 진행중,사고유형_차대차 - 측면직각충돌,사고유형_차대차 - 측면충돌,사고유형_차대차 - 후진중충돌,사고유형_차량단독 - 공작물충돌,사고유형_차량단독 - 기타,사고유형_차량단독 - 도로외이탈 - 추락,사고유형_차량단독 - 전도,사고유형_차량단독 - 전도전복,사고유형_차량단독 - 전도전복 - 전도
2017,전라남도 순천시1,전라남도 순천시 매곡동(이조약국 부근),2017-11-21 07:00:00,1,1,65.0,4,1,74.0,1,0,0,1,0,0,0,0,0,0,0,0,0,0,0,0,1,0,0,0,0,0,0,0,0,0,0,0,1,0,0,0,0,0,0,0,0,0,0,0,0,0,0,1,0,0,0,0,0,0,0,0,0,1,0,0,0,0,0,0,0,0,0,0,0,0,0
2017,전라남도 장흥군1,전라남도 장흥군 장흥읍(군민회관삼거리 부근),2017-07-21 15:00:00,0,1,55.0,4,1,48.0,0,0,0,1,0,0,0,0,0,0,1,0,0,0,0,0,0,0,0,0,0,0,0,0,0,0,0,0,1,0,0,0,0,0,0,0,0,0,0,0,0,0,0,1,0,0,0,0,0,0,0,0,0,0,0,0,0,0,0,1,0,0,0,0,0,0,0
2017,전라남도 장흥군1,전라남도 장흥군 장흥읍(군민회관삼거리 부근),2017-07-29 13:00:00,0,1,60.0,4,1,21.0,0,0,0,1,0,0,0,0,0,0,1,0,0,0,0,0,0,0,0,0,0,0,0,0,0,0,0,0,1,0,0,0,0,0,0,0,0,0,0,0,0,0,0,1,0,0,0,0,0,0,0,0,0,0,0,0,0,0,0,1,0,0,0,0,0,0,0
2017,전라남도 장흥군1,전라남도 장흥군 장흥읍(군민회관삼거리 부근),2017-10-25 22:00:00,2,0,39.0,4,1,50.0,2,0,0,1,0,0,0,0,0,0,1,0,0,0,0,0,0,0,0,0,0,0,0,0,0,0,0,0,1,0,0,0,0,0,0,0,0,0,0,0,0,0,0,1,0,0,0,0,0,0,0,0,0,1,0,0,0,0,0,0,0,0,0,0,0,0,0
2017,전라남도 장흥군1,전라남도 장흥군 장흥읍(군민회관삼거리 부근),2017-02-19 15:00:00,0,0,52.0,4,0,74.0,0,0,0,1,0,0,0,0,0,0,1,0,0,0,0,0,0,0,0,0,0,0,0,0,0,0,0,0,1,0,0,0,0,0,0,0,0,0,0,0,0,0,0,1,0,0,0,0,0,0,0,0,0,1,0,0,0,0,0,0,0,0,0,0,0,0,0
2017,전라남도 장흥군1,전라남도 장흥군 장흥읍(군민회관삼거리 부근),2017-08-01 17:00:00,1,0,52.0,1,1,60.0,4,0,0,1,0,0,0,0,0,0,0,0,0,0,1,0,0,0,0,0,0,0,0,0,0,0,0,0,0,0,1,0,0,0,0,0,0,0,0,0,0,0,0,1,0,0,0,0,0,0,0,0,0,0,1,0,0,0,0,0,0,0,0,0,0,0,0
2017,경상북도 포항시 남구1,경상북도 포항시 남구 해도동(해도119안전센터 부근),2017-12-08 07:00:00,1,1,51.0,4,1,57.0,1,0,0,1,0,0,0,0,0,0,1,0,0,0,0,0,0,0,0,0,0,0,0,0,0,0,0,0,1,0,0,0,0,0,0,0,0,0,0,0,0,0,0,1,0,0,0,0,0,0,0,0,0,1,0,0,0,0,0,0,0,0,0,0,0,0,0
2017,경상북도 포항시 남구1,경상북도 포항시 남구 해도동(해도119안전센터 부근),2017-04-15 07:00:00,0,1,55.0,4,1,28.0,0,0,0,1,0,0,0,0,0,0,1,0,0,0,0,0,0,0,0,0,0,0,0,0,0,0,0,0,1,0,0,0,0,0,0,0,0,0,0,0,0,0,0,1,0,0,0,0,0,0,0,0,0,0,0,0,0,0,0,1,0,0,0,0,0,0,0
2017,경상북도 포항시 남구1,경상북도 포항시 남구 해도동(해도119안전센터 부근),2017-04-24 08:00:00,0,0,42.0,4,0,49.0,0,0,0,1,0,0,0,0,0,0,1,0,0,0,0,0,0,0,0,0,0,0,0,0,0,0,0,0,1,0,0,0,0,1,0,0,0,0,0,0,0,0,0,0,0,0,0,0,0,0,0,0,0,0,0,0,0,0,0,1,0,0,0,0,0,0,0
2017,경상북도 포항시 남구1,경상북도 포항시 남구 해도동(해도119안전센터 부근),2017-01-25 19:00:00,0,0,53.0,4,0,54.0,0,0,0,1,0,0,0,0,0,0,1,0,0,0,0,0,0,0,0,0,0,0,0,0,0,0,0,0,1,0,0,0,0,0,0,0,0,0,0,0,0,0,0,1,0,0,0,0,0,0,0,0,0,0,0,0,0,0,0,1,0,0,0,0,0,0,0
2017,경상북도 포항시 남구1,경상북도 포항시 남구 해도동(해도119안전센터 부근),2017-06-11 22:00:00,0,1,35.0,0,0,26.0,0,0,0,2,0,0,0,0,0,0,0,0,0,0,1,0,0,0,0,0,0,0,0,0,0,0,0,1,0,0,0,0,0,0,0,0,0,0,0,0,0,0,0,1,0,0,0,0,0,0,0,0,0,0,1,0,0,0,0,0,0,0,0,0,0,0,0
2017,경상북도 포항시 남구1,경상북도 포항시 남구 해도동(해도119안전센터 부근),2017-05-19 12:00:00,2,1,62.0,2,0,56.0,4,0,0,1,0,0,0,0,0,0,0,0,0,0,1,0,0,0,0,0,0,0,0,1,0,0,0,0,0,0,0,0,0,0,0,0,0,0,0,0,0,0,0,1,0,0,0,0,0,0,0,0,0,1,0,0,0,0,0,0,0,0,0,0,0,0,0
2017,경상북도 포항시 남구1,경상북도 포항시 남구 해도동(해도119안전센터 부근),2017-01-03 09:00:00,0,0,63.0,0,1,60.0,4,0,0,1,0,0,0,0,0,0,0,0,0,0,1,0,0,0,0,0,0,0,0,1,0,0,0,0,0,0,0,0,0,0,0,0,0,0,0,1,0,0,0,0,0,0,0,0,0,0,0,0,0,1,0,0,0,0,0,0,0,0,0,0,0,0,0
2017,경상북도 포항시 남구2,경상북도 포항시 남구 연일읍(보람한의원 부근),2017-10-16 07:00:00,0,1,29.0,4,1,81.0,0,0,0,1,0,0,0,0,0,0,1,0,0,0,0,0,0,0,0,0,0,0,0,0,0,0,0,0,1,0,0,0,0,0,0,0,0,0,0,0,0,0,0,1,0,0,0,0,0,0,0,0,0,1,0,0,0,0,0,0,0,0,0,0,0,0,0
2017,경상북도 포항시 남구2,경상북도 포항시 남구 연일읍(보람한의원 부근),2017-04-08 18:00:00,0,1,37.0,4,1,74.0,0,0,0,1,0,0,0,0,0,0,1,0,0,0,0,0,0,0,0,0,0,0,0,0,0,0,0,0,1,0,0,0,0,0,0,0,0,0,0,0,0,0,0,1,0,0,0,0,0,0,0,0,0,1,0,0,0,0,0,0,0,0,0,0,0,0,0
2017,경상북도 포항시 남구2,경상북도 포항시 남구 연일읍(보람한의원 부근),2017-11-06 16:00:00,0,1,79.0,0,1,62.0,4,0,0,1,0,0,0,0,0,0,0,0,0,0,1,0,0,0,0,0,0,0,0,0,0,0,0,0,0,0,1,0,0,1,0,0,0,0,0,0,0,0,0,0,0,0,0,0,0,0,0,0,0,1,0,0,0,0,0,0,0,0,0,0,0,0,0
2017,경상북도 포항시 남구2,경상북도 포항시 남구 연일읍(보람한의원 부근),2017-01-09 15:00:00,1,0,57.0,1,0,38.0,4,0,0,1,0,0,0,0,0,0,0,0,0,0,1,0,0,0,0,0,0,0,0,1,0,0,0,0,0,0,0,0,0,0,0,0,0,0,0,0,0,0,0,1,0,0,0,0,0,0,0,0,0,1,0,0,0,0,0,0,0,0,0,0,0,0,0
2017,경상북도 포항시 북구1,경상북도 포항시 북구 죽도동(포항고속버스터미널앞 부근),2017-03-18 19:00:00,1,1,52.0,4,1,64.0,1,0,0,2,0,0,0,0,0,0,1,0,0,0,0,0,0,0,0,0,0,0,0,0,0,0,0,0,1,0,0,0,0,1,0,0,0,0,0,0,0,0,0,0,0,0,0,0,0,0,0,0,0,0,0,0,0,0,0,1,0,0,0,0,0,0,0
2017,경상북도 포항시 북구1,경상북도 포항시 북구 죽도동(포항고속버스터미널앞 부근),2017-09-20 15:00:00,1,1,59.0,4,1,62.0,1,0,0,1,0,0,0,0,0,0,1,0,0,0,0,0,0,0,0,0,0,0,0,0,0,0,0,0,1,0,0,0,0,0,0,0,0,0,0,0,0,0,0,1,0,0,0,0,0,0,0,0,0,0,0,0,0,0,0,1,0,0,0,0,0,0,0
2017,경상북도 포항시 북구1,경상북도 포항시 북구 죽도동(포항고속버스터미널앞 부근),2017-09-05 08:00:00,1,0,50.0,4,1,62.0,1,0,0,1,0,0,0,0,0,0,1,0,0,0,0,0,0,0,0,0,0,0,0,0,0,0,0,0,1,0,0,0,0,0,0,0,0,0,0,0,0,0,0,1,0,0,0,0,0,0,0,0,0,0,0,0,0,0,0,1,0,0,0,0,0,0,0
2017,경상북도 포항시 북구1,경상북도 포항시 북구 죽도동(포항고속버스터미널앞 부근),2017-05-20 15:00:00,0,1,47.0,4,1,9.0,0,0,0,1,0,0,0,0,0,0,0,0,0,1,0,0,0,0,0,0,0,0,0,0,0,0,0,0,1,0,0,0,0,0,0,0,0,0,0,1,0,0,0,0,0,0,0,0,0,0,0,0,0,0,0,0,0,0,0,1,0,0,0,0,0,0,0
2017,경상북도 포항시 북구1,경상북도 포항시 북구 죽도동(포항고속버스터미널앞 부근),2017-07-11 13:00:00,0,0,62.0,0,1,49.0,0,0,0,2,0,0,0,0,0,0,0,0,0,1,0,0,0,0,0,0,0,0,0,0,0,0,0,0,1,0,0,0,0,0,0,0,0,0,0,0,0,0,0,1,0,0,0,0,0,0,0,0,0,1,0,0,0,0,0,0,0,0,0,0,0,0,0
2017,경상북도 포항시 북구1,경상북도 포항시 북구 죽도동(포항고속버스터미널앞 부근),2017-05-15 22:00:00,0,1,54.0,0,1,39.0,4,0,0,1,0,0,0,0,0,0,0,0,0,0,1,0,0,0,0,0,0,0,0,1,0,0,0,0,0,0,0,0,0,0,0,0,0,0,0,0,0,0,0,1,0,0,0,0,0,0,0,0,0,0,0,0,0,0,0,1,0,0,0,0,0,0,0
2017,경상북도 포항시 북구1,경상북도 포항시 북구 죽도동(포항고속버스터미널앞 부근),2017-03-30 05:00:00,1,1,50.0,4,0,64.0,1,0,0,1,0,0,0,0,0,0,0,0,0,0,0,0,1,0,0,0,0,0,0,0,0,0,0,0,1,0,0,0,0,0,0,0,0,0,0,0,0,0,0,1,0,0,0,0,0,0,0,0,0,1,0,0,0,0,0,0,0,0,0,0,0,0,0
2017,경상북도 포항시 북구2,경상북도 포항시 북구 죽도동(독일약국 부근),2017-03-14 15:00:00,0,1,65.0,4,1,75.0,0,0,0,1,0,0,0,0,0,0,1,0,0,0,0,0,0,0,0,0,0,0,0,0,0,0,0,0,1,0,0,0,0,0,0,0,0,0,0,0,0,0,0,1,0,0,0,0,0,0,0,0,0,0,0,0,0,0,0,1,0,0,0,0,0,0,0
2017,경상북도 포항시 북구2,경상북도 포항시 북구 죽도동(독일약국 부근),2017-12-21 14:00:00,0,0,45.0,4,1,61.0,0,0,0,1,0,0,0,0,0,0,1,0,0,0,0,0,0,0,0,0,0,0,0,0,0,0,0,0,1,0,0,0,0,0,0,0,0,0,0,0,0,0,0,1,0,0,0,0,0,0,0,0,0,0,0,0,0,0,0,1,0,0,0,0,0,0,0
2017,경상북도 포항시 북구2,경상북도 포항시 북구 죽도동(독일약국 부근),2017-05-16 19:00:00,0,1,45.0,0,1,64.0,4,0,0,1,0,0,0,0,0,0,0,0,0,0,1,0,0,0,0,0,0,0,0,1,0,0,0,0,0,0,0,0,0,0,0,0,0,0,0,0,0,0,0,1,0,0,0,0,0,0,0,0,0,0,0,0,0,0,0,1,0,0,0,0,0,0,0
2017,경상북도 포항시 북구2,경상북도 포항시 북구 죽도동(독일약국 부근),2017-07-20 07:00:00,0,1,67.0,0,1,68.0,4,0,0,1,0,0,0,0,0,0,0,0,0,0,1,0,0,0,0,0,0,0,0,1,0,0,0,0,0,0,0,0,0,0,0,0,0,0,0,0,0,0,0,1,0,0,0,0,0,0,0,0,0,0,0,0,0,0,0,1,0,0,0,0,0,0,0
2017,경상북도 포항시 북구2,경상북도 포항시 북구 죽도동(독일약국 부근),2017-02-12 18:00:00,1,1,67.0,1,1,68.0,4,0,0,2,0,0,0,0,0,0,0,0,0,0,1,0,0,0,0,0,0,0,0,1,0,0,0,0,0,0,0,0,0,0,0,0,0,0,0,0,0,0,0,0,0,0,0,1,0,0,0,0,0,0,0,0,0,0,0,1,0,0,0,0,0,0,0
2017,경상북도 포항시 북구3,경상북도 포항시 북구 죽도동(5호광장사거리 부근),2017-06-16 15:00:00,1,1,63.0,4,1,67.0,1,0,0,1,0,0,0,0,0,0,1,0,0,0,0,0,0,0,0,0,0,0,0,0,0,0,0,0,1,0,0,0,0,0,0,0,0,0,0,0,0,0,0,1,0,0,0,0,0,0,0,0,0,1,0,0,0,0,0,0,0,0,0,0,0,0,0
2017,경상북도 포항시 북구3,경상북도 포항시 북구 죽도동(5호광장사거리 부근),2017-01-04 16:00:00,1,1,80.0,4,0,61.0,1,0,0,1,0,0,0,0,0,0,1,0,0,0,0,0,0,0,0,0,0,0,0,0,0,0,0,0,1,0,0,0,0,0,0,0,0,0,0,1,0,0,0,0,0,0,0,0,0,0,0,0,0,0,0,0,0,0,0,1,0,0,0,0,0,0,0
2017,경상북도 포항시 북구3,경상북도 포항시 북구 죽도동(5호광장사거리 부근),2017-04-20 08:00:00,0,0,59.0,4,1,22.0,0,0,0,1,0,0,0,0,0,0,1,0,0,0,0,0,0,0,0,0,0,0,0,0,0,0,0,0,1,0,0,0,0,0,0,0,0,0,0,0,0,0,0,0,0,1,0,0,0,0,0,0,0,0,0,0,0,0,0,1,0,0,0,0,0,0,0
2017,경상북도 포항시 북구3,경상북도 포항시 북구 죽도동(5호광장사거리 부근),2017-05-25 17:00:00,1,0,63.0,1,0,43.0,4,0,0,1,0,0,0,0,0,0,0,0,0,0,1,0,0,0,0,0,0,0,0,0,0,0,0,0,0,0,1,0,0,0,0,0,0,0,0,0,0,0,0,1,0,0,0,0,0,0,0,0,0,0,0,0,0,0,0,1,0,0,0,0,0,0,0
2017,경상북도 경주시5,경상북도 경주시 성동동(SK엔크린 성동주유소 부근),2017-09-05 17:00:00,0,1,47.0,4,1,91.0,0,2,0,1,0,0,0,0,0,0,1,0,0,0,0,0,0,0,0,0,0,0,0,0,0,0,0,0,1,0,0,0,0,0,0,0,0,0,0,0,0,0,0,1,0,0,0,0,0,0,0,0,0,0,0,0,0,0,0,0,1,0,0,0,0,0,0
2017,경상북도 경주시5,경상북도 경주시 성동동(SK엔크린 성동주유소 부근),2017-11-23 17:00:00,0,0,43.0,4,1,82.0,0,0,0,1,0,0,0,0,0,0,1,0,0,0,0,0,0,0,0,0,0,0,0,0,0,0,0,0,1,0,0,0,0,0,0,0,0,0,0,0,0,0,0,1,0,0,0,0,0,0,0,0,0,0,0,0,0,0,0,1,0,0,0,0,0,0,0
2017,경상북도 경주시5,경상북도 경주시 성동동(SK엔크린 성동주유소 부근),2017-06-20 09:00:00,0,0,64.0,4,1,87.0,0,0,0,1,0,0,0,0,0,0,1,0,0,0,0,0,0,0,0,0,0,0,0,0,0,0,0,0,1,0,0,0,0,0,0,0,0,0,0,0,0,0,0,1,0,0,0,0,0,0,0,0,0,0,0,0,0,0,0,1,0,0,0,0,0,0,0
2017,경상북도 경주시5,경상북도 경주시 성동동(SK엔크린 성동주유소 부근),2017-09-22 15:00:00,0,1,26.0,0,1,59.0,4,0,0,1,0,0,0,0,0,0,0,0,0,0,1,0,0,0,0,0,0,0,0,1,0,0,0,0,0,0,0,0,0,0,0,0,0,0,0,0,0,0,0,1,0,0,0,0,0,0,0,0,0,0,0,0,0,0,0,1,0,0,0,0,0,0,0
2017,경상북도 경주시1,경상북도 경주시 황오동(역전삼거리 부근),2017-02-17 12:00:00,1,1,44.0,4,1,83.0,1,0,0,1,0,0,0,0,0,0,1,0,0,0,0,0,0,0,0,0,0,0,0,0,0,0,0,0,1,0,0,0,0,0,0,0,0,0,0,0,0,0,0,1,0,0,0,0,0,0,0,0,0,0,0,0,0,0,0,1,0,0,0,0,0,0,0
2017,경상북도 경주시1,경상북도 경주시 황오동(역전삼거리 부근),2017-10-26 06:00:00,1,1,44.0,4,0,67.0,1,0,0,1,0,0,0,0,0,0,1,0,0,0,0,0,0,0,0,0,0,0,0,0,0,0,0,0,1,0,0,0,0,0,0,0,0,0,0,0,0,0,0,1,0,0,0,0,0,0,0,0,0,0,0,0,0,0,0,1,0,0,0,0,0,0,0
2017,경상북도 경주시1,경상북도 경주시 황오동(역전삼거리 부근),2017-02-23 09:00:00,0,1,54.0,4,1,56.0,0,0,0,1,0,0,0,0,0,0,1,0,0,0,0,0,0,0,0,0,0,0,0,0,0,0,0,0,1,0,0,0,0,0,0,0,0,0,0,0,0,0,0,1,0,0,0,0,0,0,0,0,0,0,0,0,0,0,0,1,0,0,0,0,0,0,0
2017,경상북도 경주시1,경상북도 경주시 황오동(역전삼거리 부근),2017-11-09 11:00:00,0,1,68.0,4,1,86.0,0,0,0,1,0,0,0,0,0,0,1,0,0,0,0,0,0,0,0,0,0,0,0,0,0,0,0,0,1,0,0,0,0,0,0,0,0,0,0,0,0,0,0,1,0,0,0,0,0,0,0,0,0,0,0,0,0,0,0,1,0,0,0,0,0,0,0
2017,경상북도 경주시1,경상북도 경주시 황오동(역전삼거리 부근),2017-06-05 08:00:00,0,0,49.0,4,0,73.0,0,0,0,1,0,0,0,0,0,0,1,0,0,0,0,0,0,0,0,0,0,0,0,0,0,0,0,0,1,0,0,0,0,0,0,0,0,0,0,0,0,0,0,1,0,0,0,0,0,0,0,0,0,0,0,0,0,0,0,1,0,0,0,0,0,0,0
2017,경상북도 경주시1,경상북도 경주시 황오동(역전삼거리 부근),2017-06-29 13:00:00,0,0,51.0,4,0,46.0,0,0,0,1,0,0,0,0,0,0,1,0,0,0,0,0,0,0,0,0,0,0,0,0,0,0,0,0,1,0,0,0,0,0,0,0,0,0,0,0,0,0,0,1,0,0,0,0,0,0,0,0,0,0,0,0,0,0,0,1,0,0,0,0,0,0,0
2017,경상북도 경주시1,경상북도 경주시 황오동(역전삼거리 부근),2017-04-18 09:00:00,0,1,42.0,4,0,65.0,0,0,0,1,0,0,0,0,0,0,0,0,0,1,0,0,0,0,0,0,0,0,0,0,0,0,0,0,1,0,0,0,0,0,0,0,0,0,0,0,0,0,0,1,0,0,0,0,0,0,0,0,0,0,0,0,0,0,0,1,0,0,0,0,0,0,0
2017,경상북도 경주시1,경상북도 경주시 황오동(역전삼거리 부근),2017-09-21 05:00:00,0,1,70.0,4,1,42.0,0,0,0,1,0,0,0,0,0,0,0,0,0,0,0,0,1,0,0,0,0,0,0,0,0,0,0,0,1,0,0,0,0,0,0,0,0,0,0,1,0,0,0,0,0,0,0,0,0,0,0,0,0,0,0,0,0,0,0,1,0,0,0,0,0,0,0
2017,경상북도 경주시2,경상북도 경주시 성건동(행운카정비공업사 부근),2017-06-11 21:00:00,1,2,47.74785772029103,5,0,74.0,1,0,0,1,0,0,0,0,1,0,0,0,0,0,0,0,0,0,0,0,0,0,0,0,0,0,0,0,1,0,0,0,0,0,0,0,0,0,0,0,0,0,0,1,0,0,0,0,0,0,0,0,0,0,0,0,0,0,0,1,0,0,0,0,0,0,0
2017,경상북도 경주시2,경상북도 경주시 성건동(행운카정비공업사 부근),2017-10-12 13:00:00,1,1,41.0,4,0,73.0,1,2,0,1,0,0,0,0,0,0,1,0,0,0,0,0,0,0,0,0,0,0,0,0,0,0,0,0,1,0,0,0,0,0,0,0,0,0,0,0,0,0,0,1,0,0,0,0,0,0,0,0,0,0,0,0,0,0,0,1,0,0,0,0,0,0,0
2017,경상북도 경주시2,경상북도 경주시 성건동(행운카정비공업사 부근),2017-11-15 16:00:00,1,1,62.0,4,0,52.0,1,0,0,1,0,0,0,0,0,0,1,0,0,0,0,0,0,0,0,0,0,0,0,0,0,0,0,0,1,0,0,0,0,0,0,0,0,0,0,0,0,0,0,1,0,0,0,0,0,0,0,0,0,1,0,0,0,0,0,0,0,0,0,0,0,0,0
2017,경상북도 경주시2,경상북도 경주시 성건동(행운카정비공업사 부근),2017-09-24 15:00:00,1,1,85.0,1,1,67.0,4,0,0,1,0,0,0,0,0,0,0,0,0,0,1,0,0,0,0,0,0,0,0,0,0,0,0,0,0,0,1,0,0,0,0,0,0,0,0,0,0,0,0,0,0,1,0,0,0,0,0,0,0,0,0,0,0,0,0,1,0,0,0,0,0,0,0
2017,경상북도 경주시2,경상북도 경주시 성건동(행운카정비공업사 부근),2017-04-27 10:00:00,1,1,56.0,4,0,73.0,1,0,0,1,0,0,0,0,0,0,0,0,0,0,0,0,1,0,0,0,0,0,0,0,0,0,0,0,1,0,0,0,0,0,0,0,0,0,0,0,0,0,0,1,0,0,0,0,0,0,0,0,0,0,0,0,0,0,0,1,0,0,0,0,0,0,0
2017,경상북도 경주시3,경상북도 경주시 성건동(부용당당한의원 부근),2017-01-06 09:00:00,0,1,55.0,4,1,67.0,0,0,0,1,0,0,0,0,0,0,1,0,0,0,0,0,0,0,0,0,0,0,0,0,0,0,0,0,1,0,0,0,0,0,0,0,0,0,0,0,0,0,0,1,0,0,0,0,0,0,0,0,0,0,0,0,0,0,0,1,0,0,0,0,0,0,0
2017,경상북도 경주시3,경상북도 경주시 성건동(부용당당한의원 부근),2017-07-20 16:00:00,0,1,68.0,4,1,73.0,0,0,0,1,0,0,0,0,0,0,1,0,0,0,0,0,0,0,0,0,0,0,0,0,0,0,0,0,1,0,0,0,0,0,0,0,0,0,0,0,0,0,0,1,0,0,0,0,0,0,0,0,0,0,0,0,0,0,0,1,0,0,0,0,0,0,0
2017,경상북도 경주시3,경상북도 경주시 성건동(부용당당한의원 부근),2017-11-23 10:00:00,1,0,62.0,4,0,64.0,1,0,0,1,0,0,0,0,0,0,1,0,0,0,0,0,0,0,0,0,0,0,0,0,0,0,0,0,1,0,0,0,0,0,0,0,0,0,0,0,0,0,0,1,0,0,0,0,0,0,0,0,0,0,0,0,0,0,0,1,0,0,0,0,0,0,0
2017,경상북도 경주시3,경상북도 경주시 성건동(부용당당한의원 부근),2017-07-18 13:00:00,0,1,24.0,0,0,56.0,0,0,0,2,0,0,0,0,0,0,0,0,0,0,1,0,0,0,0,0,0,0,0,1,0,0,0,0,0,0,0,0,0,0,0,0,0,0,0,0,0,0,0,1,0,0,0,0,0,0,0,0,0,0,0,0,0,0,0,1,0,0,0,0,0,0,0
2017,경상북도 경주시3,경상북도 경주시 성건동(부용당당한의원 부근),2017-10-07 11:00:00,1,1,64.0,4,1,73.0,0,0,0,2,0,0,0,0,0,0,0,0,0,0,0,0,1,0,0,0,0,0,0,0,0,0,0,0,1,0,0,0,0,0,0,0,0,0,0,0,0,0,0,1,0,0,0,0,0,0,0,0,0,0,0,0,0,0,0,1,0,0,0,0,0,0,0
2017,경상북도 경주시4,경상북도 경주시 성건동(경주YMCA 부근),2017-04-15 19:00:00,0,1,42.0,4,1,16.0,0,0,0,1,0,0,0,0,0,0,0,1,0,0,0,0,0,0,0,0,0,0,0,0,0,0,0,0,1,0,0,0,0,0,0,0,0,0,0,0,0,0,0,1,0,0,0,0,0,0,0,0,0,1,0,0,0,0,0,0,0,0,0,0,0,0,0
2017,경상북도 경주시4,경상북도 경주시 성건동(경주YMCA 부근),2017-08-10 09:00:00,0,1,49.0,4,1,22.0,0,1,0,1,0,0,0,0,0,0,0,1,0,0,0,0,0,0,0,0,0,0,0,0,0,0,0,0,1,0,0,0,0,0,0,0,0,0,0,0,0,0,0,1,0,0,0,0,0,0,0,0,0,0,0,0,0,0,0,1,0,0,0,0,0,0,0
2017,경상북도 경주시4,경상북도 경주시 성건동(경주YMCA 부근),2017-10-30 15:00:00,1,1,34.0,4,1,11.0,1,0,0,1,0,0,0,0,0,0,0,0,0,1,0,0,0,0,0,0,0,0,0,0,0,0,0,0,1,0,0,0,0,0,0,0,0,0,0,0,0,0,0,1,0,0,0,0,0,0,0,0,0,0,0,0,0,0,0,1,0,0,0,0,0,0,0
2017,경상북도 경주시4,경상북도 경주시 성건동(경주YMCA 부근),2017-06-10 10:00:00,0,1,85.0,0,1,62.0,4,0,0,1,0,0,0,0,0,0,0,0,0,0,1,0,0,0,0,0,0,0,0,1,0,0,0,0,0,0,0,0,0,0,0,0,0,0,0,1,0,0,0,0,0,0,0,0,0,0,0,0,0,0,0,0,0,0,0,1,0,0,0,0,0,0,0
2017,경상북도 경주시4,경상북도 경주시 성건동(경주YMCA 부근),2017-10-26 13:00:00,1,1,57.0,4,0,69.0,1,0,0,1,0,0,0,0,0,0,0,0,0,0,0,0,1,0,0,0,0,0,0,0,0,0,0,0,1,0,0,0,0,0,0,0,0,0,0,0,0,0,0,1,0,0,0,0,0,0,0,0,0,0,0,0,0,0,0,1,0,0,0,0,0,0,0
2017,경상북도 영주시1,경상북도 영주시 영주동(영일사거리 부근),2017-04-09 13:00:00,0,0,45.0,4,1,12.0,0,0,0,1,0,0,0,0,0,0,1,0,0,0,0,0,0,0,0,0,0,0,0,0,0,0,0,0,1,0,0,0,0,0,0,0,0,0,0,0,0,0,0,1,0,0,0,0,0,0,0,0,0,0,0,0,0,0,0,1,0,0,0,0,0,0,0
2017,경상북도 영주시1,경상북도 영주시 영주동(영일사거리 부근),2017-04-10 16:00:00,1,0,50.0,4,1,76.0,1,0,0,1,0,0,0,0,0,0,1,0,0,0,0,0,0,0,0,0,0,0,0,0,0,0,0,0,1,0,0,0,0,0,0,0,0,0,0,0,0,0,0,1,0,0,0,0,0,0,0,0,0,0,0,0,0,0,0,1,0,0,0,0,0,0,0
2017,경상북도 영주시1,경상북도 영주시 영주동(영일사거리 부근),2017-05-08 08:00:00,1,0,55.0,4,1,64.0,1,0,0,1,0,0,0,0,0,0,1,0,0,0,0,0,0,0,0,0,0,0,0,0,0,0,0,0,1,0,0,0,0,0,0,0,0,0,0,0,0,0,0,1,0,0,0,0,0,0,0,0,0,0,0,0,0,0,0,1,0,0,0,0,0,0,0
2017,경상북도 영주시1,경상북도 영주시 영주동(영일사거리 부근),2017-12-23 08:00:00,1,0,57.0,4,1,20.0,1,0,0,1,0,0,0,0,0,0,1,0,0,0,0,0,0,0,0,0,0,0,0,0,0,0,0,0,1,0,0,0,0,0,0,0,0,0,0,0,0,0,0,1,0,0,0,0,0,0,0,0,0,0,0,0,0,0,0,1,0,0,0,0,0,0,0