사고년도,다발시군구,지점명,사고일시,사고등급,가해자성별,가해자연령,가해자신체상해정도,피해자성별,피해자연령,피해자신체상해정도,기상상태,사망자수,부상자수,가해차종_개인형이동수단(PM),가해차종_건설기계,가해차종_기타,가해차종_농기계,가해차종_불명,가해차종_사륜오토바이(ATV),가해차종_승용차,가해차종_승합차,가해차종_원동기장치자전거,가해차종_이륜차,가해차종_자전거,가해차종_특수차,가해차종_화물차,피해차종_개인형이동수단(PM),피해차종_건설기계,피해차종_기타,피해차종_보행자,피해차종_불명,피해차종_사륜오토바이(ATV),피해차종_승용차,피해차종_승합차,피해차종_없음,피해차종_원동기장치자전거,피해차종_이륜차,피해차종_자전거,피해차종_특수차,피해차종_화물차,가해자법규위반_과속,가해자법규위반_교차로 통행방법 위반,가해자법규위반_교차로운행방법위반,가해자법규위반_기타,가해자법규위반_미분류,가해자법규위반_보행자 보호의무 위반,가해자법규위반_보행자보호의무위반,가해자법규위반_불법유턴,가해자법규위반_신호위반,가해자법규위반_안전거리 미확보,가해자법규위반_안전거리미확보,가해자법규위반_안전운전 의무 불이행,가해자법규위반_안전운전불이행,가해자법규위반_중앙선 침범,가해자법규위반_중앙선침범,가해자법규위반_직진우회전진행방해,가해자법규위반_차로위반,사고유형_차대사람 - 기타,사고유형_차대사람 - 길가장자리구역통행중,사고유형_차대사람 - 보도통행중,사고유형_차대사람 - 차도통행중,사고유형_차대사람 - 횡단중,사고유형_차대차 - 기타,사고유형_차대차 - 정면충돌,사고유형_차대차 - 추돌,사고유형_차대차 - 추돌 - 주정차중,사고유형_차대차 - 추돌 - 진행중,사고유형_차대차 - 측면직각충돌,사고유형_차대차 - 측면충돌,사고유형_차대차 - 후진중충돌,사고유형_차량단독 - 공작물충돌,사고유형_차량단독 - 기타,사고유형_차량단독 - 도로외이탈 - 추락,사고유형_차량단독 - 전도,사고유형_차량단독 - 전도전복,사고유형_차량단독 - 전도전복 - 전도
2018,서울특별시 동대문구7,서울특별시 동대문구 장안동(동대문동부새마을금고 장안2지점 부근),2018-09-29 11:00:00,1,1,47.0,4,1,23.0,1,0,0,5,0,0,0,0,0,0,1,0,0,0,0,0,0,0,0,0,0,0,0,0,0,0,0,0,1,0,0,0,0,0,0,0,0,0,0,0,0,0,1,0,0,0,0,0,0,0,0,0,0,1,0,0,0,0,0,0,0,0,0,0,0,0,0
2018,서울특별시 동대문구8,서울특별시 동대문구 용두동(서울시설공단사거리 부근),2018-01-25 13:00:00,0,1,28.0,4,1,14.0,0,0,0,5,0,0,0,0,0,0,1,0,0,0,0,0,0,0,0,0,0,0,0,0,0,0,0,0,1,0,0,0,0,0,0,0,0,0,0,0,0,0,1,0,0,0,0,0,0,0,0,0,0,0,0,1,0,0,0,0,0,0,0,0,0,0,0
2018,서울특별시 동대문구8,서울특별시 동대문구 용두동(서울시설공단사거리 부근),2018-06-22 01:00:00,2,1,69.0,2,1,58.0,4,3,0,5,0,0,0,0,0,0,0,0,0,0,1,0,0,0,0,0,0,0,0,1,0,0,0,0,0,0,0,0,0,0,0,0,0,0,0,0,0,0,1,0,0,0,0,0,0,0,0,0,0,1,0,0,0,0,0,0,0,0,0,0,0,0,0
2018,서울특별시 동대문구8,서울특별시 동대문구 용두동(서울시설공단사거리 부근),2018-09-07 16:00:00,2,1,46.0,2,1,33.0,4,0,0,5,0,0,0,0,0,0,0,0,0,0,1,0,0,0,0,0,0,0,0,1,0,0,0,0,0,0,0,0,0,0,1,0,0,0,0,0,0,0,0,0,0,0,0,0,0,0,0,0,0,0,0,0,0,0,0,1,0,0,0,0,0,0,0
2018,서울특별시 동대문구8,서울특별시 동대문구 용두동(서울시설공단사거리 부근),2018-11-01 20:00:00,0,2,47.74785772029103,5,1,72.0,0,0,0,5,0,0,0,0,0,0,1,0,0,0,0,0,0,0,0,0,0,0,0,0,0,0,0,0,1,0,0,0,0,0,0,0,0,0,0,0,0,0,1,0,0,0,0,0,0,0,0,0,0,1,0,0,0,0,0,0,0,0,0,0,0,0,0
2018,서울특별시 동대문구8,서울특별시 동대문구 용두동(서울시설공단사거리 부근),2018-12-12 15:00:00,0,0,55.0,4,1,34.0,0,0,0,5,0,0,0,0,0,0,1,0,0,0,0,0,0,0,0,0,0,0,0,0,0,0,0,0,1,0,0,0,0,0,0,0,0,0,0,0,0,0,1,0,0,0,0,0,0,0,0,0,0,1,0,0,0,0,0,0,0,0,0,0,0,0,0
2018,서울특별시 동대문구9,서울특별시 동대문구 장안동(미니스톱 장안벤처빌점 부근),2018-03-16 11:00:00,1,0,65.0,1,1,36.0,4,0,0,4,0,0,0,0,0,0,0,0,0,0,1,0,0,0,0,0,0,0,0,0,1,0,0,0,0,0,0,0,0,0,0,0,0,0,0,0,0,0,1,0,0,0,0,0,0,0,0,0,0,1,0,0,0,0,0,0,0,0,0,0,0,0,0
2018,서울특별시 동대문구9,서울특별시 동대문구 장안동(미니스톱 장안벤처빌점 부근),2018-06-17 20:00:00,0,1,63.0,4,0,55.0,0,3,0,4,0,0,0,0,0,0,1,0,0,0,0,0,0,0,0,0,0,0,0,0,0,0,0,0,1,0,0,0,0,0,1,0,0,0,0,0,0,0,0,0,0,0,0,0,0,0,0,0,0,1,0,0,0,0,0,0,0,0,0,0,0,0,0
2018,서울특별시 동대문구9,서울특별시 동대문구 장안동(미니스톱 장안벤처빌점 부근),2018-07-21 14:00:00,2,0,44.0,2,1,53.0,4,0,0,4,0,0,0,0,0,0,0,0,0,0,1,0,0,0,0,0,0,0,0,1,0,0,0,0,0,0,0,0,0,0,0,0,0,0,0,0,0,0,1,0,0,0,0,0,0,0,0,0,0,1,0,0,0,0,0,0,0,0,0,0,0,0,0
2018,서울특별시 동대문구9,서울특별시 동대문구 장안동(미니스톱 장안벤처빌점 부근),2018-10-17 03:00:00,1,1,33.0,4,1,72.0,1,0,0,4,0,0,0,0,0,0,1,0,0,0,0,0,0,0,0,0,0,0,0,0,0,0,0,0,1,0,0,0,0,0,0,0,0,0,0,0,0,0,1,0,0,0,0,0,0,0,0,0,0,1,0,0,0,0,0,0,0,0,0,0,0,0,0
2018,서울특별시 동대문구10,서울특별시 동대문구 휘경동(동대문구견인차량보관소 부근),2018-03-26 17:00:00,3,1,36.0,4,1,81.0,3,0,1,2,0,0,0,0,0,0,0,0,0,0,0,0,1,0,0,0,0,0,0,0,0,0,0,0,1,0,0,0,1,0,0,0,0,0,0,0,0,0,0,0,0,0,0,0,0,0,0,0,0,0,0,0,0,0,0,1,0,0,0,0,0,0,0
2018,서울특별시 동대문구10,서울특별시 동대문구 휘경동(동대문구견인차량보관소 부근),2018-10-01 06:00:00,1,1,71.0,4,1,72.0,1,0,1,2,0,0,0,0,0,0,1,0,0,0,0,0,0,0,0,0,0,0,0,0,0,0,0,0,1,0,0,0,0,0,0,0,0,0,0,0,0,0,1,0,0,0,0,0,0,0,0,0,0,0,0,0,0,0,0,1,0,0,0,0,0,0,0
2018,서울특별시 동대문구10,서울특별시 동대문구 휘경동(동대문구견인차량보관소 부근),2018-12-15 07:00:00,1,1,62.0,4,1,62.0,1,0,1,2,0,0,0,0,0,0,1,0,0,0,0,0,0,0,0,0,0,0,0,0,0,0,0,0,1,0,0,0,0,0,0,0,0,0,0,0,0,0,1,0,0,0,0,0,0,0,0,0,0,1,0,0,0,0,0,0,0,0,0,0,0,0,0
2018,서울특별시 중랑구1,서울특별시 중랑구 중화동(동일로지하차도사거리 부근),2018-04-08 18:00:00,0,1,45.0,4,1,64.0,0,2,0,7,0,0,0,0,0,0,0,0,0,1,0,0,0,0,0,0,0,0,0,0,0,0,0,0,1,0,0,0,0,0,1,0,0,0,0,0,0,0,0,0,0,0,0,0,0,0,0,0,0,1,0,0,0,0,0,0,0,0,0,0,0,0,0
2018,서울특별시 중랑구1,서울특별시 중랑구 중화동(동일로지하차도사거리 부근),2018-04-30 17:00:00,0,1,60.0,4,1,61.0,4,0,0,7,0,0,0,0,0,0,1,0,0,0,0,0,0,0,0,0,0,0,0,0,0,0,0,0,1,0,0,0,0,0,0,0,0,0,0,0,0,0,1,0,0,0,0,0,0,0,0,0,0,1,0,0,0,0,0,0,0,0,0,0,0,0,0
2018,서울특별시 중랑구1,서울특별시 중랑구 중화동(동일로지하차도사거리 부근),2018-05-10 08:00:00,2,0,46.0,2,1,63.0,4,0,0,7,0,0,0,0,0,0,0,0,0,0,1,0,0,0,0,0,0,0,0,1,0,0,0,0,0,0,0,0,0,0,0,0,0,0,0,0,0,0,1,0,0,0,0,0,0,0,0,0,0,0,0,0,0,0,0,1,0,0,0,0,0,0,0
2018,서울특별시 중랑구1,서울특별시 중랑구 중화동(동일로지하차도사거리 부근),2018-06-09 08:00:00,0,1,33.0,4,0,55.0,0,0,0,7,0,0,0,0,0,0,1,0,0,0,0,0,0,0,0,0,0,0,0,0,0,0,0,0,1,0,0,0,0,0,0,0,0,0,0,0,0,0,1,0,0,0,0,0,0,0,0,0,0,0,0,0,0,0,0,1,0,0,0,0,0,0,0
2018,서울특별시 중랑구1,서울특별시 중랑구 중화동(동일로지하차도사거리 부근),2018-07-17 18:00:00,0,1,72.0,4,1,17.0,0,0,0,7,0,0,0,0,0,0,1,0,0,0,0,0,0,0,0,0,0,0,0,0,0,0,0,0,1,0,0,0,0,0,0,0,0,0,0,0,0,0,1,0,0,0,0,0,0,0,0,0,0,0,0,0,0,0,0,1,0,0,0,0,0,0,0
2018,서울특별시 중랑구1,서울특별시 중랑구 중화동(동일로지하차도사거리 부근),2018-07-18 17:00:00,1,1,36.0,5,1,76.0,1,0,0,7,0,0,0,0,0,0,0,0,0,1,0,0,0,0,0,0,0,0,0,0,0,0,0,0,1,0,0,0,0,0,0,0,0,0,0,0,0,0,1,0,0,0,0,0,0,0,0,0,0,0,0,0,0,0,0,1,0,0,0,0,0,0,0
2018,서울특별시 중랑구1,서울특별시 중랑구 중화동(동일로지하차도사거리 부근),2018-08-08 01:00:00,1,1,66.0,4,1,23.0,1,0,0,7,0,0,0,0,0,0,1,0,0,0,0,0,0,0,0,0,0,0,0,0,0,0,0,0,1,0,0,0,0,0,0,0,0,0,0,0,0,0,1,0,0,0,0,0,0,0,0,0,0,1,0,0,0,0,0,0,0,0,0,0,0,0,0
2018,서울특별시 중랑구2,서울특별시 중랑구 면목동(강호아파트 부근),2018-01-06 16:00:00,0,1,48.0,4,1,83.0,0,0,0,6,0,0,0,0,0,0,1,0,0,0,0,0,0,0,0,0,0,0,0,0,0,0,0,0,1,0,0,0,0,0,1,0,0,0,0,0,0,0,0,0,0,0,0,0,0,0,0,0,0,1,0,0,0,0,0,0,0,0,0,0,0,0,0
2018,서울특별시 중랑구2,서울특별시 중랑구 면목동(강호아파트 부근),2018-09-16 14:00:00,0,1,71.0,4,0,28.0,0,0,0,6,0,0,0,0,0,0,0,0,0,0,1,0,0,0,0,0,1,0,0,0,0,0,0,0,0,0,0,0,0,0,0,0,0,0,0,0,0,0,1,0,0,0,0,0,1,0,0,0,0,0,0,0,0,0,0,0,0,0,0,0,0,0,0
2018,서울특별시 중랑구2,서울특별시 중랑구 면목동(강호아파트 부근),2018-10-08 21:00:00,1,1,31.0,2,0,52.0,1,0,0,6,0,0,0,0,0,0,0,0,0,0,1,0,0,0,0,0,1,0,0,0,0,0,0,0,0,0,0,0,0,0,0,0,0,0,0,0,0,0,1,0,0,0,0,0,0,0,0,0,1,0,0,0,0,0,0,0,0,0,0,0,0,0,0
2018,서울특별시 중랑구2,서울특별시 중랑구 면목동(강호아파트 부근),2018-11-18 03:00:00,1,1,54.0,4,1,51.0,1,0,0,6,0,0,0,0,0,0,1,0,0,0,0,0,0,0,0,0,0,0,0,0,0,0,0,0,1,0,0,0,0,0,0,0,0,0,0,0,0,0,1,0,0,0,0,0,0,0,0,0,0,1,0,0,0,0,0,0,0,0,0,0,0,0,0
2018,서울특별시 중랑구2,서울특별시 중랑구 면목동(강호아파트 부근),2018-11-27 05:00:00,1,1,74.0,1,1,58.0,4,0,0,6,0,0,0,0,0,0,0,0,0,0,1,0,0,0,0,0,0,0,0,0,0,0,0,0,0,0,1,0,0,0,0,0,0,0,0,0,0,0,1,0,0,0,0,0,0,0,0,0,0,1,0,0,0,0,0,0,0,0,0,0,0,0,0
2018,서울특별시 중랑구3,서울특별시 중랑구 묵동(우리은행 태릉역지점 부근),2018-05-19 01:00:00,0,1,66.0,4,1,35.0,0,0,0,5,0,0,0,0,0,0,1,0,0,0,0,0,0,0,0,0,0,0,0,0,0,0,0,0,1,0,0,0,1,0,0,0,0,0,0,0,0,0,0,0,0,0,0,0,0,0,0,0,0,1,0,0,0,0,0,0,0,0,0,0,0,0,0
2018,서울특별시 중랑구3,서울특별시 중랑구 묵동(우리은행 태릉역지점 부근),2018-07-05 19:00:00,0,1,28.0,4,1,23.0,0,0,0,5,0,0,0,0,0,0,1,0,0,0,0,0,0,0,0,0,0,0,0,0,0,0,0,0,1,0,0,0,1,0,0,0,0,0,0,0,0,0,0,0,0,0,0,0,0,0,0,0,0,1,0,0,0,0,0,0,0,0,0,0,0,0,0
2018,서울특별시 중랑구3,서울특별시 중랑구 묵동(우리은행 태릉역지점 부근),2018-07-17 11:00:00,1,1,58.0,4,1,76.0,1,0,0,5,0,0,0,0,0,0,1,0,0,0,0,0,0,0,0,0,0,0,0,0,0,0,0,0,1,0,0,0,0,0,0,0,0,0,0,0,0,0,1,0,0,0,0,0,0,0,0,0,0,0,0,0,0,0,0,1,0,0,0,0,0,0,0
2018,서울특별시 중랑구3,서울특별시 중랑구 묵동(우리은행 태릉역지점 부근),2018-10-14 04:00:00,1,1,48.0,4,1,60.0,1,0,0,5,0,0,0,0,0,0,1,0,0,0,0,0,0,0,0,0,0,0,0,0,0,0,0,0,1,0,0,0,0,0,0,0,0,0,0,1,0,0,0,0,0,0,0,0,0,0,0,0,0,1,0,0,0,0,0,0,0,0,0,0,0,0,0
2018,서울특별시 중랑구3,서울특별시 중랑구 묵동(우리은행 태릉역지점 부근),2018-10-18 17:00:00,2,0,68.0,4,1,87.0,2,0,0,5,0,0,0,0,0,0,1,0,0,0,0,0,0,0,0,0,0,0,0,0,0,0,0,0,1,0,0,0,0,0,0,0,0,0,0,0,0,0,1,0,0,0,0,0,0,0,0,0,0,0,0,0,0,0,0,1,0,0,0,0,0,0,0
2018,서울특별시 중랑구4,서울특별시 중랑구 면목동(면목2동사거리 부근),2018-03-28 12:00:00,0,0,66.0,0,0,32.0,4,0,0,5,0,0,0,0,0,0,0,0,0,0,1,0,0,0,0,0,0,0,0,1,0,0,0,0,0,0,0,0,0,0,1,0,0,0,0,0,0,0,0,0,0,0,0,0,0,0,0,0,0,0,0,0,0,0,0,1,0,0,0,0,0,0,0
2018,서울특별시 중랑구4,서울특별시 중랑구 면목동(면목2동사거리 부근),2018-06-30 10:00:00,0,0,64.0,0,1,35.0,4,0,0,5,0,0,0,0,0,0,0,0,0,0,1,0,0,0,0,0,0,0,0,1,0,0,0,0,0,0,0,0,0,0,0,0,0,0,0,1,0,0,0,0,0,0,0,0,0,0,0,0,0,1,0,0,0,0,0,0,0,0,0,0,0,0,0
2018,서울특별시 중랑구4,서울특별시 중랑구 면목동(면목2동사거리 부근),2018-08-27 08:00:00,0,1,66.0,4,0,58.0,0,2,0,5,0,0,0,0,0,0,1,0,0,0,0,0,0,0,0,0,0,0,0,0,0,0,0,0,1,0,0,0,1,0,0,0,0,0,0,0,0,0,0,0,0,0,0,0,0,0,0,0,0,1,0,0,0,0,0,0,0,0,0,0,0,0,0
2018,서울특별시 중랑구4,서울특별시 중랑구 면목동(면목2동사거리 부근),2018-10-11 01:00:00,2,1,42.0,2,1,62.0,4,0,0,5,0,0,0,0,0,0,0,0,0,0,1,0,0,0,0,0,0,0,0,1,0,0,0,0,0,0,0,0,0,0,0,0,0,0,0,0,0,0,0,0,1,0,0,0,0,0,0,0,0,0,0,0,0,0,0,1,0,0,0,0,0,0,0
2018,서울특별시 중랑구4,서울특별시 중랑구 면목동(면목2동사거리 부근),2018-10-27 14:00:00,0,1,64.0,4,1,56.0,0,0,0,5,0,0,0,0,0,0,1,0,0,0,0,0,0,0,0,0,0,0,0,0,0,0,0,0,1,0,0,0,0,0,0,0,0,0,0,0,0,0,1,0,0,0,0,0,0,0,0,0,0,0,0,0,0,0,0,1,0,0,0,0,0,0,0
2018,서울특별시 중랑구5,서울특별시 중랑구 면목동(면목초등학교정문 부근),2018-07-03 11:00:00,0,1,41.0,4,0,69.0,0,0,1,3,0,0,0,0,0,0,0,0,0,0,0,0,1,0,0,0,0,0,0,0,0,0,0,0,1,0,0,0,0,0,1,0,0,0,0,0,0,0,0,0,0,0,0,0,0,0,0,0,0,0,0,0,0,0,0,1,0,0,0,0,0,0,0
2018,서울특별시 중랑구5,서울특별시 중랑구 면목동(면목초등학교정문 부근),2018-07-05 18:00:00,0,1,45.0,4,0,61.0,0,2,1,3,0,0,0,0,0,0,0,0,0,0,1,0,0,0,0,0,1,0,0,0,0,0,0,0,0,0,0,0,0,0,0,0,0,0,0,0,0,0,1,0,0,0,0,0,0,1,0,0,0,0,0,0,0,0,0,0,0,0,0,0,0,0,0
2018,서울특별시 중랑구5,서울특별시 중랑구 면목동(면목초등학교정문 부근),2018-08-04 21:00:00,3,1,25.0,4,0,73.0,3,0,1,3,0,0,0,0,0,0,0,0,0,0,1,0,0,0,0,0,1,0,0,0,0,0,0,0,0,0,0,0,0,0,0,0,0,0,0,1,0,0,0,0,0,0,0,0,0,0,1,0,0,0,0,0,0,0,0,0,0,0,0,0,0,0,0
2018,서울특별시 중랑구5,서울특별시 중랑구 면목동(면목초등학교정문 부근),2018-11-23 16:00:00,2,1,53.0,2,1,73.0,4,0,1,3,0,0,0,0,0,0,0,0,0,0,1,0,0,0,0,0,0,0,0,0,0,0,0,0,0,0,1,0,0,0,0,0,0,0,0,0,0,0,1,0,0,0,0,0,0,0,0,0,0,1,0,0,0,0,0,0,0,0,0,0,0,0,0
2018,서울특별시 중랑구6,서울특별시 중랑구 망우동(망우역사거리 부근),2018-01-21 11:00:00,2,1,77.0,2,1,63.0,4,0,0,4,0,0,0,0,0,0,0,0,0,0,1,0,0,0,0,0,0,0,0,1,0,0,0,0,0,0,0,0,0,0,0,0,0,0,0,1,0,0,0,0,0,0,0,0,0,0,0,0,0,0,0,0,0,0,0,1,0,0,0,0,0,0,0
2018,서울특별시 중랑구6,서울특별시 중랑구 망우동(망우역사거리 부근),2018-02-12 15:00:00,0,0,70.0,0,1,42.0,4,0,0,4,0,0,0,0,0,0,0,0,0,0,1,0,0,0,0,0,0,0,0,1,0,0,0,0,0,0,0,0,0,0,0,0,0,0,0,0,0,0,1,0,0,0,0,0,0,0,0,0,0,0,0,0,0,0,0,1,0,0,0,0,0,0,0
2018,서울특별시 중랑구6,서울특별시 중랑구 망우동(망우역사거리 부근),2018-03-20 15:00:00,2,1,69.0,2,1,41.0,4,0,0,4,0,0,0,0,0,0,0,0,0,0,1,0,0,0,0,0,0,0,0,0,0,0,0,0,0,0,1,0,0,0,1,0,0,0,0,0,0,0,0,0,0,0,0,0,0,0,0,0,0,0,0,0,0,0,0,1,0,0,0,0,0,0,0
2018,서울특별시 중랑구6,서울특별시 중랑구 망우동(망우역사거리 부근),2018-06-09 16:00:00,2,1,53.0,2,0,25.0,4,0,0,4,0,0,0,0,0,0,0,0,0,0,1,0,0,0,0,0,0,0,0,1,0,0,0,0,0,0,0,0,0,0,0,0,0,0,0,0,0,0,1,0,0,0,0,0,0,0,0,0,0,1,0,0,0,0,0,0,0,0,0,0,0,0,0
2018,서울특별시 성북구1,서울특별시 성북구 석관동(동원베네스트 부근),2018-05-03 13:00:00,1,0,69.0,1,1,45.0,4,0,0,6,0,0,0,0,0,0,0,0,0,0,1,0,0,0,0,0,0,0,0,1,0,0,0,0,0,0,0,0,0,0,0,0,0,0,0,0,0,0,1,0,0,0,0,0,0,0,0,0,0,0,0,0,0,0,0,1,0,0,0,0,0,0,0
2018,서울특별시 성북구1,서울특별시 성북구 석관동(동원베네스트 부근),2018-07-17 20:00:00,0,1,35.0,4,1,52.0,0,0,0,6,0,0,0,0,0,0,0,1,0,0,0,0,0,0,0,0,0,0,0,0,0,0,0,0,1,0,0,0,0,0,0,0,0,0,0,0,0,0,1,0,0,0,0,0,0,0,0,0,0,0,0,0,0,0,0,1,0,0,0,0,0,0,0
2018,서울특별시 성북구1,서울특별시 성북구 석관동(동원베네스트 부근),2018-08-10 16:00:00,0,1,24.0,4,0,60.0,0,0,0,6,0,0,0,0,0,0,0,0,0,0,0,0,1,0,0,0,0,0,0,0,0,0,0,0,1,0,0,0,0,0,0,0,0,0,0,0,0,0,1,0,0,0,0,0,0,0,0,0,0,0,0,0,0,0,0,1,0,0,0,0,0,0,0
2018,서울특별시 성북구1,서울특별시 성북구 석관동(동원베네스트 부근),2018-08-23 19:00:00,1,1,71.0,1,1,57.0,4,2,0,6,0,0,0,0,0,0,0,0,0,0,1,0,0,0,0,0,0,0,0,0,0,0,0,0,0,0,1,0,0,0,0,0,0,0,0,0,0,0,0,0,1,0,0,0,0,0,0,0,0,0,0,0,0,0,0,1,0,0,0,0,0,0,0
2018,서울특별시 성북구1,서울특별시 성북구 석관동(동원베네스트 부근),2018-09-17 08:00:00,0,0,58.0,4,1,53.0,0,1,0,6,0,0,0,0,0,0,0,0,0,0,1,0,0,0,0,0,0,0,0,0,0,0,0,0,1,0,0,0,0,0,0,0,0,0,0,0,0,0,0,0,1,0,0,0,0,0,0,0,0,0,0,0,0,0,0,1,0,0,0,0,0,0,0
2018,서울특별시 성북구1,서울특별시 성북구 석관동(동원베네스트 부근),2018-10-02 14:00:00,0,1,45.0,4,1,12.0,0,0,0,6,0,0,0,0,0,0,1,0,0,0,0,0,0,0,0,0,0,0,0,0,0,0,0,0,1,0,0,0,0,0,1,0,0,0,0,0,0,0,0,0,0,0,0,0,0,0,0,0,0,0,0,0,0,0,0,1,0,0,0,0,0,0,0
2018,서울특별시 성북구2,서울특별시 성북구 보문동7가(대광중고교삼거리 부근),2018-05-02 17:00:00,0,1,62.0,4,1,55.0,4,2,0,8,0,0,0,0,0,0,0,0,0,0,1,0,0,0,0,0,0,0,0,1,0,0,0,0,0,0,0,0,0,0,0,0,0,0,0,0,0,0,0,0,1,0,0,0,0,0,0,0,0,0,1,0,0,0,0,0,0,0,0,0,0,0,0
2018,서울특별시 성북구2,서울특별시 성북구 보문동7가(대광중고교삼거리 부근),2018-06-22 06:00:00,0,1,38.0,4,1,80.0,0,0,0,8,0,0,0,0,0,0,1,0,0,0,0,0,0,0,0,0,0,0,0,0,0,0,0,0,1,0,0,0,0,0,0,0,0,0,0,0,0,0,1,0,0,0,0,0,0,0,0,0,0,0,0,0,0,0,0,1,0,0,0,0,0,0,0
2018,서울특별시 성북구2,서울특별시 성북구 보문동7가(대광중고교삼거리 부근),2018-08-30 21:00:00,1,1,64.0,0,1,57.0,4,1,0,8,0,0,0,0,0,0,0,0,0,0,1,0,0,0,0,0,0,0,0,1,0,0,0,0,0,0,0,0,0,0,0,0,0,0,0,0,0,0,0,0,1,0,0,0,0,0,0,0,0,1,0,0,0,0,0,0,0,0,0,0,0,0,0
2018,서울특별시 성북구2,서울특별시 성북구 보문동7가(대광중고교삼거리 부근),2018-09-12 22:00:00,0,1,39.0,4,1,43.0,0,0,0,8,0,0,0,0,0,0,1,0,0,0,0,0,0,0,0,0,0,0,0,0,0,0,0,0,1,0,0,0,1,0,0,0,0,0,0,0,0,0,0,0,0,0,0,0,0,0,0,0,0,0,0,0,0,0,0,1,0,0,0,0,0,0,0
2018,서울특별시 성북구2,서울특별시 성북구 보문동7가(대광중고교삼거리 부근),2018-12-15 16:00:00,1,1,76.0,4,1,74.0,1,0,0,8,0,0,0,0,0,0,0,0,0,0,0,0,1,0,0,0,0,0,0,0,0,0,0,0,1,0,0,0,0,0,0,0,0,0,0,1,0,0,0,0,0,0,0,0,0,0,0,0,0,0,0,0,0,0,0,1,0,0,0,0,0,0,0
2018,서울특별시 성북구3,서울특별시 성북구 하월곡동(길음삼부컨비니언아파트 부근),2018-03-07 19:00:00,0,1,69.0,4,1,39.0,0,0,0,5,0,0,0,0,0,0,1,0,0,0,0,0,0,0,0,0,0,0,0,0,0,0,0,0,1,0,0,0,0,0,1,0,0,0,0,0,0,0,0,0,0,0,0,0,0,0,0,0,0,1,0,0,0,0,0,0,0,0,0,0,0,0,0
2018,서울특별시 성북구3,서울특별시 성북구 하월곡동(길음삼부컨비니언아파트 부근),2018-04-28 13:00:00,0,1,54.0,4,1,43.0,0,0,0,5,0,0,0,0,0,0,0,0,0,0,0,0,1,0,0,0,0,0,0,0,0,0,0,0,1,0,0,0,0,0,0,0,0,0,0,0,0,0,1,0,0,0,0,0,0,0,0,0,0,0,0,0,0,0,0,1,0,0,0,0,0,0,0
2018,서울특별시 성북구3,서울특별시 성북구 하월곡동(길음삼부컨비니언아파트 부근),2018-06-13 15:00:00,1,1,44.0,4,1,18.0,1,0,0,5,0,0,0,0,0,0,0,0,0,0,1,0,0,0,0,0,0,0,0,0,0,0,0,1,0,0,0,0,0,0,0,0,0,0,0,0,0,0,1,0,0,0,0,0,0,0,0,0,0,1,0,0,0,0,0,0,0,0,0,0,0,0,0
2018,서울특별시 성북구3,서울특별시 성북구 하월곡동(길음삼부컨비니언아파트 부근),2018-11-21 19:00:00,0,1,24.0,4,1,56.0,0,0,0,5,0,0,0,0,0,0,0,0,1,0,0,0,0,0,0,0,0,0,0,0,0,0,0,0,1,0,0,0,0,0,0,0,0,0,0,0,0,0,1,0,0,0,0,0,0,0,0,0,0,0,0,0,0,0,0,1,0,0,0,0,0,0,0
2018,서울특별시 성북구3,서울특별시 성북구 하월곡동(길음삼부컨비니언아파트 부근),2018-12-28 23:00:00,0,1,72.0,4,1,44.0,0,0,0,5,0,0,0,0,0,0,1,0,0,0,0,0,0,0,0,0,0,0,0,0,0,0,0,0,1,0,0,0,0,0,0,0,0,0,0,0,0,0,1,0,0,0,0,0,0,0,0,0,0,0,0,0,0,0,0,1,0,0,0,0,0,0,0
2018,서울특별시 성북구4,서울특별시 성북구 장위동(도시빌라 부근),2018-08-01 02:00:00,0,0,20.0,0,1,64.0,4,0,0,4,0,0,0,0,0,0,0,0,0,0,1,0,0,0,0,0,0,0,0,1,0,0,0,0,0,0,0,0,0,0,0,0,0,0,0,1,0,0,0,0,0,0,0,0,0,0,0,0,0,1,0,0,0,0,0,0,0,0,0,0,0,0,0
2018,서울특별시 성북구4,서울특별시 성북구 장위동(도시빌라 부근),2018-08-01 21:00:00,1,1,35.0,1,1,58.0,4,0,0,4,0,0,0,0,0,0,0,0,0,0,1,0,0,0,0,0,0,0,0,0,1,0,0,0,0,0,0,0,0,0,0,0,0,0,0,0,0,0,1,0,0,0,0,0,0,0,0,0,0,1,0,0,0,0,0,0,0,0,0,0,0,0,0
2018,서울특별시 성북구4,서울특별시 성북구 장위동(도시빌라 부근),2018-08-08 22:00:00,0,0,33.0,4,0,54.0,0,0,0,4,0,0,0,0,0,0,1,0,0,0,0,0,0,0,0,0,0,0,0,0,0,0,0,0,1,0,0,0,0,0,0,0,0,0,0,0,0,0,1,0,0,0,0,0,0,0,0,0,0,1,0,0,0,0,0,0,0,0,0,0,0,0,0
2018,서울특별시 성북구4,서울특별시 성북구 장위동(도시빌라 부근),2018-11-16 04:00:00,1,1,19.0,4,0,63.0,1,0,0,4,0,0,0,0,0,0,0,0,0,0,1,0,0,0,0,0,1,0,0,0,0,0,0,0,0,0,0,0,0,0,1,0,0,0,0,0,0,0,0,0,0,0,0,0,0,0,1,0,0,0,0,0,0,0,0,0,0,0,0,0,0,0,0