사고년도,다발시군구,지점명,사고일시,사고등급,가해자성별,가해자연령,가해자신체상해정도,피해자성별,피해자연령,피해자신체상해정도,기상상태,사망자수,부상자수,가해차종_개인형이동수단(PM),가해차종_건설기계,가해차종_기타,가해차종_농기계,가해차종_불명,가해차종_사륜오토바이(ATV),가해차종_승용차,가해차종_승합차,가해차종_원동기장치자전거,가해차종_이륜차,가해차종_자전거,가해차종_특수차,가해차종_화물차,피해차종_개인형이동수단(PM),피해차종_건설기계,피해차종_기타,피해차종_보행자,피해차종_불명,피해차종_사륜오토바이(ATV),피해차종_승용차,피해차종_승합차,피해차종_없음,피해차종_원동기장치자전거,피해차종_이륜차,피해차종_자전거,피해차종_특수차,피해차종_화물차,가해자법규위반_과속,가해자법규위반_교차로 통행방법 위반,가해자법규위반_교차로운행방법위반,가해자법규위반_기타,가해자법규위반_미분류,가해자법규위반_보행자 보호의무 위반,가해자법규위반_보행자보호의무위반,가해자법규위반_불법유턴,가해자법규위반_신호위반,가해자법규위반_안전거리 미확보,가해자법규위반_안전거리미확보,가해자법규위반_안전운전 의무 불이행,가해자법규위반_안전운전불이행,가해자법규위반_중앙선 침범,가해자법규위반_중앙선침범,가해자법규위반_직진우회전진행방해,가해자법규위반_차로위반,사고유형_차대사람 - 기타,사고유형_차대사람 - 길가장자리구역통행중,사고유형_차대사람 - 보도통행중,사고유형_차대사람 - 차도통행중,사고유형_차대사람 - 횡단중,사고유형_차대차 - 기타,사고유형_차대차 - 정면충돌,사고유형_차대차 - 추돌,사고유형_차대차 - 추돌 - 주정차중,사고유형_차대차 - 추돌 - 진행중,사고유형_차대차 - 측면직각충돌,사고유형_차대차 - 측면충돌,사고유형_차대차 - 후진중충돌,사고유형_차량단독 - 공작물충돌,사고유형_차량단독 - 기타,사고유형_차량단독 - 도로외이탈 - 추락,사고유형_차량단독 - 전도,사고유형_차량단독 - 전도전복,사고유형_차량단독 - 전도전복 - 전도
2018,서울특별시 노원구6,서울특별시 노원구 상계동(온수골사거리 부근),2018-05-07 11:00:00,0,0,22.0,4,1,50.0,0,0,0,4,0,0,0,0,0,0,0,0,0,0,1,0,0,0,0,0,0,0,0,1,0,0,0,0,0,0,0,0,0,0,0,0,0,0,0,0,0,0,1,0,0,0,0,0,0,0,0,0,0,0,1,0,0,0,0,0,0,0,0,0,0,0,0
2018,서울특별시 노원구6,서울특별시 노원구 상계동(온수골사거리 부근),2018-08-31 07:00:00,1,0,58.0,4,0,59.0,1,0,0,4,0,0,0,0,0,0,1,0,0,0,0,0,0,0,0,0,0,0,0,0,0,0,0,0,1,0,0,0,0,0,0,0,0,0,0,0,0,0,1,0,0,0,0,0,0,0,0,0,0,1,0,0,0,0,0,0,0,0,0,0,0,0,0
2018,서울특별시 노원구6,서울특별시 노원구 상계동(온수골사거리 부근),2018-10-23 17:00:00,0,0,55.0,4,1,11.0,0,0,0,4,0,0,0,0,0,0,1,0,0,0,0,0,0,0,0,0,0,0,0,0,0,0,0,0,1,0,0,0,0,0,0,0,0,0,0,0,0,0,1,0,0,0,0,0,0,0,0,0,0,1,0,0,0,0,0,0,0,0,0,0,0,0,0
2018,서울특별시 노원구7,서울특별시 노원구 상계동(상계2동주민센터 부근),2018-02-27 10:00:00,3,1,76.0,3,1,70.0,4,0,1,3,0,0,0,0,0,0,0,0,0,0,1,0,0,0,1,0,0,0,0,0,0,0,0,0,0,0,0,0,0,0,0,0,0,0,0,0,1,0,0,0,0,0,0,0,0,0,0,0,0,0,0,0,0,0,0,1,0,0,0,0,0,0,0
2018,서울특별시 노원구7,서울특별시 노원구 상계동(상계2동주민센터 부근),2018-08-10 05:00:00,0,1,60.0,4,1,62.0,0,0,1,3,0,0,0,0,0,0,0,0,0,0,0,0,1,0,0,0,0,0,0,0,0,0,0,0,1,0,0,0,0,0,0,0,0,0,0,0,0,0,1,0,0,0,0,0,0,0,0,0,0,0,0,0,0,0,0,1,0,0,0,0,0,0,0
2018,서울특별시 노원구7,서울특별시 노원구 상계동(상계2동주민센터 부근),2018-11-16 16:00:00,1,1,57.0,1,0,49.0,0,0,1,3,0,0,0,0,0,0,0,0,0,0,1,0,0,0,0,0,0,0,0,0,0,0,0,0,1,0,0,0,0,0,0,0,0,0,0,0,0,0,1,0,0,0,0,0,0,0,0,0,0,1,0,0,0,0,0,0,0,0,0,0,0,0,0
2018,서울특별시 은평구1,서울특별시 은평구 역촌동(CJ드림시티오피스텔 부근),2018-04-22 08:00:00,1,1,56.0,1,0,51.0,4,1,0,7,0,0,0,0,0,0,0,0,0,0,1,0,0,0,0,0,0,0,0,1,0,0,0,0,0,0,0,0,0,0,1,0,0,0,0,0,0,0,0,0,0,0,0,0,0,0,0,0,0,0,0,0,0,0,0,1,0,0,0,0,0,0,0
2018,서울특별시 은평구1,서울특별시 은평구 역촌동(CJ드림시티오피스텔 부근),2018-05-04 07:00:00,2,1,60.0,2,1,44.0,4,0,0,7,0,0,0,0,0,0,0,0,0,0,1,0,0,0,0,0,0,0,0,1,0,0,0,0,0,0,0,0,0,0,0,0,0,0,0,0,0,0,1,0,0,0,0,0,0,0,0,0,0,0,0,0,0,0,0,1,0,0,0,0,0,0,0
2018,서울특별시 은평구1,서울특별시 은평구 역촌동(CJ드림시티오피스텔 부근),2018-07-09 09:00:00,1,0,66.0,1,1,66.0,4,0,0,7,0,0,0,0,0,0,0,0,0,0,1,0,0,0,0,0,0,0,0,1,0,0,0,0,0,0,0,0,0,0,1,0,0,0,0,0,0,0,0,0,0,0,0,0,0,0,0,0,0,1,0,0,0,0,0,0,0,0,0,0,0,0,0
2018,서울특별시 은평구1,서울특별시 은평구 역촌동(CJ드림시티오피스텔 부근),2018-08-01 19:00:00,0,1,45.0,4,1,16.0,0,0,0,7,0,0,0,0,0,0,0,0,1,0,0,0,0,0,0,0,0,0,0,0,0,0,0,0,1,0,0,0,0,0,0,0,0,0,0,0,0,0,0,0,1,0,0,0,0,0,0,0,0,1,0,0,0,0,0,0,0,0,0,0,0,0,0
2018,서울특별시 은평구1,서울특별시 은평구 역촌동(CJ드림시티오피스텔 부근),2018-08-18 20:00:00,0,1,60.0,4,0,52.0,0,0,0,7,0,0,0,0,0,0,1,0,0,0,0,0,0,0,0,0,0,0,0,0,0,0,0,0,1,0,0,0,0,0,0,0,0,0,0,1,0,0,0,0,0,0,0,0,0,0,0,0,0,0,0,0,0,0,0,1,0,0,0,0,0,0,0
2018,서울특별시 은평구1,서울특별시 은평구 역촌동(CJ드림시티오피스텔 부근),2018-08-27 19:00:00,0,1,54.0,4,1,28.0,0,0,0,7,0,0,0,0,0,0,1,0,0,0,0,0,0,0,0,0,0,0,0,0,0,0,0,0,1,0,0,0,0,0,0,0,0,0,0,0,0,0,1,0,0,0,0,0,0,0,0,0,0,0,0,0,0,0,0,1,0,0,0,0,0,0,0
2018,서울특별시 은평구1,서울특별시 은평구 역촌동(CJ드림시티오피스텔 부근),2018-12-25 06:00:00,0,1,76.0,4,0,65.0,0,0,0,7,0,0,0,0,0,0,1,0,0,0,0,0,0,0,0,0,0,0,0,0,0,0,0,0,1,0,0,0,0,0,0,0,0,0,0,0,0,0,1,0,0,0,0,0,0,0,0,0,0,1,0,0,0,0,0,0,0,0,0,0,0,0,0
2018,서울특별시 은평구2,서울특별시 은평구 역촌동(역말사거리 부근),2018-06-15 17:00:00,2,1,81.0,2,0,30.0,4,0,0,6,0,0,0,0,0,0,0,0,0,0,1,0,0,0,0,0,0,0,0,1,0,0,0,0,0,0,0,0,0,0,1,0,0,0,0,0,0,0,0,0,0,0,0,0,0,0,0,0,0,0,0,0,0,0,0,1,0,0,0,0,0,0,0
2018,서울특별시 은평구2,서울특별시 은평구 역촌동(역말사거리 부근),2018-09-17 14:00:00,0,0,59.0,4,1,20.0,0,0,0,6,0,0,0,0,0,0,0,0,0,0,1,0,0,0,0,0,1,0,0,0,0,0,0,0,0,0,0,0,0,0,1,0,0,0,0,0,0,0,0,0,0,0,0,0,1,0,0,0,0,0,0,0,0,0,0,0,0,0,0,0,0,0,0
2018,서울특별시 은평구2,서울특별시 은평구 역촌동(역말사거리 부근),2018-10-16 08:00:00,0,1,15.0,2,0,28.0,0,0,0,6,0,0,0,0,0,0,0,0,0,0,1,0,0,0,0,0,0,0,0,1,0,0,0,0,0,0,0,0,0,0,0,0,0,0,0,0,0,0,1,0,0,0,0,0,0,0,0,0,0,0,0,0,0,0,0,1,0,0,0,0,0,0,0
2018,서울특별시 은평구2,서울특별시 은평구 역촌동(역말사거리 부근),2018-11-20 01:00:00,1,1,80.0,4,1,48.0,1,0,0,6,0,0,0,0,0,0,1,0,0,0,0,0,0,0,0,0,0,0,0,0,0,0,0,0,1,0,0,0,0,0,0,0,0,0,0,1,0,0,0,0,0,0,0,0,0,0,0,0,0,1,0,0,0,0,0,0,0,0,0,0,0,0,0
2018,서울특별시 은평구2,서울특별시 은평구 역촌동(역말사거리 부근),2018-12-22 16:00:00,0,1,43.0,4,0,63.0,0,0,0,6,0,0,0,0,0,0,1,0,0,0,0,0,0,0,0,0,0,0,0,0,0,0,0,0,1,0,0,0,0,0,0,0,0,0,0,0,0,0,1,0,0,0,0,0,0,0,0,0,0,1,0,0,0,0,0,0,0,0,0,0,0,0,0
2018,서울특별시 은평구3,서울특별시 은평구 구산동(구산사거리 부근),2018-04-11 20:00:00,1,1,64.0,4,1,62.0,1,0,0,4,0,0,0,0,0,0,1,0,0,0,0,0,0,0,0,0,0,0,0,0,0,0,0,0,1,0,0,0,0,0,0,0,0,0,0,1,0,0,0,0,0,0,0,0,0,0,0,0,0,0,0,0,0,0,0,1,0,0,0,0,0,0,0
2018,서울특별시 은평구3,서울특별시 은평구 구산동(구산사거리 부근),2018-07-17 22:00:00,0,1,15.0,0,1,59.0,4,0,0,4,0,0,0,0,0,0,0,0,0,0,1,0,0,0,0,0,0,0,0,1,0,0,0,0,0,0,0,0,0,0,0,0,0,0,0,1,0,0,0,0,0,0,0,0,0,0,0,0,0,0,0,0,0,0,0,1,0,0,0,0,0,0,0
2018,서울특별시 은평구3,서울특별시 은평구 구산동(구산사거리 부근),2018-08-17 15:00:00,0,1,32.0,4,1,12.0,0,0,0,4,0,0,0,0,0,0,1,0,0,0,0,0,0,0,0,0,0,0,0,0,0,0,0,0,1,0,0,0,0,0,0,0,0,0,0,1,0,0,0,0,0,0,0,0,0,0,0,0,0,0,0,0,0,0,0,1,0,0,0,0,0,0,0
2018,서울특별시 은평구3,서울특별시 은평구 구산동(구산사거리 부근),2018-11-12 18:00:00,2,1,48.0,2,1,59.0,4,0,0,4,0,0,0,0,0,0,0,0,0,0,1,0,0,0,0,0,0,0,0,1,0,0,0,0,0,0,0,0,0,0,0,0,0,0,0,0,0,0,0,0,1,0,0,0,0,0,0,0,0,0,0,0,0,0,0,1,0,0,0,0,0,0,0
2018,서울특별시 은평구4,서울특별시 은평구 녹번동(코끼리주유소 부근),2018-03-31 10:00:00,0,1,85.0,0,1,55.0,4,0,0,4,0,0,0,0,0,0,0,0,0,0,1,0,0,0,0,0,0,0,0,1,0,0,0,0,0,0,0,0,0,0,0,0,0,0,0,0,0,0,1,0,0,0,0,0,0,0,0,0,0,0,0,0,0,0,0,1,0,0,0,0,0,0,0
2018,서울특별시 은평구4,서울특별시 은평구 녹번동(코끼리주유소 부근),2018-09-07 00:00:00,2,1,25.0,2,1,68.0,4,0,0,4,0,0,0,0,0,0,0,0,0,0,1,0,0,0,0,0,0,0,0,1,0,0,0,0,0,0,0,0,0,0,0,0,0,0,0,0,0,0,1,0,0,0,0,0,0,0,0,0,0,0,0,0,0,0,0,1,0,0,0,0,0,0,0
2018,서울특별시 은평구4,서울특별시 은평구 녹번동(코끼리주유소 부근),2018-09-07 01:00:00,2,1,53.0,2,1,43.0,4,0,0,4,0,0,0,0,0,0,0,0,0,0,1,0,0,0,0,0,0,0,0,0,1,0,0,0,0,0,0,0,0,0,0,0,0,0,0,1,0,0,0,0,0,0,0,0,0,0,0,0,0,0,0,0,0,0,0,1,0,0,0,0,0,0,0
2018,서울특별시 은평구4,서울특별시 은평구 녹번동(코끼리주유소 부근),2018-09-27 15:00:00,1,1,65.0,4,0,30.0,1,0,0,4,0,0,0,0,0,0,1,0,0,0,0,0,0,0,0,0,0,0,0,0,0,0,0,0,1,0,0,0,0,0,0,0,0,0,0,0,0,0,1,0,0,0,0,0,0,0,0,0,0,0,0,0,0,0,0,1,0,0,0,0,0,0,0
2018,서울특별시 은평구5,서울특별시 은평구 대조동(서원빌딩 부근),2018-01-05 07:00:00,0,1,71.0,4,1,56.0,0,0,0,4,0,0,0,0,0,0,1,0,0,0,0,0,0,0,0,0,0,0,0,0,0,0,0,0,1,0,0,0,0,0,0,0,0,0,0,0,0,0,1,0,0,0,0,0,0,0,0,0,0,0,1,0,0,0,0,0,0,0,0,0,0,0,0
2018,서울특별시 은평구5,서울특별시 은평구 대조동(서원빌딩 부근),2018-03-12 14:00:00,0,1,62.0,4,1,76.0,0,0,0,4,0,0,0,0,0,0,1,0,0,0,0,0,0,0,0,0,0,0,0,0,0,0,0,0,1,0,0,0,0,0,0,0,0,0,0,1,0,0,0,0,0,0,0,0,0,0,0,0,0,0,0,1,0,0,0,0,0,0,0,0,0,0,0
2018,서울특별시 은평구5,서울특별시 은평구 대조동(서원빌딩 부근),2018-06-19 18:00:00,0,1,79.0,4,0,30.0,0,0,0,4,0,0,0,0,0,0,1,0,0,0,0,0,0,0,0,0,0,0,0,0,0,0,0,0,1,0,0,0,0,0,0,0,0,0,0,0,0,0,1,0,0,0,0,0,0,0,0,0,0,1,0,0,0,0,0,0,0,0,0,0,0,0,0
2018,서울특별시 은평구5,서울특별시 은평구 대조동(서원빌딩 부근),2018-07-20 09:00:00,0,1,37.0,4,1,61.0,0,0,0,4,0,0,0,0,0,0,1,0,0,0,0,0,0,0,0,0,0,0,0,0,0,0,0,0,1,0,0,0,0,0,0,0,0,0,0,0,0,0,1,0,0,0,0,0,0,0,0,0,0,0,0,0,0,0,0,1,0,0,0,0,0,0,0
2018,서울특별시 은평구6,서울특별시 은평구 대조동(파리바게뜨 역촌역점 부근),2018-07-13 14:00:00,3,1,92.0,3,0,76.0,4,0,1,2,0,0,0,0,0,0,0,0,0,0,1,0,0,0,0,0,0,0,0,1,0,0,0,0,0,0,0,0,0,0,1,0,0,0,0,0,0,0,0,0,0,0,0,0,0,0,0,0,0,1,0,0,0,0,0,0,0,0,0,0,0,0,0
2018,서울특별시 은평구6,서울특별시 은평구 대조동(파리바게뜨 역촌역점 부근),2018-07-31 09:00:00,1,1,39.0,4,0,64.0,1,0,1,2,0,0,0,0,0,0,0,0,1,0,0,0,0,0,0,0,0,0,0,0,0,0,0,0,1,0,0,0,0,0,0,0,0,0,0,1,0,0,0,0,0,0,0,0,0,0,0,0,0,0,0,0,0,0,0,1,0,0,0,0,0,0,0
2018,서울특별시 은평구6,서울특별시 은평구 대조동(파리바게뜨 역촌역점 부근),2018-08-22 07:00:00,0,1,45.0,0,0,61.0,4,0,1,2,0,0,0,0,0,0,0,0,0,0,1,0,0,0,0,0,0,0,0,1,0,0,0,0,0,0,0,0,0,0,0,0,0,0,0,0,0,0,1,0,0,0,0,0,0,0,0,0,0,1,0,0,0,0,0,0,0,0,0,0,0,0,0
2018,서울특별시 서대문구1,서울특별시 서대문구 북가좌동(뚜레쥬르 증산역점 부근),2018-04-10 07:00:00,1,1,68.0,1,1,32.0,4,0,0,6,0,0,0,0,0,0,0,0,0,0,1,0,0,0,0,0,0,0,0,0,0,0,0,0,1,0,0,0,0,0,0,0,0,0,0,1,0,0,0,0,0,0,0,0,0,0,0,0,0,0,0,0,0,0,0,1,0,0,0,0,0,0,0
2018,서울특별시 서대문구1,서울특별시 서대문구 북가좌동(뚜레쥬르 증산역점 부근),2018-05-27 20:00:00,0,0,40.0,0,0,32.0,0,0,0,6,0,0,0,0,0,0,0,0,0,0,1,0,0,0,0,0,0,0,0,0,0,0,0,0,1,0,0,0,0,0,0,0,0,0,0,0,0,0,1,0,0,0,0,0,0,0,0,0,0,0,0,0,0,0,0,1,0,0,0,0,0,0,0
2018,서울특별시 서대문구1,서울특별시 서대문구 북가좌동(뚜레쥬르 증산역점 부근),2018-06-16 07:00:00,0,0,59.0,0,1,60.0,4,0,0,6,0,0,0,0,0,0,0,0,0,0,1,0,0,0,0,0,0,0,0,0,1,0,0,0,0,0,0,0,0,0,0,0,0,0,0,0,0,0,1,0,0,0,0,0,0,0,0,0,0,0,0,0,0,0,0,1,0,0,0,0,0,0,0
2018,서울특별시 서대문구1,서울특별시 서대문구 북가좌동(뚜레쥬르 증산역점 부근),2018-08-02 08:00:00,2,1,75.0,2,1,37.0,4,0,0,6,0,0,0,0,0,0,0,0,0,0,1,0,0,0,0,0,0,0,0,0,0,0,0,1,0,0,0,0,0,0,0,0,0,0,0,0,0,0,1,0,0,0,0,0,0,0,0,0,0,0,0,0,0,0,0,1,0,0,0,0,0,0,0
2018,서울특별시 서대문구1,서울특별시 서대문구 북가좌동(뚜레쥬르 증산역점 부근),2018-11-07 04:00:00,1,2,47.74785772029103,5,1,35.0,1,2,0,6,0,0,0,0,1,0,0,0,0,0,0,0,0,0,0,0,0,0,0,0,0,0,0,0,1,0,0,0,0,0,0,0,0,0,0,1,0,0,0,0,0,0,0,0,0,0,0,0,0,1,0,0,0,0,0,0,0,0,0,0,0,0,0
2018,서울특별시 마포구1,서울특별시 마포구 망원동(세븐일레븐 망원2호점 부근),2018-06-16 17:00:00,0,1,22.0,0,2,47.23777883246322,6,0,0,6,0,0,0,0,0,0,0,0,0,0,1,0,0,0,0,0,0,0,0,0,0,1,0,0,0,0,0,0,0,0,0,0,0,0,0,0,0,0,1,0,0,0,0,0,0,0,0,0,0,0,0,0,0,0,0,0,0,0,1,0,0,0,0
2018,서울특별시 마포구1,서울특별시 마포구 망원동(세븐일레븐 망원2호점 부근),2018-07-05 20:00:00,0,0,44.0,4,0,63.0,0,0,0,6,0,0,0,0,0,0,1,0,0,0,0,0,0,0,0,0,0,0,0,0,0,0,0,0,1,0,0,0,0,0,0,0,0,0,0,0,0,0,1,0,0,0,0,0,0,0,0,0,0,0,0,1,0,0,0,0,0,0,0,0,0,0,0
2018,서울특별시 마포구1,서울특별시 마포구 망원동(세븐일레븐 망원2호점 부근),2018-08-20 17:00:00,0,1,70.0,4,1,24.0,0,0,0,6,0,0,0,0,0,0,1,0,0,0,0,0,0,0,0,0,0,0,0,0,0,0,0,0,1,0,0,0,0,0,0,0,0,0,0,0,0,0,1,0,0,0,0,0,0,0,0,0,0,0,0,0,0,0,0,1,0,0,0,0,0,0,0
2018,서울특별시 마포구1,서울특별시 마포구 망원동(세븐일레븐 망원2호점 부근),2018-08-21 15:00:00,0,1,67.0,4,1,17.0,0,0,0,6,0,0,0,0,0,0,1,0,0,0,0,0,0,0,0,0,0,0,0,0,0,0,0,0,1,0,0,0,0,0,1,0,0,0,0,0,0,0,0,0,0,0,0,0,0,0,0,0,0,0,0,0,0,0,0,1,0,0,0,0,0,0,0
2018,서울특별시 마포구1,서울특별시 마포구 망원동(세븐일레븐 망원2호점 부근),2018-10-01 18:00:00,0,1,14.0,0,1,64.0,4,0,0,6,0,0,0,0,0,0,0,0,0,0,1,0,0,0,0,0,0,0,0,1,0,0,0,0,0,0,0,0,0,0,0,0,0,0,0,0,0,0,1,0,0,0,0,0,0,0,0,0,0,0,0,0,0,0,0,1,0,0,0,0,0,0,0
2018,서울특별시 마포구1,서울특별시 마포구 망원동(세븐일레븐 망원2호점 부근),2018-11-26 15:00:00,1,0,48.0,4,0,51.0,1,0,0,6,0,0,0,0,0,0,1,0,0,0,0,0,0,0,0,0,0,0,0,0,0,0,0,0,1,0,0,0,0,0,1,0,0,0,0,0,0,0,0,0,0,0,0,0,0,0,0,0,0,1,0,0,0,0,0,0,0,0,0,0,0,0,0
2018,서울특별시 양천구1,서울특별시 양천구 목동(목동센트럴푸르지오아파트101동 부근),2018-02-27 20:00:00,0,2,47.74785772029103,5,1,46.0,0,0,0,7,0,0,0,0,1,0,0,0,0,0,0,0,0,0,0,0,0,0,0,0,0,0,0,0,1,0,0,0,0,0,0,0,0,0,0,0,0,0,1,0,0,0,0,0,0,0,0,0,0,1,0,0,0,0,0,0,0,0,0,0,0,0,0
2018,서울특별시 양천구1,서울특별시 양천구 목동(목동센트럴푸르지오아파트101동 부근),2018-03-03 19:00:00,0,2,47.74785772029103,5,1,18.0,0,0,0,7,0,0,0,0,1,0,0,0,0,0,0,0,0,0,0,0,0,0,0,0,0,0,0,0,1,0,0,0,0,0,0,0,0,0,0,0,0,0,1,0,0,0,0,0,0,0,0,0,0,1,0,0,0,0,0,0,0,0,0,0,0,0,0
2018,서울특별시 양천구1,서울특별시 양천구 목동(목동센트럴푸르지오아파트101동 부근),2018-05-31 06:00:00,0,1,76.0,4,1,40.0,0,0,0,7,0,0,0,0,0,0,1,0,0,0,0,0,0,0,0,0,0,0,0,0,0,0,0,0,1,0,0,0,0,0,0,0,0,0,0,1,0,0,0,0,0,0,0,0,0,0,0,0,0,0,0,0,0,0,0,1,0,0,0,0,0,0,0
2018,서울특별시 양천구1,서울특별시 양천구 목동(목동센트럴푸르지오아파트101동 부근),2018-07-08 09:00:00,1,0,55.0,4,1,13.0,1,0,0,7,0,0,0,0,0,0,1,0,0,0,0,0,0,0,0,0,0,0,0,0,0,0,0,0,1,0,0,0,0,0,0,0,0,0,0,0,0,0,1,0,0,0,0,0,0,0,0,0,0,1,0,0,0,0,0,0,0,0,0,0,0,0,0
2018,서울특별시 양천구1,서울특별시 양천구 목동(목동센트럴푸르지오아파트101동 부근),2018-07-25 19:00:00,0,1,52.0,4,1,16.0,0,0,0,7,0,0,0,0,0,0,1,0,0,0,0,0,0,0,0,0,0,0,0,0,0,0,0,0,1,0,0,0,0,0,1,0,0,0,0,0,0,0,0,0,0,0,0,0,0,0,0,0,0,1,0,0,0,0,0,0,0,0,0,0,0,0,0
2018,서울특별시 양천구1,서울특별시 양천구 목동(목동센트럴푸르지오아파트101동 부근),2018-09-10 08:00:00,0,1,20.0,4,1,26.0,0,0,0,7,0,0,0,0,0,0,0,0,0,1,0,0,0,0,0,0,0,0,0,0,0,0,0,0,1,0,0,0,0,0,0,0,0,0,0,0,0,0,1,0,0,0,0,0,0,0,0,0,0,1,0,0,0,0,0,0,0,0,0,0,0,0,0
2018,서울특별시 양천구1,서울특별시 양천구 목동(목동센트럴푸르지오아파트101동 부근),2018-10-11 18:00:00,0,1,38.0,4,0,60.0,0,0,0,7,0,0,0,0,0,0,0,0,0,0,1,0,0,0,0,0,1,0,0,0,0,0,0,0,0,0,0,0,0,0,0,0,0,0,0,0,0,0,1,0,0,0,0,0,0,0,0,0,1,0,0,0,0,0,0,0,0,0,0,0,0,0,0
2018,서울특별시 양천구2,서울특별시 양천구 신정동(목동9.10단지삼거리 부근),2018-01-21 09:00:00,1,1,64.0,4,0,52.0,1,0,0,5,0,0,0,0,0,0,1,0,0,0,0,0,0,0,0,0,0,0,0,0,0,0,0,0,1,0,0,0,0,0,1,0,0,0,0,0,0,0,0,0,0,0,0,0,0,0,0,0,0,1,0,0,0,0,0,0,0,0,0,0,0,0,0
2018,서울특별시 양천구2,서울특별시 양천구 신정동(목동9.10단지삼거리 부근),2018-01-31 19:00:00,0,1,50.0,4,1,51.0,0,0,0,5,0,0,0,0,0,0,1,0,0,0,0,0,0,0,0,0,0,0,0,0,0,0,0,0,1,0,0,0,1,0,0,0,0,0,0,0,0,0,0,0,0,0,0,0,0,0,0,0,0,1,0,0,0,0,0,0,0,0,0,0,0,0,0
2018,서울특별시 양천구2,서울특별시 양천구 신정동(목동9.10단지삼거리 부근),2018-03-13 13:00:00,0,0,51.0,4,0,20.0,0,0,0,5,0,0,0,0,0,0,0,0,0,0,1,0,0,0,0,0,1,0,0,0,0,0,0,0,0,0,0,0,0,0,1,0,0,0,0,0,0,0,0,0,0,0,0,0,1,0,0,0,0,0,0,0,0,0,0,0,0,0,0,0,0,0,0
2018,서울특별시 양천구2,서울특별시 양천구 신정동(목동9.10단지삼거리 부근),2018-11-07 08:00:00,1,1,55.0,4,0,50.0,1,2,0,5,0,0,0,0,0,0,1,0,0,0,0,0,0,0,0,0,0,0,0,0,0,0,0,0,1,0,0,0,0,0,0,0,0,0,0,1,0,0,0,0,0,0,0,0,0,0,0,0,0,0,0,0,0,0,0,1,0,0,0,0,0,0,0
2018,서울특별시 양천구2,서울특별시 양천구 신정동(목동9.10단지삼거리 부근),2018-11-18 08:00:00,0,0,45.0,4,0,62.0,0,0,0,5,0,0,0,0,0,0,1,0,0,0,0,0,0,0,0,0,0,0,0,0,0,0,0,0,1,0,0,0,0,0,0,0,0,0,0,1,0,0,0,0,0,0,0,0,0,0,0,0,0,0,0,0,0,0,0,1,0,0,0,0,0,0,0
2018,서울특별시 양천구3,서울특별시 양천구 신정동(목동공인중개사사무소 부근),2018-04-19 01:00:00,0,1,61.0,4,0,57.0,0,0,0,5,0,0,0,0,0,0,1,0,0,0,0,0,0,0,0,0,0,0,0,0,0,0,0,0,1,0,0,0,0,0,0,0,0,0,0,1,0,0,0,0,0,0,0,0,0,0,0,0,0,1,0,0,0,0,0,0,0,0,0,0,0,0,0
2018,서울특별시 양천구3,서울특별시 양천구 신정동(목동공인중개사사무소 부근),2018-06-07 11:00:00,2,1,18.0,2,1,54.0,4,0,0,5,0,0,0,0,0,0,0,0,0,0,1,0,0,0,0,0,0,0,0,0,1,0,0,0,0,0,0,0,0,0,0,0,0,0,0,0,0,0,1,0,0,0,0,0,0,0,0,0,0,0,0,0,0,0,0,1,0,0,0,0,0,0,0
2018,서울특별시 양천구3,서울특별시 양천구 신정동(목동공인중개사사무소 부근),2018-10-03 14:00:00,2,1,25.0,2,0,42.0,4,0,0,5,0,0,0,0,0,0,0,0,0,0,1,0,0,0,0,0,0,0,0,1,0,0,0,0,0,0,0,0,0,0,0,0,0,0,0,0,0,0,1,0,0,0,0,0,0,0,0,0,0,1,0,0,0,0,0,0,0,0,0,0,0,0,0
2018,서울특별시 양천구3,서울특별시 양천구 신정동(목동공인중개사사무소 부근),2018-10-17 08:00:00,1,0,58.0,1,1,36.0,4,0,0,5,0,0,0,0,0,0,0,0,0,0,1,0,0,0,0,0,0,0,0,1,0,0,0,0,0,0,0,0,0,0,0,0,0,0,0,0,0,0,1,0,0,0,0,0,0,0,0,0,0,0,0,0,0,0,0,1,0,0,0,0,0,0,0
2018,서울특별시 양천구3,서울특별시 양천구 신정동(목동공인중개사사무소 부근),2018-11-08 03:00:00,1,0,37.0,4,0,54.0,1,2,0,5,0,0,0,0,0,0,1,0,0,0,0,0,0,0,0,0,0,0,0,0,0,0,0,0,1,0,0,0,0,0,0,0,0,0,0,0,0,0,1,0,0,0,0,0,0,0,0,0,0,1,0,0,0,0,0,0,0,0,0,0,0,0,0
2018,서울특별시 양천구4,서울특별시 양천구 신월동(과학수사연구원입구사거리 부근),2018-08-26 03:00:00,2,1,57.0,4,1,32.0,2,0,0,7,0,0,0,0,0,0,1,0,0,0,0,0,0,0,0,0,0,0,0,0,0,0,0,0,1,0,0,0,0,0,0,0,0,0,0,1,0,0,0,0,0,0,0,0,0,0,0,0,0,0,0,0,0,0,0,1,0,0,0,0,0,0,0
2018,서울특별시 양천구4,서울특별시 양천구 신월동(과학수사연구원입구사거리 부근),2018-09-02 21:00:00,1,1,22.0,0,1,45.0,4,0,0,7,0,0,0,0,0,0,0,0,0,0,1,0,0,0,0,0,0,0,0,0,1,0,0,0,0,0,0,0,0,0,0,0,0,0,0,0,0,0,0,0,1,0,0,0,0,0,0,0,0,0,0,0,0,0,0,1,0,0,0,0,0,0,0