사고년도,다발시군구,지점명,사고일시,사고등급,가해자성별,가해자연령,가해자신체상해정도,피해자성별,피해자연령,피해자신체상해정도,기상상태,사망자수,부상자수,가해차종_개인형이동수단(PM),가해차종_건설기계,가해차종_기타,가해차종_농기계,가해차종_불명,가해차종_사륜오토바이(ATV),가해차종_승용차,가해차종_승합차,가해차종_원동기장치자전거,가해차종_이륜차,가해차종_자전거,가해차종_특수차,가해차종_화물차,피해차종_개인형이동수단(PM),피해차종_건설기계,피해차종_기타,피해차종_보행자,피해차종_불명,피해차종_사륜오토바이(ATV),피해차종_승용차,피해차종_승합차,피해차종_없음,피해차종_원동기장치자전거,피해차종_이륜차,피해차종_자전거,피해차종_특수차,피해차종_화물차,가해자법규위반_과속,가해자법규위반_교차로 통행방법 위반,가해자법규위반_교차로운행방법위반,가해자법규위반_기타,가해자법규위반_미분류,가해자법규위반_보행자 보호의무 위반,가해자법규위반_보행자보호의무위반,가해자법규위반_불법유턴,가해자법규위반_신호위반,가해자법규위반_안전거리 미확보,가해자법규위반_안전거리미확보,가해자법규위반_안전운전 의무 불이행,가해자법규위반_안전운전불이행,가해자법규위반_중앙선 침범,가해자법규위반_중앙선침범,가해자법규위반_직진우회전진행방해,가해자법규위반_차로위반,사고유형_차대사람 - 기타,사고유형_차대사람 - 길가장자리구역통행중,사고유형_차대사람 - 보도통행중,사고유형_차대사람 - 차도통행중,사고유형_차대사람 - 횡단중,사고유형_차대차 - 기타,사고유형_차대차 - 정면충돌,사고유형_차대차 - 추돌,사고유형_차대차 - 추돌 - 주정차중,사고유형_차대차 - 추돌 - 진행중,사고유형_차대차 - 측면직각충돌,사고유형_차대차 - 측면충돌,사고유형_차대차 - 후진중충돌,사고유형_차량단독 - 공작물충돌,사고유형_차량단독 - 기타,사고유형_차량단독 - 도로외이탈 - 추락,사고유형_차량단독 - 전도,사고유형_차량단독 - 전도전복,사고유형_차량단독 - 전도전복 - 전도
2018,서울특별시 영등포구3,서울특별시 영등포구 영등포동8가(영등포전화국사거리 부근),2018-04-13 17:00:00,0,1,12.0,0,0,64.0,4,0,0,7,0,0,0,0,0,0,0,0,0,0,1,0,0,0,0,0,0,0,0,1,0,0,0,0,0,0,0,0,0,0,0,0,0,0,0,0,1,0,0,0,0,0,0,0,0,0,0,0,0,0,0,0,0,0,0,1,0,0,0,0,0,0,0
2018,서울특별시 영등포구3,서울특별시 영등포구 영등포동8가(영등포전화국사거리 부근),2018-04-16 13:00:00,0,0,57.0,0,1,25.0,4,0,0,7,0,0,0,0,0,0,0,0,0,0,1,0,0,0,0,0,0,0,0,1,0,0,0,0,0,0,0,0,0,0,0,0,0,0,0,0,0,0,1,0,0,0,0,0,0,0,0,0,0,0,0,0,0,0,0,1,0,0,0,0,0,0,0
2018,서울특별시 영등포구3,서울특별시 영등포구 영등포동8가(영등포전화국사거리 부근),2018-04-19 18:00:00,2,1,29.0,2,1,40.0,4,0,0,7,0,0,0,0,0,0,0,0,0,0,1,0,0,0,0,0,0,0,0,0,1,0,0,0,0,0,0,0,0,0,0,0,0,0,0,1,0,0,0,0,0,0,0,0,0,0,0,0,0,0,0,0,0,0,0,1,0,0,0,0,0,0,0
2018,서울특별시 영등포구3,서울특별시 영등포구 영등포동8가(영등포전화국사거리 부근),2018-06-13 10:00:00,2,1,64.0,2,1,67.0,4,0,0,7,0,0,0,0,0,0,0,0,0,0,1,0,0,0,0,0,0,0,0,1,0,0,0,0,0,0,0,0,0,0,0,0,0,0,0,0,0,0,1,0,0,0,0,0,0,0,0,0,0,0,0,1,0,0,0,0,0,0,0,0,0,0,0
2018,서울특별시 영등포구3,서울특별시 영등포구 영등포동8가(영등포전화국사거리 부근),2018-09-30 09:00:00,1,1,72.0,4,1,74.0,1,0,0,7,0,0,0,0,0,0,0,1,0,0,0,0,0,0,0,0,0,0,0,0,0,0,0,0,1,0,0,0,0,0,0,0,0,0,0,0,1,0,0,0,0,0,0,0,0,0,0,0,0,0,0,0,0,0,0,1,0,0,0,0,0,0,0
2018,서울특별시 영등포구3,서울특별시 영등포구 영등포동8가(영등포전화국사거리 부근),2018-11-10 20:00:00,0,1,21.0,0,1,27.0,4,0,0,7,0,0,0,0,0,0,0,0,0,0,1,0,0,0,0,0,0,0,0,1,0,0,0,0,0,0,0,0,0,0,0,0,0,0,0,0,0,0,1,0,0,0,0,0,0,0,0,0,0,0,1,0,0,0,0,0,0,0,0,0,0,0,0
2018,서울특별시 영등포구4,서울특별시 영등포구 대림동(구로도서관 부근),2018-03-22 00:00:00,0,1,61.0,4,1,15.0,0,0,0,7,0,0,0,0,0,0,1,0,0,0,0,0,0,0,0,0,0,0,0,0,0,0,0,0,1,0,0,0,0,0,0,0,0,0,0,1,0,0,0,0,0,0,0,0,0,0,0,0,0,1,0,0,0,0,0,0,0,0,0,0,0,0,0
2018,서울특별시 영등포구4,서울특별시 영등포구 대림동(구로도서관 부근),2018-08-02 09:00:00,1,1,65.0,1,1,56.0,4,0,0,7,0,0,0,0,0,0,0,0,0,0,1,0,0,0,0,0,0,0,0,1,0,0,0,0,0,0,0,0,0,0,0,0,0,0,0,0,0,0,1,0,0,0,0,0,0,0,0,0,0,0,0,0,0,0,0,1,0,0,0,0,0,0,0
2018,서울특별시 영등포구4,서울특별시 영등포구 대림동(구로도서관 부근),2018-09-30 19:00:00,2,1,63.0,4,1,11.0,2,0,0,7,0,0,0,0,0,0,1,0,0,0,0,0,0,0,0,0,0,0,0,0,0,0,0,0,1,0,0,0,0,0,0,0,0,0,0,1,0,0,0,0,0,0,0,0,0,0,0,0,0,1,0,0,0,0,0,0,0,0,0,0,0,0,0
2018,서울특별시 영등포구4,서울특별시 영등포구 대림동(구로도서관 부근),2018-10-03 10:00:00,0,1,63.0,0,0,62.0,4,0,0,7,0,0,0,0,0,0,0,0,0,0,1,0,0,0,0,0,0,0,0,0,0,0,0,0,1,0,0,0,0,0,0,0,0,0,0,0,0,0,1,0,0,0,0,0,0,0,0,0,0,1,0,0,0,0,0,0,0,0,0,0,0,0,0
2018,서울특별시 영등포구4,서울특별시 영등포구 대림동(구로도서관 부근),2018-10-09 14:00:00,0,0,46.0,4,1,45.0,0,0,0,7,0,0,0,0,0,0,0,0,0,0,1,0,0,0,0,0,0,0,0,0,0,0,0,0,1,0,0,0,0,0,0,0,0,0,0,0,0,0,1,0,0,0,0,0,0,0,0,0,0,1,0,0,0,0,0,0,0,0,0,0,0,0,0
2018,서울특별시 영등포구4,서울특별시 영등포구 대림동(구로도서관 부근),2018-10-16 00:00:00,0,0,52.0,0,0,31.0,4,0,0,7,0,0,0,0,0,0,0,0,0,0,1,0,0,0,0,0,0,0,0,1,0,0,0,0,0,0,0,0,0,0,0,0,0,0,0,0,0,0,0,0,1,0,0,0,0,0,0,0,0,1,0,0,0,0,0,0,0,0,0,0,0,0,0
2018,서울특별시 영등포구4,서울특별시 영등포구 대림동(구로도서관 부근),2018-11-25 12:00:00,0,0,64.0,0,1,73.0,4,0,0,7,0,0,0,0,0,0,0,0,0,0,1,0,0,0,0,0,0,0,0,1,0,0,0,0,0,0,0,0,0,0,0,0,0,0,0,0,0,0,1,0,0,0,0,0,0,0,0,0,0,0,0,0,0,0,0,1,0,0,0,0,0,0,0
2018,서울특별시 영등포구5,서울특별시 영등포구 양평동6가(양화한강공원농구장 부근),2018-06-24 09:00:00,0,1,43.0,0,1,59.0,0,0,0,9,0,0,0,0,0,0,0,0,0,0,1,0,0,0,0,0,1,0,0,0,0,0,0,0,0,0,0,0,0,0,0,0,0,0,0,0,0,0,1,0,0,0,0,0,1,0,0,0,0,0,0,0,0,0,0,0,0,0,0,0,0,0,0
2018,서울특별시 영등포구5,서울특별시 영등포구 양평동6가(양화한강공원농구장 부근),2018-07-18 21:00:00,0,0,60.0,4,1,63.0,0,0,0,9,0,0,0,0,0,0,1,0,0,0,0,0,0,0,0,0,0,0,0,0,0,0,0,0,1,0,0,0,0,0,0,0,0,0,0,0,0,0,1,0,0,0,0,0,0,0,0,0,0,0,0,0,0,0,0,0,1,0,0,0,0,0,0
2018,서울특별시 영등포구5,서울특별시 영등포구 양평동6가(양화한강공원농구장 부근),2018-07-25 20:00:00,0,1,50.0,4,1,64.0,0,0,0,9,0,0,0,0,0,0,0,0,0,0,1,0,0,0,0,0,1,0,0,0,0,0,0,0,0,0,0,0,0,0,0,0,0,0,0,0,0,0,1,0,0,0,0,0,1,0,0,0,0,0,0,0,0,0,0,0,0,0,0,0,0,0,0
2018,서울특별시 영등포구5,서울특별시 영등포구 양평동6가(양화한강공원농구장 부근),2018-08-23 00:00:00,0,0,28.0,5,1,24.0,0,0,0,9,0,0,0,0,0,0,0,0,0,0,1,0,0,0,0,0,0,0,0,0,0,0,0,0,1,0,0,0,0,0,0,0,0,0,0,0,0,0,1,0,0,0,0,0,0,0,0,0,0,0,0,0,0,0,0,1,0,0,0,0,0,0,0
2018,서울특별시 영등포구5,서울특별시 영등포구 양평동6가(양화한강공원농구장 부근),2018-09-07 18:00:00,0,1,59.0,0,1,38.0,0,0,0,9,0,0,0,0,0,0,0,0,0,0,1,0,0,0,0,0,0,0,0,0,0,0,0,0,1,0,0,0,0,0,0,0,0,0,0,0,0,0,1,0,0,0,0,0,0,0,0,0,0,0,1,0,0,0,0,0,0,0,0,0,0,0,0
2018,서울특별시 영등포구5,서울특별시 영등포구 양평동6가(양화한강공원농구장 부근),2018-09-08 13:00:00,0,1,58.0,4,1,82.0,0,0,0,9,0,0,0,0,0,0,0,0,0,0,1,0,0,0,0,0,0,0,0,0,0,0,0,0,1,0,0,0,0,0,0,0,0,0,0,0,0,0,1,0,0,0,0,0,0,0,0,0,0,1,0,0,0,0,0,0,0,0,0,0,0,0,0
2018,서울특별시 영등포구5,서울특별시 영등포구 양평동6가(양화한강공원농구장 부근),2018-10-07 17:00:00,0,1,33.0,0,1,45.0,4,0,0,9,0,0,0,0,0,0,0,0,0,0,1,0,0,0,0,0,0,0,0,0,0,0,0,0,1,0,0,0,0,0,0,0,0,0,0,0,1,0,0,0,0,0,0,0,0,0,0,0,0,0,0,1,0,0,0,0,0,0,0,0,0,0,0
2018,서울특별시 영등포구6,서울특별시 영등포구 영등포동3가(영등포시장사거리 부근),2018-05-19 10:00:00,0,1,74.0,0,1,59.0,4,0,1,6,0,0,0,0,0,0,0,0,0,0,1,0,0,0,0,0,0,0,0,1,0,0,0,0,0,0,0,0,0,0,0,0,0,0,0,0,0,0,0,0,1,0,0,0,0,0,0,0,0,0,0,0,0,0,0,1,0,0,0,0,0,0,0
2018,서울특별시 영등포구6,서울특별시 영등포구 영등포동3가(영등포시장사거리 부근),2018-07-04 22:00:00,1,1,49.0,4,0,63.0,1,0,1,6,0,0,0,0,0,0,0,0,0,1,0,0,0,0,0,0,0,0,0,0,0,0,0,0,1,0,0,0,0,0,0,0,0,0,0,0,0,0,1,0,0,0,0,0,0,0,0,0,0,1,0,0,0,0,0,0,0,0,0,0,0,0,0
2018,서울특별시 영등포구6,서울특별시 영등포구 영등포동3가(영등포시장사거리 부근),2018-09-02 09:00:00,1,1,61.0,1,1,71.0,4,0,1,6,0,0,0,0,0,0,0,0,0,0,1,0,0,0,0,0,0,0,0,1,0,0,0,0,0,0,0,0,0,0,0,0,0,0,0,0,0,0,1,0,0,0,0,0,0,0,0,0,0,0,0,0,0,0,0,1,0,0,0,0,0,0,0
2018,서울특별시 영등포구6,서울특별시 영등포구 영등포동3가(영등포시장사거리 부근),2018-09-20 09:00:00,0,1,31.0,4,1,62.0,0,2,1,6,0,0,0,0,0,0,0,0,0,0,0,0,1,0,0,0,0,0,0,0,0,0,0,0,1,0,0,0,0,0,0,0,0,0,0,1,0,0,0,0,0,0,0,0,0,0,0,0,0,0,0,0,0,0,0,1,0,0,0,0,0,0,0
2018,서울특별시 영등포구6,서울특별시 영등포구 영등포동3가(영등포시장사거리 부근),2018-10-02 13:00:00,1,0,46.0,4,0,66.0,1,0,1,6,0,0,0,0,0,0,0,0,0,0,1,0,0,0,0,0,1,0,0,0,0,0,0,0,0,0,0,0,0,0,0,0,0,0,0,0,0,0,1,0,0,0,0,0,0,0,1,0,0,0,0,0,0,0,0,0,0,0,0,0,0,0,0
2018,서울특별시 영등포구6,서울특별시 영등포구 영등포동3가(영등포시장사거리 부근),2018-10-03 09:00:00,3,0,56.0,3,1,64.0,4,0,1,6,0,0,0,0,0,0,0,0,0,0,1,0,0,0,0,0,0,0,0,1,0,0,0,0,0,0,0,0,0,0,0,0,0,0,0,0,0,0,1,0,0,0,0,0,0,0,0,0,0,1,0,0,0,0,0,0,0,0,0,0,0,0,0
2018,서울특별시 영등포구7,서울특별시 영등포구 대림동(우성아파트사거리 부근),2018-04-13 18:00:00,0,0,39.0,4,1,57.0,0,0,1,5,0,0,0,0,0,0,1,0,0,0,0,0,0,0,0,0,0,0,0,0,0,0,0,0,1,0,0,0,0,0,0,0,0,0,0,1,0,0,0,0,0,0,0,0,0,0,0,0,0,0,0,0,0,0,0,1,0,0,0,0,0,0,0
2018,서울특별시 영등포구7,서울특별시 영등포구 대림동(우성아파트사거리 부근),2018-05-13 20:00:00,1,1,64.0,4,0,59.0,1,0,1,5,0,0,0,0,0,0,1,0,0,0,0,0,0,0,0,0,0,0,0,0,0,0,0,0,1,0,0,0,0,0,0,0,0,0,0,0,0,0,1,0,0,0,0,0,0,0,0,0,0,1,0,0,0,0,0,0,0,0,0,0,0,0,0
2018,서울특별시 영등포구7,서울특별시 영등포구 대림동(우성아파트사거리 부근),2018-06-17 22:00:00,3,1,64.0,3,1,52.0,4,0,1,5,0,0,0,0,0,0,0,0,0,0,1,0,0,0,0,0,0,0,0,1,0,0,0,0,0,0,0,0,0,0,0,0,0,0,0,0,0,0,1,0,0,0,0,0,0,0,0,0,0,0,0,0,0,0,0,1,0,0,0,0,0,0,0
2018,서울특별시 영등포구7,서울특별시 영등포구 대림동(우성아파트사거리 부근),2018-07-11 18:00:00,0,1,66.0,0,1,25.0,4,0,1,5,0,0,0,0,0,0,0,0,0,0,1,0,0,0,0,0,0,0,0,1,0,0,0,0,0,0,0,0,0,0,0,0,0,0,0,0,0,0,0,0,1,0,0,0,0,0,0,0,0,0,1,0,0,0,0,0,0,0,0,0,0,0,0
2018,서울특별시 영등포구7,서울특별시 영등포구 대림동(우성아파트사거리 부근),2018-09-27 14:00:00,0,0,63.0,4,1,77.0,0,0,1,5,0,0,0,0,0,0,1,0,0,0,0,0,0,0,0,0,0,0,0,0,0,0,0,0,1,0,0,0,0,0,0,0,0,0,0,0,0,0,1,0,0,0,0,0,0,0,0,0,0,0,0,0,0,0,0,1,0,0,0,0,0,0,0
2018,서울특별시 영등포구7,서울특별시 영등포구 대림동(우성아파트사거리 부근),2018-11-14 04:00:00,0,1,43.0,4,1,65.0,0,0,1,5,0,0,0,0,0,0,1,0,0,0,0,0,0,0,0,0,0,0,0,0,0,0,0,0,1,0,0,0,0,0,0,0,0,0,0,1,0,0,0,0,0,0,0,0,0,0,0,0,0,1,0,0,0,0,0,0,0,0,0,0,0,0,0
2018,서울특별시 영등포구8,서울특별시 영등포구 대림동(한사랑한의원 부근),2018-04-05 21:00:00,0,1,66.0,4,1,43.0,0,1,0,5,0,0,0,0,0,0,0,1,0,0,0,0,0,0,0,0,0,0,0,0,0,0,0,0,1,0,0,0,0,0,0,0,0,0,0,0,1,0,0,0,0,0,0,0,0,0,0,0,0,0,0,0,0,0,0,1,0,0,0,0,0,0,0
2018,서울특별시 영등포구8,서울특별시 영등포구 대림동(한사랑한의원 부근),2018-06-18 19:00:00,2,1,56.0,2,1,20.0,4,0,0,5,0,0,0,0,0,0,0,0,0,0,1,0,0,0,0,0,0,0,0,0,0,0,0,1,0,0,0,0,0,0,0,0,0,0,0,0,0,0,1,0,0,0,0,0,0,0,0,0,0,0,0,0,0,0,0,1,0,0,0,0,0,0,0
2018,서울특별시 영등포구8,서울특별시 영등포구 대림동(한사랑한의원 부근),2018-07-16 12:00:00,0,0,49.0,0,1,57.0,4,0,0,5,0,0,0,0,0,0,0,0,0,0,1,0,0,0,0,0,0,0,0,1,0,0,0,0,0,0,0,0,0,0,0,0,0,0,0,0,0,0,1,0,0,0,0,0,0,0,0,0,0,0,0,0,0,0,0,1,0,0,0,0,0,0,0
2018,서울특별시 영등포구8,서울특별시 영등포구 대림동(한사랑한의원 부근),2018-09-29 09:00:00,0,1,73.0,0,0,31.0,4,0,0,5,0,0,0,0,0,0,0,0,0,0,1,0,0,0,0,0,0,0,0,1,0,0,0,0,0,0,0,0,0,0,0,0,0,0,0,0,0,0,1,0,0,0,0,0,0,0,0,0,0,0,0,0,0,0,0,1,0,0,0,0,0,0,0
2018,서울특별시 영등포구8,서울특별시 영등포구 대림동(한사랑한의원 부근),2018-11-21 20:00:00,0,1,57.0,0,1,50.0,4,0,0,5,0,0,0,0,0,0,0,0,0,0,1,0,0,0,0,0,0,0,0,1,0,0,0,0,0,0,0,0,0,0,0,0,0,0,0,0,0,0,1,0,0,0,0,0,0,0,0,0,0,0,0,0,0,0,0,1,0,0,0,0,0,0,0
2018,서울특별시 영등포구9,서울특별시 영등포구 문래동3가(홈플러스영등포점 부근),2018-01-05 00:00:00,2,0,24.0,2,1,40.0,4,0,0,5,0,0,0,0,0,0,0,0,0,0,1,0,0,0,0,0,0,0,0,1,0,0,0,0,0,0,0,0,0,0,1,0,0,0,0,0,0,0,0,0,0,0,0,0,0,0,0,0,0,0,0,0,0,0,0,1,0,0,0,0,0,0,0
2018,서울특별시 영등포구9,서울특별시 영등포구 문래동3가(홈플러스영등포점 부근),2018-01-18 08:00:00,0,1,45.0,0,1,34.0,4,0,0,5,0,0,0,0,0,0,0,0,0,0,1,0,0,0,0,0,0,0,0,1,0,0,0,0,0,0,0,0,0,0,0,0,0,0,0,0,0,0,1,0,0,0,0,0,0,0,0,0,0,1,0,0,0,0,0,0,0,0,0,0,0,0,0
2018,서울특별시 영등포구9,서울특별시 영등포구 문래동3가(홈플러스영등포점 부근),2018-05-16 21:00:00,0,1,66.0,4,0,63.0,0,1,0,5,0,0,0,0,0,0,1,0,0,0,0,0,0,0,0,0,0,0,0,0,0,0,0,0,1,0,0,0,0,0,0,0,0,0,0,0,0,0,1,0,0,0,0,0,0,0,0,0,0,1,0,0,0,0,0,0,0,0,0,0,0,0,0
2018,서울특별시 영등포구9,서울특별시 영등포구 문래동3가(홈플러스영등포점 부근),2018-09-18 08:00:00,0,1,14.0,0,1,53.0,4,0,0,5,0,0,0,0,0,0,0,0,0,0,1,0,0,0,0,0,0,0,0,1,0,0,0,0,0,0,0,0,0,0,0,0,0,0,0,0,0,0,1,0,0,0,0,0,0,0,0,0,0,1,0,0,0,0,0,0,0,0,0,0,0,0,0
2018,서울특별시 영등포구9,서울특별시 영등포구 문래동3가(홈플러스영등포점 부근),2018-10-13 21:00:00,0,1,67.0,4,1,18.0,0,0,0,5,0,0,0,0,0,0,1,0,0,0,0,0,0,0,0,0,0,0,0,0,0,0,0,0,1,0,0,0,0,0,0,0,0,0,0,0,0,0,1,0,0,0,0,0,0,0,0,0,0,0,0,0,0,0,0,1,0,0,0,0,0,0,0
2018,서울특별시 영등포구10,서울특별시 영등포구 영등포동4가(청과시장입구 부근),2018-07-12 06:00:00,0,1,60.0,4,1,70.0,0,0,1,3,0,0,0,0,0,0,1,0,0,0,0,0,0,0,0,0,0,0,0,0,0,0,0,0,1,0,0,0,0,0,0,0,0,0,0,0,0,0,1,0,0,0,0,0,0,0,0,0,0,0,0,0,0,0,0,1,0,0,0,0,0,0,0
2018,서울특별시 영등포구10,서울특별시 영등포구 영등포동4가(청과시장입구 부근),2018-07-20 11:00:00,3,1,44.0,4,0,54.0,3,0,1,3,0,1,0,0,0,0,0,0,0,0,0,0,0,0,0,0,0,0,0,0,0,0,0,0,1,0,0,0,0,0,0,0,0,0,0,0,0,0,1,0,0,0,0,0,0,0,0,0,0,0,0,0,0,0,0,1,0,0,0,0,0,0,0
2018,서울특별시 영등포구10,서울특별시 영등포구 영등포동4가(청과시장입구 부근),2018-07-23 21:00:00,0,1,45.0,0,1,68.0,4,0,1,3,0,0,0,0,0,0,0,0,0,0,1,0,0,0,0,0,0,0,0,1,0,0,0,0,0,0,0,0,0,0,1,0,0,0,0,0,0,0,0,0,0,0,0,0,0,0,0,0,0,0,0,0,0,0,0,1,0,0,0,0,0,0,0
2018,서울특별시 영등포구10,서울특별시 영등포구 영등포동4가(청과시장입구 부근),2018-10-02 07:00:00,0,1,37.0,0,1,25.0,4,0,1,3,0,0,0,0,0,0,0,0,0,0,1,0,0,0,0,0,0,0,0,1,0,0,0,0,0,0,0,0,0,0,0,0,0,0,0,0,0,0,1,0,0,0,0,0,0,0,0,0,0,1,0,0,0,0,0,0,0,0,0,0,0,0,0
2018,서울특별시 영등포구11,서울특별시 영등포구 여의도동(한강조망대 부근),2018-06-23 08:00:00,1,1,54.0,4,1,57.0,1,0,0,4,0,0,0,0,0,0,1,0,0,0,0,0,0,0,0,0,0,0,0,0,0,0,0,0,1,0,0,0,0,0,0,0,0,0,0,0,0,0,1,0,0,0,0,0,0,0,0,0,0,0,0,0,0,0,0,1,0,0,0,0,0,0,0
2018,서울특별시 영등포구11,서울특별시 영등포구 여의도동(한강조망대 부근),2018-07-08 22:00:00,1,1,13.0,4,1,42.0,1,0,0,4,0,0,0,0,0,0,0,0,0,0,1,0,0,0,0,0,0,0,0,0,0,0,0,0,1,0,0,0,0,0,0,0,0,0,0,0,0,0,1,0,0,0,0,0,0,0,0,0,0,1,0,0,0,0,0,0,0,0,0,0,0,0,0
2018,서울특별시 영등포구11,서울특별시 영등포구 여의도동(한강조망대 부근),2018-09-07 18:00:00,0,1,10.0,5,1,43.0,0,0,0,4,0,0,0,0,0,0,0,0,0,0,1,0,0,0,0,0,0,0,0,0,0,0,0,0,1,0,0,0,0,0,0,0,0,0,0,0,0,0,1,0,0,0,0,0,0,0,0,0,0,0,0,0,0,0,0,1,0,0,0,0,0,0,0
2018,서울특별시 영등포구11,서울특별시 영등포구 여의도동(한강조망대 부근),2018-09-10 16:00:00,0,1,30.0,0,1,69.0,4,0,0,4,0,0,0,0,0,0,0,0,0,0,1,0,0,0,0,0,0,0,0,0,0,0,0,0,1,0,0,0,0,0,0,0,0,0,0,0,0,0,1,0,0,0,0,0,0,0,0,0,0,1,0,0,0,0,0,0,0,0,0,0,0,0,0
2018,서울특별시 영등포구12,서울특별시 영등포구 여의도동(여의도한강공원서울색공원입구 부근),2018-04-08 14:00:00,0,1,18.0,4,0,17.0,0,1,0,6,0,0,0,0,0,0,0,0,0,0,1,0,0,0,0,0,1,0,0,0,0,0,0,0,0,0,0,0,0,0,0,0,0,0,0,0,0,0,1,0,0,0,0,0,0,0,0,0,1,0,0,0,0,0,0,0,0,0,0,0,0,0,0
2018,서울특별시 영등포구12,서울특별시 영등포구 여의도동(여의도한강공원서울색공원입구 부근),2018-06-06 22:00:00,1,1,32.0,1,1,20.0,4,0,0,6,0,0,0,0,0,0,0,0,0,0,1,0,0,0,0,0,1,0,0,0,0,0,0,0,0,0,0,0,0,0,0,0,0,0,0,0,0,0,1,0,0,0,0,0,1,0,0,0,0,0,0,0,0,0,0,0,0,0,0,0,0,0,0
2018,서울특별시 영등포구12,서울특별시 영등포구 여의도동(여의도한강공원서울색공원입구 부근),2018-07-25 22:00:00,0,1,37.0,2,0,16.0,0,0,0,6,0,0,0,0,0,0,0,0,0,0,1,0,0,0,0,0,1,0,0,0,0,0,0,0,0,0,0,0,0,0,0,0,0,0,0,0,0,0,1,0,0,0,0,0,1,0,0,0,0,0,0,0,0,0,0,0,0,0,0,0,0,0,0
2018,서울특별시 영등포구12,서울특별시 영등포구 여의도동(여의도한강공원서울색공원입구 부근),2018-08-15 07:00:00,0,1,58.0,4,1,41.0,0,0,0,6,0,0,0,0,0,0,0,0,0,0,0,0,1,0,0,0,0,0,0,0,0,0,0,0,1,0,0,0,0,0,0,0,0,0,0,0,0,0,1,0,0,0,0,0,0,0,0,0,0,0,0,0,0,0,0,1,0,0,0,0,0,0,0
2018,서울특별시 영등포구13,서울특별시 영등포구 당산동2가(영등포유통상가사거리 부근),2018-02-19 11:00:00,0,1,36.0,4,1,63.0,0,0,0,4,0,0,0,0,0,0,0,0,0,0,0,0,1,0,0,0,0,0,0,0,0,0,0,0,1,0,0,0,0,0,0,0,0,0,0,1,0,0,0,0,0,0,0,0,0,0,0,0,0,0,0,0,0,0,0,1,0,0,0,0,0,0,0
2018,서울특별시 영등포구13,서울특별시 영등포구 당산동2가(영등포유통상가사거리 부근),2018-03-23 08:00:00,0,0,71.0,0,1,37.0,5,0,0,4,0,0,0,0,0,0,0,0,0,0,1,0,0,0,0,0,0,0,0,1,0,0,0,0,0,0,0,0,0,0,0,0,0,0,0,0,0,0,1,0,0,0,0,0,0,0,0,0,0,0,0,0,0,0,0,1,0,0,0,0,0,0,0
2018,서울특별시 영등포구13,서울특별시 영등포구 당산동2가(영등포유통상가사거리 부근),2018-06-09 18:00:00,2,0,14.0,2,0,59.0,4,0,0,4,0,0,0,0,0,0,0,0,0,0,1,0,0,0,0,0,0,0,0,1,0,0,0,0,0,0,0,0,0,0,0,0,0,0,0,0,0,0,1,0,0,0,0,0,0,0,0,0,0,0,0,0,0,0,0,1,0,0,0,0,0,0,0
2018,서울특별시 영등포구13,서울특별시 영등포구 당산동2가(영등포유통상가사거리 부근),2018-09-08 07:00:00,1,1,59.0,4,0,80.0,1,0,0,4,0,0,0,0,0,0,1,0,0,0,0,0,0,0,0,0,0,0,0,0,0,0,0,0,1,0,0,0,0,0,0,0,0,0,0,0,0,0,1,0,0,0,0,0,0,0,0,0,0,0,0,0,0,0,0,1,0,0,0,0,0,0,0
2018,서울특별시 동작구1,서울특별시 동작구 사당동(파리바게뜨 이수역자이점 부근),2018-01-17 19:00:00,2,1,61.0,2,1,70.0,4,0,0,8,0,0,0,0,0,0,0,0,0,0,1,0,0,0,0,0,0,0,0,1,0,0,0,0,0,0,0,0,0,0,1,0,0,0,0,0,0,0,0,0,0,0,0,0,0,0,0,0,0,0,0,0,0,0,0,1,0,0,0,0,0,0,0
2018,서울특별시 동작구1,서울특별시 동작구 사당동(파리바게뜨 이수역자이점 부근),2018-04-04 10:00:00,0,1,50.0,0,1,27.0,4,0,0,8,0,0,0,0,0,0,0,0,0,0,1,0,0,0,0,0,0,0,0,1,0,0,0,0,0,0,0,0,0,0,1,0,0,0,0,0,0,0,0,0,0,0,0,0,0,0,0,0,0,0,0,0,0,0,0,1,0,0,0,0,0,0,0
2018,서울특별시 동작구1,서울특별시 동작구 사당동(파리바게뜨 이수역자이점 부근),2018-06-19 17:00:00,2,1,22.0,2,1,65.0,4,0,0,8,0,0,0,0,0,0,0,0,0,0,1,0,0,0,0,0,0,0,0,1,0,0,0,0,0,0,0,0,0,0,0,0,0,0,0,0,1,0,0,0,0,0,0,0,0,0,0,0,0,0,0,1,0,0,0,0,0,0,0,0,0,0,0
2018,서울특별시 동작구1,서울특별시 동작구 사당동(파리바게뜨 이수역자이점 부근),2018-08-01 11:00:00,0,1,26.0,4,1,75.0,0,0,0,8,0,0,0,0,0,0,0,0,0,1,0,0,0,0,0,0,0,0,0,0,0,0,0,0,1,0,0,0,0,0,0,0,0,0,0,0,0,0,1,0,0,0,0,0,0,0,0,0,0,0,1,0,0,0,0,0,0,0,0,0,0,0,0
2018,서울특별시 동작구1,서울특별시 동작구 사당동(파리바게뜨 이수역자이점 부근),2018-09-19 18:00:00,1,1,49.0,4,1,69.0,1,0,0,8,0,0,0,0,0,0,0,0,0,0,1,0,0,0,0,0,1,0,0,0,0,0,0,0,0,0,0,0,0,0,0,0,0,0,0,0,0,0,1,0,0,0,0,0,0,1,0,0,0,0,0,0,0,0,0,0,0,0,0,0,0,0,0