사고년도,다발시군구,지점명,사고일시,사고등급,가해자성별,가해자연령,가해자신체상해정도,피해자성별,피해자연령,피해자신체상해정도,기상상태,사망자수,부상자수,가해차종_개인형이동수단(PM),가해차종_건설기계,가해차종_기타,가해차종_농기계,가해차종_불명,가해차종_사륜오토바이(ATV),가해차종_승용차,가해차종_승합차,가해차종_원동기장치자전거,가해차종_이륜차,가해차종_자전거,가해차종_특수차,가해차종_화물차,피해차종_개인형이동수단(PM),피해차종_건설기계,피해차종_기타,피해차종_보행자,피해차종_불명,피해차종_사륜오토바이(ATV),피해차종_승용차,피해차종_승합차,피해차종_없음,피해차종_원동기장치자전거,피해차종_이륜차,피해차종_자전거,피해차종_특수차,피해차종_화물차,가해자법규위반_과속,가해자법규위반_교차로 통행방법 위반,가해자법규위반_교차로운행방법위반,가해자법규위반_기타,가해자법규위반_미분류,가해자법규위반_보행자 보호의무 위반,가해자법규위반_보행자보호의무위반,가해자법규위반_불법유턴,가해자법규위반_신호위반,가해자법규위반_안전거리 미확보,가해자법규위반_안전거리미확보,가해자법규위반_안전운전 의무 불이행,가해자법규위반_안전운전불이행,가해자법규위반_중앙선 침범,가해자법규위반_중앙선침범,가해자법규위반_직진우회전진행방해,가해자법규위반_차로위반,사고유형_차대사람 - 기타,사고유형_차대사람 - 길가장자리구역통행중,사고유형_차대사람 - 보도통행중,사고유형_차대사람 - 차도통행중,사고유형_차대사람 - 횡단중,사고유형_차대차 - 기타,사고유형_차대차 - 정면충돌,사고유형_차대차 - 추돌,사고유형_차대차 - 추돌 - 주정차중,사고유형_차대차 - 추돌 - 진행중,사고유형_차대차 - 측면직각충돌,사고유형_차대차 - 측면충돌,사고유형_차대차 - 후진중충돌,사고유형_차량단독 - 공작물충돌,사고유형_차량단독 - 기타,사고유형_차량단독 - 도로외이탈 - 추락,사고유형_차량단독 - 전도,사고유형_차량단독 - 전도전복,사고유형_차량단독 - 전도전복 - 전도
2018,대구광역시 달서구2,대구광역시 달서구 상인동(생고기대학교 상인점 부근),2018-12-21 08:00:00,1,1,63.0,4,1,26.0,1,0,0,7,0,0,0,0,0,0,0,0,0,0,0,0,1,0,0,0,0,0,0,0,0,0,0,0,1,0,0,0,0,0,0,0,0,0,0,0,0,0,1,0,0,0,0,0,0,0,0,0,0,0,0,0,0,0,0,1,0,0,0,0,0,0,0
2018,대구광역시 달서구3,대구광역시 달서구 성당동(할리스커피 대구두류공원점 부근),2018-01-15 09:00:00,1,1,61.0,4,1,75.0,1,0,0,6,0,0,0,0,0,0,0,0,0,0,0,0,1,0,0,0,0,0,0,0,0,0,0,0,1,0,0,0,0,0,0,0,0,0,0,1,0,0,0,0,0,0,0,0,0,0,0,0,0,0,0,0,0,0,0,1,0,0,0,0,0,0,0
2018,대구광역시 달서구3,대구광역시 달서구 성당동(할리스커피 대구두류공원점 부근),2018-03-18 07:00:00,2,0,61.0,4,1,52.0,2,0,0,6,0,0,0,0,0,0,1,0,0,0,0,0,0,0,0,0,0,0,0,0,0,0,0,0,1,0,0,0,0,0,0,0,0,0,0,0,0,0,1,0,0,0,0,0,0,0,0,0,0,0,1,0,0,0,0,0,0,0,0,0,0,0,0
2018,대구광역시 달서구3,대구광역시 달서구 성당동(할리스커피 대구두류공원점 부근),2018-04-13 13:00:00,1,1,58.0,4,1,82.0,1,0,0,6,0,0,0,0,0,0,1,0,0,0,0,0,0,0,0,0,0,0,0,0,0,0,0,0,1,0,0,0,0,0,0,0,0,0,0,0,0,0,1,0,0,0,0,0,0,0,0,0,0,0,0,0,0,0,0,1,0,0,0,0,0,0,0
2018,대구광역시 달서구3,대구광역시 달서구 성당동(할리스커피 대구두류공원점 부근),2018-04-28 15:00:00,0,1,9.0,4,0,42.0,0,0,0,6,0,0,0,0,0,0,0,0,0,0,1,0,0,0,0,0,1,0,0,0,0,0,0,0,0,0,0,0,0,0,0,0,0,0,0,0,0,0,1,0,0,0,0,0,1,0,0,0,0,0,0,0,0,0,0,0,0,0,0,0,0,0,0
2018,대구광역시 달서구3,대구광역시 달서구 성당동(할리스커피 대구두류공원점 부근),2018-09-27 17:00:00,0,1,74.0,0,1,46.0,4,0,0,6,0,0,0,0,0,0,0,0,0,0,1,0,0,0,0,0,1,0,0,0,0,0,0,0,0,0,0,0,0,0,1,0,0,0,0,0,0,0,0,0,0,0,0,0,0,0,1,0,0,0,0,0,0,0,0,0,0,0,0,0,0,0,0
2018,대구광역시 달서구3,대구광역시 달서구 성당동(할리스커피 대구두류공원점 부근),2018-10-21 18:00:00,0,1,56.0,0,1,37.0,4,0,0,6,0,0,0,0,0,0,0,0,0,0,1,0,0,0,0,0,0,0,0,1,0,0,0,0,0,0,0,0,0,0,1,0,0,0,0,0,0,0,0,0,0,0,0,0,0,0,0,0,0,0,0,0,0,0,0,1,0,0,0,0,0,0,0
2018,대구광역시 달서구4,대구광역시 달서구 두류동(이월드입구 부근),2018-06-21 17:00:00,0,1,60.0,4,1,58.0,0,0,0,6,0,0,0,0,0,0,1,0,0,0,0,0,0,0,0,0,0,0,0,0,0,0,0,0,1,0,0,0,0,0,0,0,0,0,0,0,0,0,1,0,0,0,0,0,0,0,0,0,0,0,0,0,0,0,0,1,0,0,0,0,0,0,0
2018,대구광역시 달서구4,대구광역시 달서구 두류동(이월드입구 부근),2018-07-14 21:00:00,1,0,33.0,4,1,56.0,1,0,0,6,1,0,0,0,0,0,0,0,0,0,0,0,0,0,0,0,0,0,0,0,0,0,0,0,1,0,0,0,0,0,0,0,0,0,0,0,0,0,1,0,0,0,0,0,0,0,0,0,0,0,0,1,0,0,0,0,0,0,0,0,0,0,0
2018,대구광역시 달서구4,대구광역시 달서구 두류동(이월드입구 부근),2018-09-06 07:00:00,0,0,39.0,4,1,69.0,0,0,0,6,0,0,0,0,0,0,1,0,0,0,0,0,0,0,0,0,0,0,0,0,0,0,0,0,1,0,0,0,0,0,0,0,0,0,0,0,0,0,1,0,0,0,0,0,0,0,0,0,0,0,0,0,0,0,0,1,0,0,0,0,0,0,0
2018,대구광역시 달서구4,대구광역시 달서구 두류동(이월드입구 부근),2018-09-16 11:00:00,0,1,24.0,0,1,37.0,4,0,0,6,0,0,0,0,0,0,0,0,0,0,1,0,0,0,0,0,0,0,0,1,0,0,0,0,0,0,0,0,0,0,0,0,0,0,0,0,1,0,0,0,0,0,0,0,0,0,0,0,0,0,0,1,0,0,0,0,0,0,0,0,0,0,0
2018,대구광역시 달서구4,대구광역시 달서구 두류동(이월드입구 부근),2018-10-13 18:00:00,0,2,47.74785772029103,5,1,17.0,0,0,0,6,0,0,0,0,1,0,0,0,0,0,0,0,0,0,0,0,0,0,0,0,0,0,0,0,1,0,0,0,0,0,0,0,0,0,0,0,0,0,1,0,0,0,0,0,0,0,0,0,0,0,0,1,0,0,0,0,0,0,0,0,0,0,0
2018,대구광역시 달서구4,대구광역시 달서구 두류동(이월드입구 부근),2018-11-13 14:00:00,0,0,45.0,4,1,75.0,0,0,0,6,0,0,0,0,0,0,0,0,0,0,0,0,1,0,0,0,0,0,0,0,0,0,0,0,1,0,0,0,1,0,0,0,0,0,0,0,0,0,0,0,0,0,0,0,0,0,0,0,0,0,0,0,0,0,0,1,0,0,0,0,0,0,0
2018,대구광역시 달서구5,대구광역시 달서구 송현동(서부정류장역 부근),2018-02-27 10:00:00,1,0,60.0,4,1,74.0,1,0,0,5,0,0,0,0,0,0,1,0,0,0,0,0,0,0,0,0,0,0,0,0,0,0,0,0,1,0,0,0,0,0,0,0,0,0,0,0,0,0,1,0,0,0,0,0,0,0,0,0,0,0,0,0,0,0,0,1,0,0,0,0,0,0,0
2018,대구광역시 달서구5,대구광역시 달서구 송현동(서부정류장역 부근),2018-07-24 06:00:00,0,1,59.0,4,1,40.0,0,0,0,5,0,0,0,0,0,0,1,0,0,0,0,0,0,0,0,0,0,0,0,0,0,0,0,0,1,0,0,0,0,0,1,0,0,0,0,0,0,0,0,0,0,0,0,0,0,0,0,0,0,0,0,0,0,0,0,1,0,0,0,0,0,0,0
2018,대구광역시 달서구5,대구광역시 달서구 송현동(서부정류장역 부근),2018-07-28 15:00:00,2,0,50.0,4,1,50.0,2,0,0,5,0,0,0,0,0,0,1,0,0,0,0,0,0,0,0,0,0,0,0,0,0,0,0,0,1,0,0,0,0,0,0,0,0,0,0,0,0,0,1,0,0,0,0,0,0,0,0,0,0,0,0,0,0,0,0,1,0,0,0,0,0,0,0
2018,대구광역시 달서구5,대구광역시 달서구 송현동(서부정류장역 부근),2018-11-11 04:00:00,0,1,59.0,4,0,48.0,0,0,0,5,0,0,0,0,0,0,1,0,0,0,0,0,0,0,0,0,0,0,0,0,0,0,0,0,1,0,0,0,0,0,0,0,0,0,0,0,0,0,1,0,0,0,0,0,0,0,0,0,0,0,0,0,0,0,0,1,0,0,0,0,0,0,0
2018,대구광역시 달서구5,대구광역시 달서구 송현동(서부정류장역 부근),2018-12-24 22:00:00,0,1,19.0,4,0,61.0,0,0,0,5,0,0,0,0,0,0,0,0,1,0,0,0,0,0,0,0,0,0,0,0,0,0,0,0,1,0,0,0,0,0,0,0,0,0,0,0,0,0,1,0,0,0,0,0,0,0,0,0,0,0,0,0,0,0,0,1,0,0,0,0,0,0,0
2018,대구광역시 달서구6,대구광역시 달서구 상인동(상인프라자입구 부근),2018-03-13 20:00:00,1,2,47.74785772029103,5,1,70.0,1,0,0,4,0,0,0,0,1,0,0,0,0,0,0,0,0,0,0,0,0,0,0,0,0,0,0,0,1,0,0,0,0,0,0,0,0,0,0,0,0,0,1,0,0,0,0,0,0,0,0,0,0,0,0,0,0,0,0,1,0,0,0,0,0,0,0
2018,대구광역시 달서구6,대구광역시 달서구 상인동(상인프라자입구 부근),2018-04-28 12:00:00,1,1,38.0,4,1,44.0,1,0,0,4,0,0,0,0,0,0,0,0,0,1,0,0,0,0,0,0,0,0,0,0,0,0,0,0,1,0,0,0,0,0,0,0,0,0,0,1,0,0,0,0,0,0,0,0,0,0,0,0,0,0,0,0,0,0,0,1,0,0,0,0,0,0,0
2018,대구광역시 달서구6,대구광역시 달서구 상인동(상인프라자입구 부근),2018-05-31 08:00:00,0,0,28.0,4,1,34.0,0,0,0,4,0,0,0,0,0,0,1,0,0,0,0,0,0,0,0,0,0,0,0,0,0,0,0,0,1,0,0,0,0,0,0,0,0,0,0,0,0,0,1,0,0,0,0,0,0,0,0,0,0,0,0,0,0,0,0,1,0,0,0,0,0,0,0
2018,대구광역시 달서구6,대구광역시 달서구 상인동(상인프라자입구 부근),2018-07-20 17:00:00,0,1,38.0,4,1,37.0,0,0,0,4,0,0,0,0,0,0,1,0,0,0,0,0,0,0,0,0,0,0,0,0,0,0,0,0,1,0,0,0,0,0,0,0,0,0,0,0,0,0,1,0,0,0,0,0,0,0,0,0,0,0,0,0,0,0,0,1,0,0,0,0,0,0,0
2018,대구광역시 달서구7,대구광역시 달서구 본동(부림해물손칼국수 부근),2018-04-09 18:00:00,0,0,47.0,4,1,12.0,0,0,0,4,0,0,0,0,0,0,1,0,0,0,0,0,0,0,0,0,0,0,0,0,0,0,0,0,1,0,0,0,0,0,0,0,0,0,0,0,0,0,1,0,0,0,0,0,0,0,0,0,0,0,0,0,0,0,0,1,0,0,0,0,0,0,0
2018,대구광역시 달서구7,대구광역시 달서구 본동(부림해물손칼국수 부근),2018-06-22 16:00:00,0,0,50.0,4,1,69.0,0,0,0,4,0,0,0,0,0,0,1,0,0,0,0,0,0,0,0,0,0,0,0,0,0,0,0,0,1,0,0,0,0,0,0,0,0,0,0,0,0,0,1,0,0,0,0,0,0,0,0,0,0,0,0,0,0,0,0,1,0,0,0,0,0,0,0
2018,대구광역시 달서구7,대구광역시 달서구 본동(부림해물손칼국수 부근),2018-08-08 06:00:00,1,0,82.0,1,1,59.0,5,0,0,4,0,0,0,0,0,0,0,0,0,0,1,0,0,0,0,0,0,0,0,1,0,0,0,0,0,0,0,0,0,0,0,0,0,0,0,0,0,0,1,0,0,0,0,0,0,0,0,0,0,1,0,0,0,0,0,0,0,0,0,0,0,0,0
2018,대구광역시 달서구7,대구광역시 달서구 본동(부림해물손칼국수 부근),2018-09-12 17:00:00,0,1,78.0,4,1,45.0,0,0,0,4,0,0,0,0,0,0,1,0,0,0,0,0,0,0,0,0,0,0,0,0,0,0,0,0,1,0,0,0,0,0,0,0,0,0,0,0,0,0,1,0,0,0,0,0,0,0,0,0,0,0,0,0,0,0,0,1,0,0,0,0,0,0,0
2018,대구광역시 달서구8,대구광역시 달서구 도원동(월곡네거리 부근),2018-05-10 14:00:00,0,1,48.0,4,1,68.0,0,0,0,4,0,0,0,0,0,0,1,0,0,0,0,0,0,0,0,0,0,0,0,0,0,0,0,0,1,0,0,0,0,0,0,0,0,0,0,0,0,0,1,0,0,0,0,0,0,0,0,0,0,1,0,0,0,0,0,0,0,0,0,0,0,0,0
2018,대구광역시 달서구8,대구광역시 달서구 도원동(월곡네거리 부근),2018-08-02 17:00:00,0,1,57.0,4,1,72.0,0,0,0,4,0,0,0,0,0,0,1,0,0,0,0,0,0,0,0,0,0,0,0,0,0,0,0,0,1,0,0,0,0,0,0,0,0,0,0,0,0,0,1,0,0,0,0,0,0,0,0,0,0,0,0,0,0,0,0,1,0,0,0,0,0,0,0
2018,대구광역시 달서구8,대구광역시 달서구 도원동(월곡네거리 부근),2018-08-12 03:00:00,1,1,33.0,1,1,31.0,4,0,0,4,0,0,0,0,0,0,0,0,0,0,1,0,0,0,0,0,0,0,0,1,0,0,0,0,0,0,0,0,0,0,0,0,0,0,0,0,0,0,1,0,0,0,0,0,0,0,0,0,0,0,0,0,0,0,0,1,0,0,0,0,0,0,0
2018,대구광역시 달서구8,대구광역시 달서구 도원동(월곡네거리 부근),2018-08-31 22:00:00,0,1,23.0,4,0,59.0,0,0,0,4,0,0,0,0,0,0,1,0,0,0,0,0,0,0,0,0,0,0,0,0,0,0,0,0,1,0,0,0,0,0,0,0,0,0,0,1,0,0,0,0,0,0,0,0,0,0,0,0,0,0,1,0,0,0,0,0,0,0,0,0,0,0,0
2018,대구광역시 달서구9,대구광역시 달서구 진천동(가야해물찜추어탕 부근),2018-01-09 13:00:00,0,2,47.74785772029103,5,1,48.0,0,0,0,4,0,0,0,0,1,0,0,0,0,0,0,0,0,0,0,0,0,0,0,0,0,0,0,0,1,0,0,0,0,0,0,0,0,0,0,0,0,0,1,0,0,0,0,0,0,0,0,0,0,1,0,0,0,0,0,0,0,0,0,0,0,0,0
2018,대구광역시 달서구9,대구광역시 달서구 진천동(가야해물찜추어탕 부근),2018-05-28 09:00:00,0,1,30.0,4,1,71.0,0,0,0,4,0,0,0,0,0,0,1,0,0,0,0,0,0,0,0,0,0,0,0,0,0,0,0,0,1,0,0,0,0,0,1,0,0,0,0,0,0,0,0,0,0,0,0,0,0,0,0,0,0,0,0,0,0,0,0,1,0,0,0,0,0,0,0
2018,대구광역시 달서구9,대구광역시 달서구 진천동(가야해물찜추어탕 부근),2018-08-30 18:00:00,1,1,54.0,4,0,61.0,1,0,0,4,0,0,0,0,0,0,0,0,0,0,0,0,1,0,0,0,0,0,0,0,0,0,0,0,1,0,0,0,1,0,0,0,0,0,0,0,0,0,0,0,0,0,0,0,0,0,0,0,0,1,0,0,0,0,0,0,0,0,0,0,0,0,0
2018,대구광역시 달서구9,대구광역시 달서구 진천동(가야해물찜추어탕 부근),2018-11-10 11:00:00,0,1,77.0,4,0,69.0,0,0,0,4,0,0,0,0,0,0,1,0,0,0,0,0,0,0,0,0,0,0,0,0,0,0,0,0,1,0,0,0,0,0,0,0,1,0,0,0,0,0,0,0,0,0,0,0,0,0,0,0,0,1,0,0,0,0,0,0,0,0,0,0,0,0,0
2018,대구광역시 달서구10,대구광역시 달서구 이곡동(스타벅스 대구성서IC DT점 부근),2018-05-23 18:00:00,1,1,59.0,5,0,30.0,1,0,0,4,0,0,0,0,0,0,1,0,0,0,0,0,0,0,0,0,0,0,0,0,0,0,0,0,1,0,0,0,0,0,0,0,0,0,0,1,0,0,0,0,0,0,0,0,0,0,0,0,0,0,0,0,0,0,0,1,0,0,0,0,0,0,0
2018,대구광역시 달서구10,대구광역시 달서구 이곡동(스타벅스 대구성서IC DT점 부근),2018-07-17 21:00:00,0,0,65.0,4,1,14.0,0,0,0,4,0,0,0,0,0,0,1,0,0,0,0,0,0,0,0,0,0,0,0,0,0,0,0,0,1,0,0,0,0,0,0,0,0,0,0,1,0,0,0,0,0,0,0,0,0,0,0,0,0,0,0,0,0,0,0,1,0,0,0,0,0,0,0
2018,대구광역시 달서구10,대구광역시 달서구 이곡동(스타벅스 대구성서IC DT점 부근),2018-11-22 15:00:00,0,1,62.0,4,1,74.0,0,0,0,4,0,0,0,0,0,0,0,0,0,0,0,0,1,0,0,0,0,0,0,0,0,0,0,0,1,0,0,0,0,0,0,0,0,0,0,0,0,0,1,0,0,0,0,0,0,0,0,0,0,0,0,0,0,0,0,1,0,0,0,0,0,0,0
2018,대구광역시 달서구10,대구광역시 달서구 이곡동(스타벅스 대구성서IC DT점 부근),2018-11-29 06:00:00,0,1,40.0,4,1,46.0,0,0,0,4,0,0,0,0,0,0,1,0,0,0,0,0,0,0,0,0,0,0,0,0,0,0,0,0,1,0,0,0,0,0,0,0,0,0,0,0,0,0,1,0,0,0,0,0,0,0,0,0,0,1,0,0,0,0,0,0,0,0,0,0,0,0,0
2018,대구광역시 달서구11,대구광역시 달서구 진천동(차량기지교차로 부근),2018-01-18 10:00:00,0,0,73.0,0,0,55.0,4,0,0,4,0,0,0,0,0,0,0,0,0,0,1,0,0,0,0,0,0,0,0,1,0,0,0,0,0,0,0,0,0,0,1,0,0,0,0,0,0,0,0,0,0,0,0,0,0,0,0,0,0,0,0,0,0,0,0,1,0,0,0,0,0,0,0
2018,대구광역시 달서구11,대구광역시 달서구 진천동(차량기지교차로 부근),2018-04-01 19:00:00,0,0,49.0,4,1,55.0,0,0,0,4,0,0,0,0,0,0,1,0,0,0,0,0,0,0,0,0,0,0,0,0,0,0,0,0,1,0,0,0,0,0,0,0,0,0,0,0,0,0,1,0,0,0,0,0,0,0,0,0,0,0,0,0,0,0,0,1,0,0,0,0,0,0,0
2018,대구광역시 달서구11,대구광역시 달서구 진천동(차량기지교차로 부근),2018-06-15 20:00:00,0,1,12.0,0,1,44.0,4,0,0,4,0,0,0,0,0,0,0,0,0,0,1,0,0,0,0,0,0,0,0,1,0,0,0,0,0,0,0,0,0,0,0,0,0,0,0,0,0,0,1,0,0,0,0,0,0,0,0,0,0,1,0,0,0,0,0,0,0,0,0,0,0,0,0
2018,대구광역시 달서구11,대구광역시 달서구 진천동(차량기지교차로 부근),2018-08-14 15:00:00,0,1,10.0,0,1,48.0,4,0,0,4,0,0,0,0,0,0,0,0,0,0,1,0,0,0,0,0,0,0,0,1,0,0,0,0,0,0,0,0,0,0,1,0,0,0,0,0,0,0,0,0,0,0,0,0,0,0,0,0,0,0,1,0,0,0,0,0,0,0,0,0,0,0,0
2018,인천광역시 미추홀구1,인천광역시 미추홀구 주안동(남인천새마을금고 중앙지점 부근),2018-06-30 16:00:00,0,1,27.0,4,0,76.0,0,0,0,4,0,0,0,0,0,0,1,0,0,0,0,0,0,0,0,0,0,0,0,0,0,0,0,0,1,0,0,0,0,0,0,0,0,0,0,0,0,0,1,0,0,0,0,0,0,0,0,0,0,1,0,0,0,0,0,0,0,0,0,0,0,0,0
2018,인천광역시 미추홀구1,인천광역시 미추홀구 주안동(남인천새마을금고 중앙지점 부근),2018-07-05 11:00:00,1,1,47.0,4,1,73.0,1,0,0,4,0,0,0,0,0,0,0,1,0,0,0,0,0,0,0,0,0,0,0,0,0,0,0,0,1,0,0,0,0,0,0,0,0,0,0,0,0,0,1,0,0,0,0,0,0,0,0,0,0,1,0,0,0,0,0,0,0,0,0,0,0,0,0
2018,인천광역시 미추홀구1,인천광역시 미추홀구 주안동(남인천새마을금고 중앙지점 부근),2018-11-19 11:00:00,1,1,78.0,1,1,74.0,4,0,0,4,0,0,0,0,0,0,0,0,0,0,1,0,0,0,0,0,0,0,0,1,0,0,0,0,0,0,0,0,0,0,0,0,0,0,0,0,0,0,1,0,0,0,0,0,0,0,0,0,0,1,0,0,0,0,0,0,0,0,0,0,0,0,0
2018,인천광역시 미추홀구1,인천광역시 미추홀구 주안동(남인천새마을금고 중앙지점 부근),2018-12-09 16:00:00,0,0,57.0,4,1,59.0,0,0,0,4,0,0,0,0,0,0,1,0,0,0,0,0,0,0,0,0,0,0,0,0,0,0,0,0,1,0,0,0,0,0,0,0,0,0,0,0,0,0,1,0,0,0,0,0,0,0,0,0,0,1,0,0,0,0,0,0,0,0,0,0,0,0,0
2018,광주광역시 서구1,광주광역시 서구 양동(무지개병원 부근),2018-04-17 12:00:00,0,1,36.0,4,1,63.0,0,0,0,5,0,0,0,0,0,0,1,0,0,0,0,0,0,0,0,0,0,0,0,0,0,0,0,0,1,0,0,0,0,0,0,0,0,0,0,0,0,0,1,0,0,0,0,0,0,0,0,0,0,0,0,0,0,0,0,1,0,0,0,0,0,0,0
2018,광주광역시 서구1,광주광역시 서구 양동(무지개병원 부근),2018-06-01 11:00:00,0,1,33.0,4,1,48.0,0,0,0,5,0,0,0,0,0,0,1,0,0,0,0,0,0,0,0,0,0,0,0,0,0,0,0,0,1,0,0,0,0,0,1,0,0,0,0,0,0,0,0,0,0,0,0,0,0,0,0,0,0,0,0,0,0,0,0,1,0,0,0,0,0,0,0
2018,광주광역시 서구1,광주광역시 서구 양동(무지개병원 부근),2018-09-08 17:00:00,0,2,47.74785772029103,5,1,71.0,0,0,0,5,0,0,0,0,1,0,0,0,0,0,0,0,0,0,0,0,0,0,0,0,0,0,0,0,1,0,0,0,0,0,0,0,0,0,0,0,0,0,1,0,0,0,0,0,0,0,0,0,0,0,0,1,0,0,0,0,0,0,0,0,0,0,0
2018,광주광역시 서구1,광주광역시 서구 양동(무지개병원 부근),2018-11-13 13:00:00,1,1,76.0,4,1,76.0,1,0,0,5,0,0,0,0,0,0,1,0,0,0,0,0,0,0,0,0,0,0,0,0,0,0,0,0,1,0,0,0,1,0,0,0,0,0,0,0,0,0,0,0,0,0,0,0,0,0,0,0,0,1,0,0,0,0,0,0,0,0,0,0,0,0,0
2018,광주광역시 서구1,광주광역시 서구 양동(무지개병원 부근),2018-11-15 10:00:00,0,1,59.0,4,0,53.0,0,0,0,5,0,0,0,0,0,0,1,0,0,0,0,0,0,0,0,0,0,0,0,0,0,0,0,0,1,0,0,0,0,0,0,0,0,0,0,0,0,0,1,0,0,0,0,0,0,0,0,0,0,0,0,1,0,0,0,0,0,0,0,0,0,0,0
2018,광주광역시 북구1,광주광역시 북구 신안동(태성아름진 부근),2018-04-12 18:00:00,3,0,31.0,4,1,80.0,3,0,1,3,0,0,0,0,0,0,1,0,0,0,0,0,0,0,0,0,0,0,0,0,0,0,0,0,1,0,0,0,0,0,0,0,0,0,0,0,0,0,1,0,0,0,0,0,0,0,0,0,0,0,0,0,0,0,0,1,0,0,0,0,0,0,0
2018,광주광역시 북구1,광주광역시 북구 신안동(태성아름진 부근),2018-05-22 08:00:00,0,1,67.0,4,1,73.0,0,0,1,3,0,0,0,0,0,0,1,0,0,0,0,0,0,0,0,0,0,0,0,0,0,0,0,0,1,0,0,0,0,0,0,0,0,0,0,0,0,0,1,0,0,0,0,0,0,0,0,0,0,0,0,0,0,0,0,1,0,0,0,0,0,0,0
2018,광주광역시 북구1,광주광역시 북구 신안동(태성아름진 부근),2018-05-29 17:00:00,2,1,14.0,2,1,57.0,4,0,1,3,0,0,0,0,0,0,0,0,0,0,1,0,0,0,0,0,0,0,0,1,0,0,0,0,0,0,0,0,0,0,0,0,0,0,0,1,0,0,0,0,0,0,0,0,0,0,0,0,0,0,0,0,0,0,0,1,0,0,0,0,0,0,0
2018,광주광역시 북구1,광주광역시 북구 신안동(태성아름진 부근),2018-06-08 10:00:00,0,0,70.0,0,1,68.0,4,0,1,3,0,0,0,0,0,0,0,0,0,0,1,0,0,0,0,0,0,0,0,1,0,0,0,0,0,0,0,0,0,0,0,0,0,0,0,0,0,0,1,0,0,0,0,0,0,0,0,0,0,0,0,0,0,0,0,1,0,0,0,0,0,0,0
2018,대전광역시 동구1,대전광역시 동구 정동(역전가락국수 부근),2018-05-01 19:00:00,0,1,43.0,0,1,43.0,4,1,0,5,0,0,0,0,0,0,0,0,0,0,1,0,0,0,0,0,0,0,0,1,0,0,0,0,0,0,0,0,0,0,1,0,0,0,0,0,0,0,0,0,0,0,0,0,0,0,0,0,0,0,0,0,0,0,0,1,0,0,0,0,0,0,0
2018,대전광역시 동구1,대전광역시 동구 정동(역전가락국수 부근),2018-05-24 20:00:00,1,1,71.0,4,0,61.0,1,0,0,5,0,0,0,0,0,0,1,0,0,0,0,0,0,0,0,0,0,0,0,0,0,0,0,0,1,0,0,0,0,0,0,0,0,0,0,0,0,0,1,0,0,0,0,0,0,0,0,0,0,0,0,0,0,0,0,1,0,0,0,0,0,0,0
2018,대전광역시 동구1,대전광역시 동구 정동(역전가락국수 부근),2018-06-25 17:00:00,0,1,75.0,4,1,61.0,0,0,0,5,0,0,0,0,0,0,1,0,0,0,0,0,0,0,0,0,0,0,0,0,0,0,0,0,1,0,0,0,0,0,0,0,0,0,0,0,0,0,1,0,0,0,0,0,0,0,0,0,0,0,0,0,0,0,0,1,0,0,0,0,0,0,0
2018,대전광역시 동구1,대전광역시 동구 정동(역전가락국수 부근),2018-07-04 16:00:00,1,0,60.0,4,1,75.0,1,0,0,5,0,0,0,0,0,0,1,0,0,0,0,0,0,0,0,0,0,0,0,0,0,0,0,0,1,0,0,0,0,0,0,0,0,0,0,1,0,0,0,0,0,0,0,0,0,0,0,0,0,1,0,0,0,0,0,0,0,0,0,0,0,0,0
2018,대전광역시 동구1,대전광역시 동구 정동(역전가락국수 부근),2018-07-10 13:00:00,0,0,54.0,4,1,57.0,0,0,0,5,0,0,0,0,0,0,1,0,0,0,0,0,0,0,0,0,0,0,0,0,0,0,0,0,1,0,0,0,0,0,0,0,0,0,0,0,0,0,1,0,0,0,0,0,0,0,0,0,0,1,0,0,0,0,0,0,0,0,0,0,0,0,0
2018,대전광역시 동구2,대전광역시 동구 용전동(대전지방국토관리청 부근),2018-02-14 09:00:00,1,1,55.0,4,1,68.0,1,0,0,5,0,0,0,0,0,0,0,0,0,0,0,0,1,0,0,0,0,0,0,0,0,0,0,0,1,0,0,0,0,0,0,0,0,0,0,1,0,0,0,0,0,0,0,0,0,0,0,0,0,0,0,0,0,0,0,1,0,0,0,0,0,0,0
2018,대전광역시 동구2,대전광역시 동구 용전동(대전지방국토관리청 부근),2018-04-02 14:00:00,0,1,58.0,4,1,68.0,0,0,0,5,0,0,0,0,0,0,0,0,0,0,0,0,1,0,0,0,0,0,0,0,0,0,0,0,1,0,0,0,0,0,0,0,0,0,0,0,0,0,1,0,0,0,0,0,0,0,0,0,0,0,0,1,0,0,0,0,0,0,0,0,0,0,0
2018,대전광역시 동구2,대전광역시 동구 용전동(대전지방국토관리청 부근),2018-04-03 15:00:00,0,1,51.0,4,0,58.0,0,0,0,5,0,0,0,0,0,0,1,0,0,0,0,0,0,0,0,0,0,0,0,0,0,0,0,0,1,0,0,0,0,0,0,0,0,0,0,0,0,0,1,0,0,0,0,0,0,0,0,0,0,1,0,0,0,0,0,0,0,0,0,0,0,0,0
2018,대전광역시 동구2,대전광역시 동구 용전동(대전지방국토관리청 부근),2018-06-01 12:00:00,0,1,63.0,4,1,74.0,0,0,0,5,0,0,0,0,0,0,1,0,0,0,0,0,0,0,0,0,0,0,0,0,0,0,0,0,1,0,0,0,0,0,0,0,0,0,0,0,0,0,1,0,0,0,0,0,0,0,0,0,0,0,0,0,0,0,0,1,0,0,0,0,0,0,0