사고년도,다발시군구,지점명,사고일시,사고등급,가해자성별,가해자연령,가해자신체상해정도,피해자성별,피해자연령,피해자신체상해정도,기상상태,사망자수,부상자수,가해차종_개인형이동수단(PM),가해차종_건설기계,가해차종_기타,가해차종_농기계,가해차종_불명,가해차종_사륜오토바이(ATV),가해차종_승용차,가해차종_승합차,가해차종_원동기장치자전거,가해차종_이륜차,가해차종_자전거,가해차종_특수차,가해차종_화물차,피해차종_개인형이동수단(PM),피해차종_건설기계,피해차종_기타,피해차종_보행자,피해차종_불명,피해차종_사륜오토바이(ATV),피해차종_승용차,피해차종_승합차,피해차종_없음,피해차종_원동기장치자전거,피해차종_이륜차,피해차종_자전거,피해차종_특수차,피해차종_화물차,가해자법규위반_과속,가해자법규위반_교차로 통행방법 위반,가해자법규위반_교차로운행방법위반,가해자법규위반_기타,가해자법규위반_미분류,가해자법규위반_보행자 보호의무 위반,가해자법규위반_보행자보호의무위반,가해자법규위반_불법유턴,가해자법규위반_신호위반,가해자법규위반_안전거리 미확보,가해자법규위반_안전거리미확보,가해자법규위반_안전운전 의무 불이행,가해자법규위반_안전운전불이행,가해자법규위반_중앙선 침범,가해자법규위반_중앙선침범,가해자법규위반_직진우회전진행방해,가해자법규위반_차로위반,사고유형_차대사람 - 기타,사고유형_차대사람 - 길가장자리구역통행중,사고유형_차대사람 - 보도통행중,사고유형_차대사람 - 차도통행중,사고유형_차대사람 - 횡단중,사고유형_차대차 - 기타,사고유형_차대차 - 정면충돌,사고유형_차대차 - 추돌,사고유형_차대차 - 추돌 - 주정차중,사고유형_차대차 - 추돌 - 진행중,사고유형_차대차 - 측면직각충돌,사고유형_차대차 - 측면충돌,사고유형_차대차 - 후진중충돌,사고유형_차량단독 - 공작물충돌,사고유형_차량단독 - 기타,사고유형_차량단독 - 도로외이탈 - 추락,사고유형_차량단독 - 전도,사고유형_차량단독 - 전도전복,사고유형_차량단독 - 전도전복 - 전도
2018,경기도 수원시 팔달구1,경기도 수원시 팔달구 남수동(세븐일레븐 수원남문2호점 부근),2018-06-05 09:00:00,0,0,54.0,0,1,44.0,4,0,0,7,0,0,0,0,0,0,0,0,0,0,1,0,0,0,0,0,0,0,0,1,0,0,0,0,0,0,0,0,0,0,0,0,0,0,0,0,0,0,1,0,0,0,0,0,0,0,0,0,0,1,0,0,0,0,0,0,0,0,0,0,0,0,0
2018,경기도 수원시 팔달구1,경기도 수원시 팔달구 남수동(세븐일레븐 수원남문2호점 부근),2018-06-17 18:00:00,2,1,41.0,2,1,33.0,4,0,0,7,0,0,0,0,0,0,0,0,0,0,1,0,0,0,0,0,0,0,0,1,0,0,0,0,0,0,0,0,0,0,0,0,0,0,0,0,0,0,1,0,0,0,0,0,0,0,0,0,0,0,0,0,0,0,0,1,0,0,0,0,0,0,0
2018,경기도 수원시 팔달구1,경기도 수원시 팔달구 남수동(세븐일레븐 수원남문2호점 부근),2018-09-01 15:00:00,0,1,71.0,0,1,70.0,4,0,0,7,0,0,0,0,0,0,0,0,0,0,1,0,0,0,0,0,0,0,0,1,0,0,0,0,0,0,0,0,0,0,1,0,0,0,0,0,0,0,0,0,0,0,0,0,0,0,0,0,0,1,0,0,0,0,0,0,0,0,0,0,0,0,0
2018,경기도 수원시 팔달구1,경기도 수원시 팔달구 남수동(세븐일레븐 수원남문2호점 부근),2018-10-01 13:00:00,1,1,68.0,1,1,38.0,4,0,0,7,0,0,0,0,0,0,0,0,0,0,1,0,0,0,0,0,0,0,0,0,0,0,0,0,0,0,1,0,0,0,0,0,0,0,0,0,0,0,1,0,0,0,0,0,0,0,0,0,0,1,0,0,0,0,0,0,0,0,0,0,0,0,0
2018,경기도 수원시 팔달구1,경기도 수원시 팔달구 남수동(세븐일레븐 수원남문2호점 부근),2018-10-26 09:00:00,2,2,47.74785772029103,5,1,76.0,2,0,0,7,0,0,0,0,1,0,0,0,0,0,0,0,0,0,0,0,0,0,0,0,0,0,0,0,1,0,0,0,0,0,0,0,0,0,0,0,0,0,1,0,0,0,0,0,0,0,0,0,0,0,0,1,0,0,0,0,0,0,0,0,0,0,0
2018,경기도 수원시 팔달구2,경기도 수원시 팔달구 북수동(매향통닭 부근),2018-01-22 17:00:00,1,0,56.0,1,1,37.0,4,2,0,6,0,0,0,0,0,0,0,0,0,0,1,0,0,0,0,0,0,0,0,1,0,0,0,0,0,0,0,0,0,0,0,0,0,0,0,0,0,0,1,0,0,0,0,0,0,0,0,0,0,1,0,0,0,0,0,0,0,0,0,0,0,0,0
2018,경기도 수원시 팔달구2,경기도 수원시 팔달구 북수동(매향통닭 부근),2018-03-21 19:00:00,1,0,60.0,1,1,39.0,4,4,0,6,0,0,0,0,0,0,0,0,0,0,1,0,0,0,0,0,0,0,0,1,0,0,0,0,0,0,0,0,0,0,0,0,0,0,0,0,0,0,1,0,0,0,0,0,0,0,0,0,0,1,0,0,0,0,0,0,0,0,0,0,0,0,0
2018,경기도 수원시 팔달구2,경기도 수원시 팔달구 북수동(매향통닭 부근),2018-05-31 08:00:00,2,1,68.0,5,1,17.0,2,0,0,6,0,0,0,0,0,0,1,0,0,0,0,0,0,0,0,0,0,0,0,0,0,0,0,0,1,0,0,0,0,0,0,0,0,0,0,0,0,0,1,0,0,0,0,0,0,0,0,0,0,1,0,0,0,0,0,0,0,0,0,0,0,0,0
2018,경기도 수원시 팔달구2,경기도 수원시 팔달구 북수동(매향통닭 부근),2018-05-31 17:00:00,2,1,65.0,2,1,22.0,4,0,0,6,0,0,0,0,0,0,0,0,0,0,1,0,0,0,0,0,0,0,0,1,0,0,0,0,0,0,0,0,0,0,0,0,0,0,0,0,0,0,1,0,0,0,0,0,0,0,0,0,0,1,0,0,0,0,0,0,0,0,0,0,0,0,0
2018,경기도 수원시 팔달구2,경기도 수원시 팔달구 북수동(매향통닭 부근),2018-06-08 19:00:00,2,1,21.0,2,1,48.0,4,0,0,6,0,0,0,0,0,0,0,0,0,0,1,0,0,0,0,0,0,0,0,1,0,0,0,0,0,0,0,0,0,0,0,0,0,0,0,0,0,0,0,0,1,0,0,0,0,0,0,0,0,0,1,0,0,0,0,0,0,0,0,0,0,0,0
2018,경기도 수원시 팔달구2,경기도 수원시 팔달구 북수동(매향통닭 부근),2018-06-19 14:00:00,0,0,21.0,0,0,62.0,4,0,0,6,0,0,0,0,0,0,0,0,0,0,1,0,0,0,0,0,0,0,0,1,0,0,0,0,0,0,0,0,0,0,0,0,0,0,0,0,0,0,1,0,0,0,0,0,0,0,0,0,0,1,0,0,0,0,0,0,0,0,0,0,0,0,0
2018,경기도 수원시 팔달구3,경기도 수원시 팔달구 우만동(GS25 수원우만점 부근),2018-05-08 10:00:00,0,1,67.0,4,0,55.0,0,0,0,5,0,0,0,0,0,0,0,1,0,0,0,0,0,0,0,0,0,0,0,0,0,0,0,0,1,0,0,0,0,0,0,0,0,0,0,0,0,0,1,0,0,0,0,0,0,0,0,0,0,0,0,0,0,0,0,1,0,0,0,0,0,0,0
2018,경기도 수원시 팔달구3,경기도 수원시 팔달구 우만동(GS25 수원우만점 부근),2018-07-30 19:00:00,1,1,36.0,4,1,27.0,1,0,0,5,0,0,0,0,0,0,1,0,0,0,0,0,0,0,0,0,0,0,0,0,0,0,0,0,1,0,0,0,1,0,0,0,0,0,0,0,0,0,0,0,0,0,0,0,0,0,0,0,0,1,0,0,0,0,0,0,0,0,0,0,0,0,0
2018,경기도 수원시 팔달구3,경기도 수원시 팔달구 우만동(GS25 수원우만점 부근),2018-09-01 00:00:00,2,1,54.0,4,1,47.0,2,0,0,5,0,0,0,0,0,0,0,0,0,1,0,0,0,0,0,0,0,0,0,0,0,0,0,0,1,0,0,0,0,0,0,0,0,0,0,0,0,0,1,0,0,0,0,0,0,0,0,0,0,0,1,0,0,0,0,0,0,0,0,0,0,0,0
2018,경기도 수원시 팔달구3,경기도 수원시 팔달구 우만동(GS25 수원우만점 부근),2018-09-12 17:00:00,0,1,11.0,0,1,25.0,4,0,0,5,0,0,0,0,0,0,0,0,0,0,1,0,0,0,0,0,0,0,0,1,0,0,0,0,0,0,0,0,0,0,0,0,0,0,0,0,0,0,1,0,0,0,0,0,0,0,0,0,0,1,0,0,0,0,0,0,0,0,0,0,0,0,0
2018,경기도 수원시 팔달구3,경기도 수원시 팔달구 우만동(GS25 수원우만점 부근),2018-11-23 08:00:00,0,1,12.0,0,1,20.0,4,0,0,5,0,0,0,0,0,0,0,0,0,0,1,0,0,0,0,0,0,0,0,1,0,0,0,0,0,0,0,0,0,0,0,0,0,0,0,0,0,0,1,0,0,0,0,0,0,0,0,0,0,1,0,0,0,0,0,0,0,0,0,0,0,0,0
2018,경기도 수원시 팔달구4,경기도 수원시 팔달구 북수동(장안문로터리 부근),2018-01-04 15:00:00,1,1,57.0,4,1,60.0,1,0,0,4,0,0,0,0,0,0,0,1,0,0,0,0,0,0,0,0,0,0,0,0,0,0,0,0,1,0,0,0,0,0,0,0,0,0,0,0,0,0,1,0,0,0,0,0,0,0,0,0,0,0,0,0,0,0,0,1,0,0,0,0,0,0,0
2018,경기도 수원시 팔달구4,경기도 수원시 팔달구 북수동(장안문로터리 부근),2018-05-18 05:00:00,1,1,69.0,4,0,55.0,1,2,0,4,0,0,0,0,0,0,0,1,0,0,0,0,0,0,0,0,0,0,0,0,0,0,0,0,1,0,0,0,0,0,0,0,0,0,0,0,1,0,0,0,0,0,0,0,0,0,0,0,0,1,0,0,0,0,0,0,0,0,0,0,0,0,0
2018,경기도 수원시 팔달구4,경기도 수원시 팔달구 북수동(장안문로터리 부근),2018-08-03 08:00:00,0,1,85.0,0,2,47.23777883246322,6,0,0,4,0,0,0,0,0,0,0,0,0,0,1,0,0,0,0,0,0,0,0,0,0,1,0,0,0,0,0,0,0,0,0,0,0,0,0,0,0,0,1,0,0,0,0,0,0,0,0,0,0,0,0,0,0,0,0,0,0,0,1,0,0,0,0
2018,경기도 수원시 팔달구4,경기도 수원시 팔달구 북수동(장안문로터리 부근),2018-10-08 08:00:00,2,1,60.0,2,1,48.0,4,0,0,4,0,0,0,0,0,0,0,0,0,0,1,0,0,0,0,0,0,0,0,0,1,0,0,0,0,0,0,0,0,0,0,0,0,0,0,0,1,0,0,0,0,0,0,0,0,0,0,0,0,1,0,0,0,0,0,0,0,0,0,0,0,0,0
2018,경기도 성남시 수정구1,경기도 성남시 수정구 태평동(태평역 부근),2018-06-04 13:00:00,1,0,51.0,4,1,78.0,1,0,0,5,0,0,0,0,0,0,1,0,0,0,0,0,0,0,0,0,0,0,0,0,0,0,0,0,1,0,0,0,0,0,0,0,0,0,0,0,0,0,1,0,0,0,0,0,0,0,0,0,0,0,0,0,0,0,0,1,0,0,0,0,0,0,0
2018,경기도 성남시 수정구1,경기도 성남시 수정구 태평동(태평역 부근),2018-07-14 16:00:00,1,1,54.0,4,1,74.0,1,0,0,5,0,0,0,0,0,0,1,0,0,0,0,0,0,0,0,0,0,0,0,0,0,0,0,0,1,0,0,0,0,0,1,0,0,0,0,0,0,0,0,0,0,0,0,0,0,0,0,0,0,1,0,0,0,0,0,0,0,0,0,0,0,0,0
2018,경기도 성남시 수정구1,경기도 성남시 수정구 태평동(태평역 부근),2018-07-16 19:00:00,0,1,31.0,4,1,12.0,0,0,0,5,0,0,0,0,0,0,1,0,0,0,0,0,0,0,0,0,0,0,0,0,0,0,0,0,1,0,0,0,0,0,0,0,0,0,0,1,0,0,0,0,0,0,0,0,0,0,0,0,0,0,0,0,0,0,0,1,0,0,0,0,0,0,0
2018,경기도 성남시 수정구1,경기도 성남시 수정구 태평동(태평역 부근),2018-09-14 17:00:00,0,1,50.0,4,1,66.0,0,0,0,5,0,0,0,0,0,0,0,0,0,0,0,0,1,0,0,0,0,0,0,0,0,0,0,0,1,0,0,0,0,0,0,0,0,0,0,1,0,0,0,0,0,0,0,0,0,0,0,0,0,0,0,0,0,0,0,1,0,0,0,0,0,0,0
2018,경기도 성남시 수정구1,경기도 성남시 수정구 태평동(태평역 부근),2018-12-08 13:00:00,0,1,84.0,0,0,33.0,4,0,0,5,0,0,0,0,0,0,0,0,0,0,1,0,0,0,0,0,0,0,0,1,0,0,0,0,0,0,0,0,0,0,0,0,0,0,0,0,0,0,1,0,0,0,0,0,0,0,0,0,0,1,0,0,0,0,0,0,0,0,0,0,0,0,0
2018,경기도 성남시 중원구1,경기도 성남시 중원구 성남동(모란사거리 부근),2018-02-13 18:00:00,2,1,62.0,2,1,49.0,4,0,0,9,0,0,0,0,0,0,0,0,0,0,1,0,0,0,0,0,0,0,0,0,1,0,0,0,0,0,0,0,0,0,1,0,0,0,0,0,0,0,0,0,0,0,0,0,0,0,0,0,0,0,0,0,0,0,0,1,0,0,0,0,0,0,0
2018,경기도 성남시 중원구1,경기도 성남시 중원구 성남동(모란사거리 부근),2018-03-06 12:00:00,0,0,34.0,4,1,62.0,0,0,0,9,0,0,0,0,0,0,1,0,0,0,0,0,0,0,0,0,0,0,0,0,0,0,0,0,1,0,0,0,0,0,0,0,0,0,0,1,0,0,0,0,0,0,0,0,0,0,0,0,0,1,0,0,0,0,0,0,0,0,0,0,0,0,0
2018,경기도 성남시 중원구1,경기도 성남시 중원구 성남동(모란사거리 부근),2018-04-07 11:00:00,1,1,41.0,4,1,46.0,1,0,0,9,0,0,0,0,0,0,1,0,0,0,0,0,0,0,0,0,0,0,0,0,0,0,0,0,1,0,0,0,0,0,0,0,0,0,0,0,0,0,1,0,0,0,0,0,0,0,0,0,0,1,0,0,0,0,0,0,0,0,0,0,0,0,0
2018,경기도 성남시 중원구1,경기도 성남시 중원구 성남동(모란사거리 부근),2018-05-11 20:00:00,1,0,27.0,0,1,43.0,1,0,0,9,0,0,0,0,0,0,0,0,0,0,1,0,0,0,0,0,0,0,0,0,0,0,0,1,0,0,0,0,0,0,1,0,0,0,0,0,0,0,0,0,0,0,0,0,0,0,0,0,0,1,0,0,0,0,0,0,0,0,0,0,0,0,0
2018,경기도 성남시 중원구1,경기도 성남시 중원구 성남동(모란사거리 부근),2018-05-14 07:00:00,1,0,44.0,4,1,38.0,1,0,0,9,0,0,0,0,0,0,1,0,0,0,0,0,0,0,0,0,0,0,0,0,0,0,0,0,1,0,0,0,0,0,0,0,0,0,0,0,0,0,1,0,0,0,0,0,0,0,0,0,0,1,0,0,0,0,0,0,0,0,0,0,0,0,0
2018,경기도 성남시 중원구1,경기도 성남시 중원구 성남동(모란사거리 부근),2018-08-07 06:00:00,0,1,23.0,4,1,75.0,0,0,0,9,0,0,0,0,0,0,0,0,0,0,0,0,1,0,0,0,0,0,0,0,0,0,0,0,1,0,0,0,0,0,0,0,0,0,0,1,0,0,0,0,0,0,0,0,0,0,0,0,0,0,0,0,0,0,0,1,0,0,0,0,0,0,0
2018,경기도 성남시 중원구1,경기도 성남시 중원구 성남동(모란사거리 부근),2018-10-17 10:00:00,0,1,42.0,4,0,59.0,0,0,0,9,0,0,0,0,0,0,1,0,0,0,0,0,0,0,0,0,0,0,0,0,0,0,0,0,1,0,0,0,0,0,0,0,0,0,0,0,0,0,1,0,0,0,0,0,0,0,0,0,0,1,0,0,0,0,0,0,0,0,0,0,0,0,0
2018,경기도 성남시 중원구1,경기도 성남시 중원구 성남동(모란사거리 부근),2018-11-19 11:00:00,1,1,60.0,4,1,61.0,1,0,0,9,0,1,0,0,0,0,0,0,0,0,0,0,0,0,0,0,0,0,0,0,0,0,0,0,1,0,0,0,0,0,0,0,0,0,0,0,0,0,1,0,0,0,0,0,0,0,0,0,0,0,0,1,0,0,0,0,0,0,0,0,0,0,0
2018,경기도 성남시 중원구2,경기도 성남시 중원구 중앙동(신흥사거리 부근),2018-02-12 13:00:00,0,1,78.0,4,1,60.0,0,0,0,4,0,0,0,0,0,0,0,0,0,0,1,0,0,0,0,0,1,0,0,0,0,0,0,0,0,0,0,0,0,0,0,0,0,0,0,0,0,0,0,0,1,0,0,0,1,0,0,0,0,0,0,0,0,0,0,0,0,0,0,0,0,0,0
2018,경기도 성남시 중원구2,경기도 성남시 중원구 중앙동(신흥사거리 부근),2018-02-26 10:00:00,0,0,62.0,5,1,57.0,0,0,0,4,0,0,0,0,0,0,1,0,0,0,0,0,0,0,0,0,0,0,0,0,0,0,0,0,1,0,0,0,0,0,0,0,0,0,0,0,0,0,1,0,0,0,0,0,0,0,0,0,0,1,0,0,0,0,0,0,0,0,0,0,0,0,0
2018,경기도 성남시 중원구2,경기도 성남시 중원구 중앙동(신흥사거리 부근),2018-04-28 16:00:00,0,0,10.0,5,0,25.0,0,0,0,4,0,0,0,0,0,0,0,0,0,0,1,0,0,0,0,0,1,0,0,0,0,0,0,0,0,0,0,0,0,0,0,0,0,0,0,0,0,0,1,0,0,0,0,0,1,0,0,0,0,0,0,0,0,0,0,0,0,0,0,0,0,0,0
2018,경기도 성남시 중원구2,경기도 성남시 중원구 중앙동(신흥사거리 부근),2018-05-26 17:00:00,1,1,40.0,4,1,53.0,1,0,0,4,0,0,0,0,0,0,0,0,0,0,1,0,0,0,0,0,1,0,0,0,0,0,0,0,0,0,0,0,0,0,0,0,0,0,0,0,0,0,1,0,0,0,0,0,0,0,0,0,1,0,0,0,0,0,0,0,0,0,0,0,0,0,0
2018,경기도 성남시 분당구1,경기도 성남시 분당구 수내동(양지마을청구2단지아파트정문 부근),2018-03-14 13:00:00,0,1,40.0,4,1,44.0,0,0,0,7,0,0,0,0,0,0,0,0,0,0,1,0,0,0,0,0,1,0,0,0,0,0,0,0,0,0,0,0,0,0,0,0,0,0,0,0,0,0,1,0,0,0,0,0,1,0,0,0,0,0,0,0,0,0,0,0,0,0,0,0,0,0,0
2018,경기도 성남시 분당구1,경기도 성남시 분당구 수내동(양지마을청구2단지아파트정문 부근),2018-05-07 11:00:00,0,1,50.0,4,0,66.0,0,0,0,7,0,0,0,0,0,0,0,0,0,0,1,0,0,0,0,0,1,0,0,0,0,0,0,0,0,0,0,0,0,0,0,0,0,0,0,0,0,0,1,0,0,0,0,0,1,0,0,0,0,0,0,0,0,0,0,0,0,0,0,0,0,0,0
2018,경기도 성남시 분당구1,경기도 성남시 분당구 수내동(양지마을청구2단지아파트정문 부근),2018-07-10 08:00:00,0,1,49.0,4,1,57.0,0,0,0,7,0,0,0,0,0,0,1,0,0,0,0,0,0,0,0,0,0,0,0,0,0,0,0,0,1,0,0,0,0,0,0,0,0,0,0,0,0,0,1,0,0,0,0,0,0,0,0,0,0,1,0,0,0,0,0,0,0,0,0,0,0,0,0
2018,경기도 성남시 분당구1,경기도 성남시 분당구 수내동(양지마을청구2단지아파트정문 부근),2018-07-10 18:00:00,0,1,36.0,4,1,30.0,0,0,0,7,0,0,0,0,0,0,1,0,0,0,0,0,0,0,0,0,0,0,0,0,0,0,0,0,1,0,0,0,0,0,0,0,0,0,0,0,0,0,1,0,0,0,0,0,0,0,0,0,0,1,0,0,0,0,0,0,0,0,0,0,0,0,0
2018,경기도 성남시 분당구1,경기도 성남시 분당구 수내동(양지마을청구2단지아파트정문 부근),2018-07-27 18:00:00,0,0,48.0,4,0,58.0,0,0,0,7,0,0,0,0,0,0,1,0,0,0,0,0,0,0,0,0,0,0,0,0,0,0,0,0,1,0,0,0,0,0,0,0,0,0,0,0,0,0,1,0,0,0,0,0,0,0,0,0,0,0,0,1,0,0,0,0,0,0,0,0,0,0,0
2018,경기도 성남시 분당구1,경기도 성남시 분당구 수내동(양지마을청구2단지아파트정문 부근),2018-10-18 09:00:00,1,0,44.0,4,0,64.0,1,0,0,7,0,0,0,0,0,0,1,0,0,0,0,0,0,0,0,0,0,0,0,0,0,0,0,0,1,0,0,0,0,0,0,0,0,0,0,0,0,0,1,0,0,0,0,0,0,0,0,0,0,0,0,1,0,0,0,0,0,0,0,0,0,0,0
2018,경기도 성남시 분당구1,경기도 성남시 분당구 수내동(양지마을청구2단지아파트정문 부근),2018-11-03 14:00:00,0,1,12.0,4,1,69.0,0,0,0,7,0,0,0,0,0,0,0,0,0,0,1,0,0,0,0,0,0,0,0,0,0,0,0,0,1,0,0,0,0,0,0,0,0,0,0,0,0,0,1,0,0,0,0,0,0,0,0,0,0,1,0,0,0,0,0,0,0,0,0,0,0,0,0
2018,경기도 의정부시1,경기도 의정부시 호원동(회룡역앞사거리 부근),2018-06-19 19:00:00,0,1,10.0,0,1,57.0,4,0,0,4,0,0,0,0,0,0,0,0,0,0,1,0,0,0,0,0,0,0,0,0,1,0,0,0,0,0,0,0,0,0,1,0,0,0,0,0,0,0,0,0,0,0,0,0,0,0,0,0,0,0,0,0,0,0,0,1,0,0,0,0,0,0,0
2018,경기도 의정부시1,경기도 의정부시 호원동(회룡역앞사거리 부근),2018-08-03 13:00:00,0,1,59.0,4,1,74.0,0,0,0,4,0,0,0,0,0,0,0,0,0,1,0,0,0,0,0,0,0,0,0,0,0,0,0,0,1,0,0,0,1,0,0,0,0,0,0,0,0,0,0,0,0,0,0,0,0,0,0,0,0,1,0,0,0,0,0,0,0,0,0,0,0,0,0
2018,경기도 의정부시1,경기도 의정부시 호원동(회룡역앞사거리 부근),2018-09-13 13:00:00,1,1,44.0,4,1,75.0,1,0,0,4,0,0,0,0,0,0,0,1,0,0,0,0,0,0,0,0,0,0,0,0,0,0,0,0,1,0,0,0,0,0,0,0,0,0,0,0,0,0,1,0,0,0,0,0,0,0,0,0,0,0,0,0,0,0,0,1,0,0,0,0,0,0,0
2018,경기도 의정부시1,경기도 의정부시 호원동(회룡역앞사거리 부근),2018-11-26 16:00:00,1,0,31.0,4,1,77.0,1,0,0,4,0,0,0,0,0,0,1,0,0,0,0,0,0,0,0,0,0,0,0,0,0,0,0,0,1,0,0,0,0,0,0,0,0,0,0,0,0,0,1,0,0,0,0,0,0,0,0,0,0,0,1,0,0,0,0,0,0,0,0,0,0,0,0
2018,경기도 의정부시2,경기도 의정부시 의정부동(명보치과 부근),2018-03-24 13:00:00,1,1,43.0,4,0,55.0,1,0,0,4,0,0,0,0,0,0,1,0,0,0,0,0,0,0,0,0,0,0,0,0,0,0,0,0,1,0,0,0,0,0,0,0,0,0,0,0,0,0,1,0,0,0,0,0,0,0,0,0,0,1,0,0,0,0,0,0,0,0,0,0,0,0,0
2018,경기도 의정부시2,경기도 의정부시 의정부동(명보치과 부근),2018-07-19 15:00:00,0,0,70.0,4,1,50.0,0,0,0,4,0,0,0,0,0,0,1,0,0,0,0,0,0,0,0,0,0,0,0,0,0,0,0,0,1,0,0,0,0,0,0,0,0,0,0,0,0,0,1,0,0,0,0,0,0,0,0,0,0,1,0,0,0,0,0,0,0,0,0,0,0,0,0
2018,경기도 의정부시2,경기도 의정부시 의정부동(명보치과 부근),2018-08-26 11:00:00,0,1,82.0,0,0,55.0,4,0,0,4,0,0,0,0,0,0,0,0,0,0,1,0,0,0,0,0,0,0,0,1,0,0,0,0,0,0,0,0,0,0,1,0,0,0,0,0,0,0,0,0,0,0,0,0,0,0,0,0,0,1,0,0,0,0,0,0,0,0,0,0,0,0,0
2018,경기도 의정부시2,경기도 의정부시 의정부동(명보치과 부근),2018-09-23 14:00:00,2,1,17.0,4,0,60.0,2,0,0,4,0,0,0,0,0,0,0,0,0,0,1,0,0,0,0,0,1,0,0,0,0,0,0,0,0,0,0,0,0,0,0,0,0,0,0,0,0,0,1,0,0,0,0,0,0,0,0,0,1,0,0,0,0,0,0,0,0,0,0,0,0,0,0
2018,경기도 안양시 만안구1,경기도 안양시 만안구 안양동(관악대로69번길 부근),2018-06-05 14:00:00,1,1,27.0,4,1,71.0,1,0,0,6,0,0,0,0,0,0,0,0,0,0,0,0,1,0,0,0,0,0,0,0,0,0,0,0,1,0,0,0,0,0,0,0,0,0,0,1,0,0,0,0,0,0,0,0,0,0,0,0,0,0,0,0,0,0,0,1,0,0,0,0,0,0,0
2018,경기도 안양시 만안구1,경기도 안양시 만안구 안양동(관악대로69번길 부근),2018-08-11 08:00:00,0,1,15.0,4,1,46.0,0,0,0,6,0,0,0,0,0,0,0,0,0,0,1,0,0,0,0,0,0,0,0,0,0,0,0,0,1,0,0,0,0,0,0,0,0,0,0,0,0,0,1,0,0,0,0,0,0,0,0,0,0,0,1,0,0,0,0,0,0,0,0,0,0,0,0
2018,경기도 안양시 만안구1,경기도 안양시 만안구 안양동(관악대로69번길 부근),2018-09-25 12:00:00,1,1,45.0,2,1,60.0,1,0,0,6,0,0,0,0,0,0,0,0,0,0,1,0,0,0,0,0,0,0,0,0,0,0,0,0,1,0,0,0,0,0,0,0,0,0,0,0,1,0,0,0,0,0,0,0,0,0,0,0,0,1,0,0,0,0,0,0,0,0,0,0,0,0,0
2018,경기도 안양시 만안구1,경기도 안양시 만안구 안양동(관악대로69번길 부근),2018-10-15 07:00:00,0,1,54.0,4,1,28.0,0,0,0,6,0,0,0,0,0,0,0,0,0,0,1,0,0,0,0,0,0,0,0,0,0,0,0,0,1,0,0,0,0,0,0,0,0,0,0,0,0,0,1,0,0,0,0,0,0,0,0,0,0,1,0,0,0,0,0,0,0,0,0,0,0,0,0
2018,경기도 안양시 만안구1,경기도 안양시 만안구 안양동(관악대로69번길 부근),2018-11-15 13:00:00,1,0,41.0,4,1,74.0,1,0,0,6,0,0,0,0,0,0,0,0,0,0,0,0,1,0,0,0,0,0,0,0,0,0,0,0,1,0,0,0,0,0,0,0,0,0,0,0,0,0,1,0,0,0,0,0,0,0,0,0,0,0,0,0,0,0,0,1,0,0,0,0,0,0,0
2018,경기도 안양시 만안구2,경기도 안양시 만안구 석수동(SK엔크린 안국에너지 서진주유소 부근),2018-04-19 19:00:00,1,1,72.0,4,1,49.0,1,0,1,2,0,0,0,0,0,0,1,0,0,0,0,0,0,0,0,0,0,0,0,0,0,0,0,0,1,0,0,0,0,0,0,0,0,0,0,0,1,0,0,0,0,0,0,0,0,0,0,0,0,0,0,0,0,0,0,1,0,0,0,0,0,0,0
2018,경기도 안양시 만안구2,경기도 안양시 만안구 석수동(SK엔크린 안국에너지 서진주유소 부근),2018-09-13 15:00:00,2,1,79.0,2,0,64.0,4,0,1,2,0,0,0,0,0,0,0,0,0,0,1,0,0,0,0,0,1,0,0,0,0,0,0,0,0,0,0,0,0,0,0,0,0,0,0,0,0,0,1,0,0,0,0,0,0,0,1,0,0,0,0,0,0,0,0,0,0,0,0,0,0,0,0
2018,경기도 안양시 만안구2,경기도 안양시 만안구 석수동(SK엔크린 안국에너지 서진주유소 부근),2018-10-22 15:00:00,3,1,58.0,4,1,76.0,3,0,1,2,0,1,0,0,0,0,0,0,0,0,0,0,0,0,0,0,0,0,0,0,0,0,0,0,1,0,0,0,0,0,0,0,0,0,0,0,0,0,1,0,0,0,0,0,0,0,0,0,0,0,0,0,0,0,0,1,0,0,0,0,0,0,0
2018,경기도 안양시 동안구1,경기도 안양시 동안구 호계동(범계사거리 부근),2018-01-16 09:00:00,0,0,42.0,4,1,75.0,0,0,0,6,0,0,0,0,0,0,1,0,0,0,0,0,0,0,0,0,0,0,0,0,0,0,0,0,1,0,0,0,0,0,0,0,0,0,0,0,0,0,1,0,0,0,0,0,0,0,0,0,0,0,0,0,0,0,0,1,0,0,0,0,0,0,0
2018,경기도 안양시 동안구1,경기도 안양시 동안구 호계동(범계사거리 부근),2018-02-20 08:00:00,0,1,50.0,4,1,27.0,0,0,0,6,0,0,0,0,0,0,1,0,0,0,0,0,0,0,0,0,0,0,0,0,0,0,0,0,1,0,0,0,0,0,0,0,0,0,0,0,0,0,1,0,0,0,0,0,0,0,0,0,0,1,0,0,0,0,0,0,0,0,0,0,0,0,0
2018,경기도 안양시 동안구1,경기도 안양시 동안구 호계동(범계사거리 부근),2018-04-17 17:00:00,0,0,56.0,4,0,60.0,0,0,0,6,0,0,0,0,0,0,1,0,0,0,0,0,0,0,0,0,0,0,0,0,0,0,0,0,1,0,0,0,1,0,0,0,0,0,0,0,0,0,0,0,0,0,0,0,0,0,0,0,0,0,0,0,0,0,0,1,0,0,0,0,0,0,0