사고년도,다발시군구,지점명,사고일시,사고등급,가해자성별,가해자연령,가해자신체상해정도,피해자성별,피해자연령,피해자신체상해정도,기상상태,사망자수,부상자수,가해차종_개인형이동수단(PM),가해차종_건설기계,가해차종_기타,가해차종_농기계,가해차종_불명,가해차종_사륜오토바이(ATV),가해차종_승용차,가해차종_승합차,가해차종_원동기장치자전거,가해차종_이륜차,가해차종_자전거,가해차종_특수차,가해차종_화물차,피해차종_개인형이동수단(PM),피해차종_건설기계,피해차종_기타,피해차종_보행자,피해차종_불명,피해차종_사륜오토바이(ATV),피해차종_승용차,피해차종_승합차,피해차종_없음,피해차종_원동기장치자전거,피해차종_이륜차,피해차종_자전거,피해차종_특수차,피해차종_화물차,가해자법규위반_과속,가해자법규위반_교차로 통행방법 위반,가해자법규위반_교차로운행방법위반,가해자법규위반_기타,가해자법규위반_미분류,가해자법규위반_보행자 보호의무 위반,가해자법규위반_보행자보호의무위반,가해자법규위반_불법유턴,가해자법규위반_신호위반,가해자법규위반_안전거리 미확보,가해자법규위반_안전거리미확보,가해자법규위반_안전운전 의무 불이행,가해자법규위반_안전운전불이행,가해자법규위반_중앙선 침범,가해자법규위반_중앙선침범,가해자법규위반_직진우회전진행방해,가해자법규위반_차로위반,사고유형_차대사람 - 기타,사고유형_차대사람 - 길가장자리구역통행중,사고유형_차대사람 - 보도통행중,사고유형_차대사람 - 차도통행중,사고유형_차대사람 - 횡단중,사고유형_차대차 - 기타,사고유형_차대차 - 정면충돌,사고유형_차대차 - 추돌,사고유형_차대차 - 추돌 - 주정차중,사고유형_차대차 - 추돌 - 진행중,사고유형_차대차 - 측면직각충돌,사고유형_차대차 - 측면충돌,사고유형_차대차 - 후진중충돌,사고유형_차량단독 - 공작물충돌,사고유형_차량단독 - 기타,사고유형_차량단독 - 도로외이탈 - 추락,사고유형_차량단독 - 전도,사고유형_차량단독 - 전도전복,사고유형_차량단독 - 전도전복 - 전도
2019,서울특별시 광진구1,서울특별시 광진구 군자동(능동119안전센터 부근),2019-10-30 10:00:00,1,1,75.0,1,1,61.0,4,0,0,4,0,0,0,0,0,0,0,0,0,0,1,0,0,0,0,0,0,0,0,1,0,0,0,0,0,0,0,0,0,0,0,0,0,0,0,0,0,0,1,0,0,0,0,0,0,0,0,0,0,0,0,0,0,0,0,1,0,0,0,0,0,0,0
2019,서울특별시 광진구2,서울특별시 광진구 구의동(광진우체국 부근),2019-05-13 16:00:00,1,1,71.0,4,1,62.0,1,0,0,4,0,0,0,0,0,0,0,1,0,0,0,0,0,0,0,0,0,0,0,0,0,0,0,0,1,0,0,0,0,0,0,0,0,0,0,1,0,0,0,0,0,0,0,0,0,0,0,0,0,0,0,0,0,0,0,1,0,0,0,0,0,0,0
2019,서울특별시 광진구2,서울특별시 광진구 구의동(광진우체국 부근),2019-07-17 15:00:00,0,1,9.0,0,1,42.0,4,0,0,4,0,0,0,0,0,0,0,0,0,0,1,0,0,0,0,0,0,0,0,0,0,0,0,0,0,0,1,0,0,0,0,0,0,0,0,0,0,0,1,0,0,0,0,0,0,0,0,0,0,1,0,0,0,0,0,0,0,0,0,0,0,0,0
2019,서울특별시 광진구2,서울특별시 광진구 구의동(광진우체국 부근),2019-07-18 22:00:00,0,1,50.0,4,0,57.0,0,0,0,4,0,0,0,0,0,0,1,0,0,0,0,0,0,0,0,0,0,0,0,0,0,0,0,0,1,0,0,0,0,0,0,0,0,0,0,1,0,0,0,0,0,0,0,0,0,0,0,0,0,0,0,0,0,0,0,1,0,0,0,0,0,0,0
2019,서울특별시 광진구2,서울특별시 광진구 구의동(광진우체국 부근),2019-07-23 21:00:00,0,0,22.0,0,0,37.0,4,0,0,4,0,0,0,0,0,0,0,0,0,0,1,0,0,0,0,0,0,0,0,1,0,0,0,0,0,0,0,0,0,0,0,0,0,0,0,0,0,0,1,0,0,0,0,0,0,0,0,0,0,0,0,0,0,0,0,1,0,0,0,0,0,0,0
2019,서울특별시 광진구3,서울특별시 광진구 자양동(신양초교앞 부근),2019-05-07 14:00:00,1,1,34.0,4,1,33.0,1,0,0,4,0,0,0,0,0,0,0,0,0,1,0,0,0,0,0,0,0,0,0,0,0,0,0,0,1,0,0,0,0,0,0,0,0,0,0,0,0,0,1,0,0,0,0,0,0,0,0,0,0,0,0,0,0,0,0,1,0,0,0,0,0,0,0
2019,서울특별시 광진구3,서울특별시 광진구 자양동(신양초교앞 부근),2019-06-21 11:00:00,2,1,49.0,2,1,51.0,4,0,0,4,0,0,0,0,0,0,0,0,0,0,1,0,0,0,0,0,0,0,0,1,0,0,0,0,0,0,0,0,0,0,0,0,0,0,0,1,0,0,0,0,0,0,0,0,0,0,0,0,0,0,0,0,0,0,0,1,0,0,0,0,0,0,0
2019,서울특별시 광진구3,서울특별시 광진구 자양동(신양초교앞 부근),2019-06-29 15:00:00,0,0,81.0,0,0,59.0,4,1,0,4,0,0,0,0,0,0,0,0,0,0,1,0,0,0,0,0,0,0,0,1,0,0,0,0,0,0,0,0,0,0,0,0,0,0,0,0,0,0,1,0,0,0,0,0,0,0,0,0,0,0,0,0,0,0,0,1,0,0,0,0,0,0,0
2019,서울특별시 광진구3,서울특별시 광진구 자양동(신양초교앞 부근),2019-12-03 15:00:00,0,1,9.0,5,1,57.0,0,0,0,4,0,0,0,0,0,0,0,0,0,0,1,0,0,0,0,0,1,0,0,0,0,0,0,0,0,0,0,0,0,0,0,0,0,0,0,0,0,0,1,0,0,0,0,0,1,0,0,0,0,0,0,0,0,0,0,0,0,0,0,0,0,0,0
2019,서울특별시 동대문구1,서울특별시 동대문구 용두동(마장동사거리 부근),2019-04-23 22:00:00,0,0,26.0,0,1,62.0,4,0,0,9,0,0,0,0,0,0,0,0,0,0,1,0,0,0,0,0,0,0,0,1,0,0,0,0,0,0,0,0,0,0,0,0,0,0,0,0,0,0,1,0,0,0,0,0,0,0,0,0,0,0,0,0,0,0,0,1,0,0,0,0,0,0,0
2019,서울특별시 동대문구1,서울특별시 동대문구 용두동(마장동사거리 부근),2019-04-25 19:00:00,2,1,52.0,2,1,38.0,4,2,0,9,0,0,0,0,0,0,0,0,0,0,1,0,0,0,0,0,0,0,0,1,0,0,0,0,0,0,0,0,0,0,0,0,0,0,0,1,0,0,0,0,0,0,0,0,0,0,0,0,0,0,0,0,0,0,0,1,0,0,0,0,0,0,0
2019,서울특별시 동대문구1,서울특별시 동대문구 용두동(마장동사거리 부근),2019-05-05 21:00:00,0,1,66.0,4,1,18.0,0,0,0,9,0,0,0,0,0,0,1,0,0,0,0,0,0,0,0,0,0,0,0,0,0,0,0,0,1,0,0,0,1,0,0,0,0,0,0,0,0,0,0,0,0,0,0,0,0,0,0,0,0,1,0,0,0,0,0,0,0,0,0,0,0,0,0
2019,서울특별시 동대문구1,서울특별시 동대문구 용두동(마장동사거리 부근),2019-05-16 16:00:00,2,1,75.0,4,0,42.0,2,0,0,9,0,0,0,0,0,0,0,0,0,0,1,0,0,0,0,0,1,0,0,0,0,0,0,0,0,0,0,0,0,0,1,0,0,0,0,0,0,0,0,0,0,0,0,0,0,0,1,0,0,0,0,0,0,0,0,0,0,0,0,0,0,0,0
2019,서울특별시 동대문구1,서울특별시 동대문구 용두동(마장동사거리 부근),2019-08-25 10:00:00,0,0,67.0,4,1,72.0,0,0,0,9,0,0,0,0,0,0,1,0,0,0,0,0,0,0,0,0,0,0,0,0,0,0,0,0,1,0,0,0,0,0,0,0,0,0,0,1,0,0,0,0,0,0,0,0,0,0,0,0,0,0,0,0,0,0,0,1,0,0,0,0,0,0,0
2019,서울특별시 동대문구1,서울특별시 동대문구 용두동(마장동사거리 부근),2019-10-21 06:00:00,1,1,31.0,4,1,58.0,1,0,0,9,0,0,0,0,0,0,1,0,0,0,0,0,0,0,0,0,0,0,0,0,0,0,0,0,1,0,0,0,0,0,0,0,0,0,0,1,0,0,0,0,0,0,0,0,0,0,0,0,0,1,0,0,0,0,0,0,0,0,0,0,0,0,0
2019,서울특별시 동대문구1,서울특별시 동대문구 용두동(마장동사거리 부근),2019-11-07 08:00:00,2,1,73.0,2,1,74.0,4,0,0,9,0,0,0,0,0,0,0,0,0,0,1,0,0,0,0,0,0,0,0,1,0,0,0,0,0,0,0,0,0,0,0,0,0,0,0,0,0,0,1,0,0,0,0,0,0,0,0,0,0,1,0,0,0,0,0,0,0,0,0,0,0,0,0
2019,서울특별시 동대문구1,서울특별시 동대문구 용두동(마장동사거리 부근),2019-11-25 17:00:00,0,1,74.0,0,1,25.0,4,0,0,9,0,0,0,0,0,0,0,0,0,0,1,0,0,0,0,0,0,0,0,1,0,0,0,0,0,0,0,0,0,0,0,0,0,0,0,0,0,0,1,0,0,0,0,0,0,0,0,0,0,0,0,0,0,0,0,1,0,0,0,0,0,0,0
2019,서울특별시 동대문구1,서울특별시 동대문구 용두동(마장동사거리 부근),2019-12-31 09:00:00,0,1,83.0,4,0,28.0,0,0,0,9,0,0,0,0,0,0,1,0,0,0,0,0,0,0,0,0,0,0,0,0,0,0,0,0,1,0,0,0,0,0,0,0,0,0,0,0,0,0,1,0,0,0,0,0,0,0,0,0,0,0,0,0,0,0,0,1,0,0,0,0,0,0,0
2019,서울특별시 동대문구2,서울특별시 동대문구 용두동(청계천대성스카이렉스 부근),2019-05-14 23:00:00,2,1,46.0,2,1,56.0,4,0,0,9,0,0,0,0,0,0,0,0,0,0,1,0,0,0,0,0,0,0,0,1,0,0,0,0,0,0,0,0,0,0,0,0,0,0,0,0,0,0,1,0,0,0,0,0,0,0,0,0,0,0,0,0,0,0,0,1,0,0,0,0,0,0,0
2019,서울특별시 동대문구2,서울특별시 동대문구 용두동(청계천대성스카이렉스 부근),2019-06-17 19:00:00,0,0,56.0,0,1,35.0,0,0,0,9,0,0,0,0,0,0,0,0,0,0,1,0,0,0,0,0,0,0,0,0,0,0,0,1,0,0,0,0,0,0,1,0,0,0,0,0,0,0,0,0,0,0,0,0,0,0,0,0,0,0,0,0,0,0,0,1,0,0,0,0,0,0,0
2019,서울특별시 동대문구2,서울특별시 동대문구 용두동(청계천대성스카이렉스 부근),2019-07-19 17:00:00,1,1,33.0,4,0,33.0,1,0,0,9,0,0,0,0,0,0,0,0,0,1,0,0,0,0,0,0,0,0,0,0,0,0,0,0,1,0,0,0,0,0,0,0,0,0,0,0,0,0,1,0,0,0,0,0,0,0,0,0,0,0,0,0,0,0,0,1,0,0,0,0,0,0,0
2019,서울특별시 동대문구2,서울특별시 동대문구 용두동(청계천대성스카이렉스 부근),2019-08-13 19:00:00,0,1,26.0,4,1,34.0,0,0,0,9,0,0,0,0,0,0,1,0,0,0,0,0,0,0,0,0,0,0,0,0,0,0,0,0,1,0,0,0,0,0,0,0,0,0,0,0,0,0,1,0,0,0,0,0,0,0,0,0,0,1,0,0,0,0,0,0,0,0,0,0,0,0,0
2019,서울특별시 동대문구2,서울특별시 동대문구 용두동(청계천대성스카이렉스 부근),2019-10-17 07:00:00,0,1,46.0,0,1,33.0,4,0,0,9,0,0,0,0,0,0,0,0,0,0,1,0,0,0,0,0,0,0,0,1,0,0,0,0,0,0,0,0,0,0,1,0,0,0,0,0,0,0,0,0,0,0,0,0,0,0,0,0,0,1,0,0,0,0,0,0,0,0,0,0,0,0,0
2019,서울특별시 동대문구2,서울특별시 동대문구 용두동(청계천대성스카이렉스 부근),2019-10-22 23:00:00,0,1,42.0,0,1,26.0,4,0,0,9,0,0,0,0,0,0,0,0,0,0,1,0,0,0,0,0,0,0,0,1,0,0,0,0,0,0,0,0,0,0,0,0,0,0,0,0,0,0,1,0,0,0,0,0,0,0,0,0,0,0,0,0,0,0,0,1,0,0,0,0,0,0,0
2019,서울특별시 동대문구2,서울특별시 동대문구 용두동(청계천대성스카이렉스 부근),2019-10-26 17:00:00,2,1,58.0,2,1,41.0,4,0,0,9,0,0,0,0,0,0,0,0,0,0,1,0,0,0,0,0,0,0,0,0,0,0,0,0,0,0,1,0,0,0,0,0,0,0,0,0,0,0,1,0,0,0,0,0,0,0,0,0,0,0,0,1,0,0,0,0,0,0,0,0,0,0,0
2019,서울특별시 동대문구2,서울특별시 동대문구 용두동(청계천대성스카이렉스 부근),2019-12-24 11:00:00,0,1,66.0,4,1,64.0,0,0,0,9,0,0,0,0,0,0,1,0,0,0,0,0,0,0,0,0,0,0,0,0,0,0,0,0,1,0,0,0,0,0,0,0,0,0,0,1,0,0,0,0,0,0,0,0,0,0,0,0,0,1,0,0,0,0,0,0,0,0,0,0,0,0,0
2019,서울특별시 동대문구3,서울특별시 동대문구 용두동(용두치안센터 부근),2019-03-08 14:00:00,0,1,66.0,0,1,64.0,4,0,0,8,0,0,0,0,0,0,0,0,0,0,1,0,0,0,0,0,0,0,0,0,0,0,0,0,0,0,1,0,0,0,1,0,0,0,0,0,0,0,0,0,0,0,0,0,0,0,0,0,0,0,0,0,0,0,0,1,0,0,0,0,0,0,0
2019,서울특별시 동대문구3,서울특별시 동대문구 용두동(용두치안센터 부근),2019-04-29 18:00:00,1,1,65.0,4,0,70.0,1,0,0,8,0,0,0,0,0,0,0,0,0,0,1,0,0,0,0,0,1,0,0,0,0,0,0,0,0,0,0,0,0,0,0,0,0,0,0,0,0,0,1,0,0,0,0,0,1,0,0,0,0,0,0,0,0,0,0,0,0,0,0,0,0,0,0
2019,서울특별시 동대문구3,서울특별시 동대문구 용두동(용두치안센터 부근),2019-05-04 12:00:00,0,1,37.0,4,1,35.0,0,0,0,8,0,0,0,0,0,0,0,0,0,1,0,0,0,0,0,0,0,0,0,0,0,0,0,0,1,0,0,0,0,0,0,0,0,0,0,1,0,0,0,0,0,0,0,0,0,0,0,0,0,0,0,0,0,0,0,1,0,0,0,0,0,0,0
2019,서울특별시 동대문구3,서울특별시 동대문구 용두동(용두치안센터 부근),2019-05-15 10:00:00,1,0,55.0,1,1,23.0,4,0,0,8,0,0,0,0,0,0,0,0,0,0,1,0,0,0,0,0,0,0,0,1,0,0,0,0,0,0,0,0,0,0,0,0,0,0,0,0,0,0,1,0,0,0,0,0,0,0,0,0,0,1,0,0,0,0,0,0,0,0,0,0,0,0,0
2019,서울특별시 동대문구3,서울특별시 동대문구 용두동(용두치안센터 부근),2019-06-22 11:00:00,0,1,61.0,4,1,25.0,0,0,0,8,0,0,0,0,0,0,1,0,0,0,0,0,0,0,0,0,0,0,0,0,0,0,0,0,1,0,0,0,0,0,0,0,0,0,0,0,0,0,1,0,0,0,0,0,0,0,0,0,0,1,0,0,0,0,0,0,0,0,0,0,0,0,0
2019,서울특별시 동대문구3,서울특별시 동대문구 용두동(용두치안센터 부근),2019-10-16 13:00:00,0,1,35.0,0,1,24.0,4,0,0,8,0,0,0,0,0,0,0,0,0,1,0,0,0,0,0,0,0,0,0,0,0,0,0,0,1,0,0,0,0,0,1,0,0,0,0,0,0,0,0,0,0,0,0,0,0,0,0,0,0,0,0,0,0,0,0,1,0,0,0,0,0,0,0
2019,서울특별시 동대문구3,서울특별시 동대문구 용두동(용두치안센터 부근),2019-10-22 12:00:00,0,0,60.0,4,0,61.0,0,0,0,8,0,0,0,0,0,0,1,0,0,0,0,0,0,0,0,0,0,0,0,0,0,0,0,0,1,0,0,0,0,0,0,0,0,0,0,0,0,0,1,0,0,0,0,0,0,0,0,0,0,0,0,0,0,0,0,1,0,0,0,0,0,0,0
2019,서울특별시 동대문구4,서울특별시 동대문구 용두동(성심의원고산자로진입 부근),2019-04-08 10:00:00,2,1,79.0,2,1,50.0,4,0,1,5,0,0,0,0,0,0,0,0,0,0,1,0,0,0,0,0,0,0,0,1,0,0,0,0,0,0,0,0,0,0,0,0,0,0,0,0,0,0,1,0,0,0,0,0,0,0,0,0,0,1,0,0,0,0,0,0,0,0,0,0,0,0,0
2019,서울특별시 동대문구4,서울특별시 동대문구 용두동(성심의원고산자로진입 부근),2019-04-14 23:00:00,0,1,67.0,0,1,58.0,4,0,1,5,0,0,0,0,0,0,0,0,0,0,1,0,0,0,0,0,0,0,0,0,0,0,0,0,0,0,1,0,0,0,0,0,0,0,0,0,0,0,1,0,0,0,0,0,0,0,0,0,0,1,0,0,0,0,0,0,0,0,0,0,0,0,0
2019,서울특별시 동대문구4,서울특별시 동대문구 용두동(성심의원고산자로진입 부근),2019-09-03 09:00:00,0,1,65.0,0,1,38.0,4,0,1,5,0,0,0,0,0,0,0,0,0,0,1,0,0,0,0,0,0,0,0,1,0,0,0,0,0,0,0,0,0,0,0,0,0,0,0,0,0,0,1,0,0,0,0,0,0,0,0,0,0,0,0,0,0,0,0,1,0,0,0,0,0,0,0
2019,서울특별시 동대문구4,서울특별시 동대문구 용두동(성심의원고산자로진입 부근),2019-09-10 09:00:00,1,1,52.0,4,1,61.0,1,2,1,5,0,0,0,0,0,0,0,0,0,0,0,0,1,0,0,0,0,0,0,0,0,0,0,0,1,0,0,0,0,0,0,0,0,0,0,0,0,0,1,0,0,0,0,0,0,0,0,0,0,0,0,0,0,0,0,1,0,0,0,0,0,0,0
2019,서울특별시 동대문구4,서울특별시 동대문구 용두동(성심의원고산자로진입 부근),2019-09-12 15:00:00,0,0,67.0,0,1,40.0,4,1,1,5,0,0,0,0,0,0,0,0,0,0,1,0,0,0,0,0,0,0,0,1,0,0,0,0,0,0,0,0,0,0,1,0,0,0,0,0,0,0,0,0,0,0,0,0,0,0,0,0,0,1,0,0,0,0,0,0,0,0,0,0,0,0,0
2019,서울특별시 동대문구4,서울특별시 동대문구 용두동(성심의원고산자로진입 부근),2019-10-18 05:00:00,3,1,55.0,4,1,77.0,3,0,1,5,0,0,0,0,0,0,1,0,0,0,0,0,0,0,0,0,0,0,0,0,0,0,0,0,1,0,0,0,0,0,0,0,0,0,0,0,0,0,1,0,0,0,0,0,0,0,0,0,0,0,1,0,0,0,0,0,0,0,0,0,0,0,0
2019,서울특별시 동대문구5,서울특별시 동대문구 청량리동(식당재료유통할인 부근),2019-07-29 12:00:00,0,1,40.0,4,0,62.0,0,0,0,6,0,0,0,0,0,0,0,0,0,0,0,0,1,0,0,0,0,0,0,0,0,0,0,0,1,0,0,0,0,0,0,0,0,0,0,0,0,0,1,0,0,0,0,0,0,0,0,0,0,0,0,0,0,0,0,1,0,0,0,0,0,0,0
2019,서울특별시 동대문구5,서울특별시 동대문구 청량리동(식당재료유통할인 부근),2019-07-31 10:00:00,2,0,65.0,2,1,58.0,4,1,0,6,0,0,0,0,0,0,0,0,0,0,1,0,0,0,0,0,0,0,0,0,0,0,0,0,0,0,1,0,0,0,0,0,0,0,0,0,0,0,1,0,0,0,0,0,0,0,0,0,0,0,0,1,0,0,0,0,0,0,0,0,0,0,0
2019,서울특별시 동대문구5,서울특별시 동대문구 청량리동(식당재료유통할인 부근),2019-08-07 18:00:00,1,1,57.0,4,0,68.0,1,0,0,6,0,0,0,0,0,0,0,0,1,0,0,0,0,0,0,0,0,0,0,0,0,0,0,0,1,0,0,0,0,0,0,0,0,0,0,0,0,0,1,0,0,0,0,0,0,0,0,0,0,0,0,1,0,0,0,0,0,0,0,0,0,0,0
2019,서울특별시 동대문구5,서울특별시 동대문구 청량리동(식당재료유통할인 부근),2019-08-28 14:00:00,0,1,55.0,4,1,11.0,0,0,0,6,0,0,0,0,0,0,0,0,0,1,0,0,0,0,0,0,0,0,0,0,0,0,0,0,1,0,0,0,0,0,0,0,0,0,0,0,0,0,1,0,0,0,0,0,0,0,0,0,0,0,0,0,0,0,0,1,0,0,0,0,0,0,0
2019,서울특별시 동대문구5,서울특별시 동대문구 청량리동(식당재료유통할인 부근),2019-09-23 13:00:00,1,0,55.0,4,0,62.0,1,0,0,6,0,0,0,0,0,0,1,0,0,0,0,0,0,0,0,0,0,0,0,0,0,0,0,0,1,0,0,0,0,0,0,0,0,0,0,0,1,0,0,0,0,0,0,0,0,0,0,0,0,0,0,0,0,0,0,1,0,0,0,0,0,0,0
2019,서울특별시 동대문구5,서울특별시 동대문구 청량리동(식당재료유통할인 부근),2019-12-19 13:00:00,0,1,85.0,4,1,77.0,0,0,0,6,0,0,0,0,0,0,1,0,0,0,0,0,0,0,0,0,0,0,0,0,0,0,0,0,1,0,0,0,0,0,0,0,0,0,0,0,0,0,1,0,0,0,0,0,0,0,0,0,0,1,0,0,0,0,0,0,0,0,0,0,0,0,0
2019,서울특별시 동대문구6,서울특별시 동대문구 장안동(장한로답십리로진출 부근),2019-01-06 06:00:00,1,0,70.0,1,1,75.0,4,0,0,5,0,0,0,0,0,0,0,0,0,0,1,0,0,0,0,0,0,0,0,0,0,0,0,1,0,0,0,0,0,0,0,0,0,0,0,0,0,0,0,0,1,0,0,0,0,0,0,0,0,1,0,0,0,0,0,0,0,0,0,0,0,0,0
2019,서울특별시 동대문구6,서울특별시 동대문구 장안동(장한로답십리로진출 부근),2019-08-09 07:00:00,1,1,71.0,4,1,49.0,1,0,0,5,0,0,0,0,0,0,0,0,0,0,0,0,1,0,0,0,0,0,0,0,0,0,0,0,1,0,0,0,0,0,0,0,0,0,0,1,0,0,0,0,0,0,0,0,0,0,0,0,0,1,0,0,0,0,0,0,0,0,0,0,0,0,0
2019,서울특별시 동대문구6,서울특별시 동대문구 장안동(장한로답십리로진출 부근),2019-09-09 12:00:00,1,1,91.0,4,0,67.0,1,0,0,5,0,0,0,0,0,0,0,0,0,0,1,0,0,0,0,0,1,0,0,0,0,0,0,0,0,0,0,0,0,0,0,0,0,0,0,0,0,0,1,0,0,0,0,0,1,0,0,0,0,0,0,0,0,0,0,0,0,0,0,0,0,0,0
2019,서울특별시 동대문구6,서울특별시 동대문구 장안동(장한로답십리로진출 부근),2019-10-22 19:00:00,0,0,11.0,0,1,70.0,4,0,0,5,0,0,0,0,0,0,0,0,0,0,1,0,0,0,0,0,0,0,0,0,0,0,0,0,0,0,1,0,0,0,1,0,0,0,0,0,0,0,0,0,0,0,0,0,0,0,0,0,0,0,0,0,0,0,0,1,0,0,0,0,0,0,0
2019,서울특별시 동대문구6,서울특별시 동대문구 장안동(장한로답십리로진출 부근),2019-11-07 19:00:00,1,1,36.0,4,1,69.0,1,0,0,5,0,0,0,0,0,0,1,0,0,0,0,0,0,0,0,0,0,0,0,0,0,0,0,0,1,0,0,0,0,0,1,0,0,0,0,0,0,0,0,0,0,0,0,0,0,0,0,0,0,1,0,0,0,0,0,0,0,0,0,0,0,0,0
2019,서울특별시 동대문구7,서울특별시 동대문구 장안동(나나약국 부근),2019-03-26 07:00:00,0,1,67.0,4,0,78.0,0,0,0,5,0,0,0,0,0,0,1,0,0,0,0,0,0,0,0,0,0,0,0,0,0,0,0,0,1,0,0,0,0,0,0,0,0,0,0,0,0,0,1,0,0,0,0,0,0,0,0,0,0,0,0,0,0,0,0,1,0,0,0,0,0,0,0
2019,서울특별시 동대문구7,서울특별시 동대문구 장안동(나나약국 부근),2019-05-16 17:00:00,0,0,37.0,4,0,82.0,0,0,0,5,0,0,0,0,0,0,1,0,0,0,0,0,0,0,0,0,0,0,0,0,0,0,0,0,1,0,0,0,0,0,1,0,0,0,0,0,0,0,0,0,0,0,0,0,0,0,0,0,0,0,0,0,0,0,0,1,0,0,0,0,0,0,0
2019,서울특별시 동대문구7,서울특별시 동대문구 장안동(나나약국 부근),2019-06-08 08:00:00,1,1,59.0,4,0,64.0,1,0,0,5,0,0,0,0,0,0,1,0,0,0,0,0,0,0,0,0,0,0,0,0,0,0,0,0,1,0,0,0,0,0,0,0,0,0,0,0,0,0,1,0,0,0,0,0,0,0,0,0,0,1,0,0,0,0,0,0,0,0,0,0,0,0,0
2019,서울특별시 동대문구7,서울특별시 동대문구 장안동(나나약국 부근),2019-08-09 04:00:00,1,1,66.0,4,1,53.0,1,3,0,5,0,0,0,0,0,0,0,0,0,0,1,0,0,0,0,0,0,0,0,0,0,0,0,0,1,0,0,0,0,0,0,0,0,0,0,0,0,0,1,0,0,0,0,0,0,0,0,0,0,0,1,0,0,0,0,0,0,0,0,0,0,0,0
2019,서울특별시 동대문구7,서울특별시 동대문구 장안동(나나약국 부근),2019-09-30 17:00:00,1,1,69.0,4,1,62.0,1,0,0,5,0,0,0,0,0,0,0,1,0,0,0,0,0,0,0,0,0,0,0,0,0,0,0,0,1,0,0,0,0,0,0,0,0,0,0,0,0,0,1,0,0,0,0,0,0,0,0,0,0,0,0,0,0,0,0,1,0,0,0,0,0,0,0
2019,서울특별시 동대문구8,서울특별시 동대문구 장안동(서광아침의빛아파트 부근),2019-05-02 18:00:00,1,1,42.0,2,0,67.0,1,0,0,8,0,0,0,0,0,0,0,0,0,0,1,0,0,0,0,0,1,0,0,0,0,0,0,0,0,0,0,0,0,0,0,0,0,0,0,0,0,0,1,0,0,0,0,0,1,0,0,0,0,0,0,0,0,0,0,0,0,0,0,0,0,0,0
2019,서울특별시 동대문구8,서울특별시 동대문구 장안동(서광아침의빛아파트 부근),2019-05-04 19:00:00,0,1,28.0,0,1,49.0,4,0,0,8,0,0,0,0,0,0,0,0,0,0,1,0,0,0,0,0,0,0,0,1,0,0,0,0,0,0,0,0,0,0,1,0,0,0,0,0,0,0,0,0,0,0,0,0,0,0,0,0,0,0,0,0,0,0,0,1,0,0,0,0,0,0,0
2019,서울특별시 동대문구8,서울특별시 동대문구 장안동(서광아침의빛아파트 부근),2019-05-22 19:00:00,1,1,49.0,1,1,35.0,0,0,0,8,0,0,0,0,0,0,0,0,0,0,1,0,0,0,0,0,0,0,0,0,0,0,0,1,0,0,0,0,0,0,0,0,0,0,0,1,0,0,0,0,0,0,0,0,0,0,0,0,0,0,0,0,0,0,0,1,0,0,0,0,0,0,0
2019,서울특별시 동대문구8,서울특별시 동대문구 장안동(서광아침의빛아파트 부근),2019-07-04 14:00:00,0,0,59.0,4,0,45.0,0,0,0,8,0,0,0,0,0,0,0,0,0,0,1,0,0,0,0,0,0,0,0,0,0,0,0,0,1,0,0,0,0,0,0,0,0,0,0,0,0,0,1,0,0,0,0,0,0,0,0,0,0,0,0,1,0,0,0,0,0,0,0,0,0,0,0
2019,서울특별시 동대문구8,서울특별시 동대문구 장안동(서광아침의빛아파트 부근),2019-07-19 18:00:00,0,1,59.0,0,1,30.0,0,1,0,8,0,0,0,0,0,0,0,0,0,0,1,0,0,0,0,0,0,0,0,0,0,0,0,0,1,0,0,0,0,0,0,0,0,0,0,0,0,0,1,0,0,0,0,0,0,0,0,0,0,1,0,0,0,0,0,0,0,0,0,0,0,0,0
2019,서울특별시 동대문구9,서울특별시 동대문구 답십리동(촬영소사거리 부근),2019-05-27 19:00:00,0,0,45.0,4,1,60.0,0,1,0,4,0,0,0,0,0,0,1,0,0,0,0,0,0,0,0,0,0,0,0,0,0,0,0,0,1,0,0,0,0,0,1,0,0,0,0,0,0,0,0,0,0,0,0,0,0,0,0,0,0,0,0,0,0,0,0,1,0,0,0,0,0,0,0
2019,서울특별시 동대문구9,서울특별시 동대문구 답십리동(촬영소사거리 부근),2019-07-13 10:00:00,0,1,37.0,0,1,56.0,4,0,0,4,0,0,0,0,0,0,0,0,0,0,1,0,0,0,0,0,0,0,0,1,0,0,0,0,0,0,0,0,0,0,0,0,0,0,0,0,0,0,1,0,0,0,0,0,0,0,0,0,0,0,0,1,0,0,0,0,0,0,0,0,0,0,0
2019,서울특별시 동대문구9,서울특별시 동대문구 답십리동(촬영소사거리 부근),2019-10-01 07:00:00,1,1,61.0,4,0,72.0,1,0,0,4,0,0,0,0,0,0,0,0,0,0,0,0,1,0,0,0,0,0,0,0,0,0,0,0,1,0,0,0,0,0,1,0,0,0,0,0,0,0,0,0,0,0,0,0,0,0,0,0,0,1,0,0,0,0,0,0,0,0,0,0,0,0,0
2019,서울특별시 동대문구9,서울특별시 동대문구 답십리동(촬영소사거리 부근),2019-10-07 14:00:00,2,1,54.0,2,1,68.0,4,2,0,4,0,0,0,0,0,0,0,0,0,0,1,0,0,0,0,0,0,0,0,1,0,0,0,0,0,0,0,0,0,0,0,0,0,0,0,0,0,0,0,0,1,0,0,0,0,0,0,0,0,1,0,0,0,0,0,0,0,0,0,0,0,0,0