사고년도,다발시군구,지점명,사고일시,사고등급,가해자성별,가해자연령,가해자신체상해정도,피해자성별,피해자연령,피해자신체상해정도,기상상태,사망자수,부상자수,가해차종_개인형이동수단(PM),가해차종_건설기계,가해차종_기타,가해차종_농기계,가해차종_불명,가해차종_사륜오토바이(ATV),가해차종_승용차,가해차종_승합차,가해차종_원동기장치자전거,가해차종_이륜차,가해차종_자전거,가해차종_특수차,가해차종_화물차,피해차종_개인형이동수단(PM),피해차종_건설기계,피해차종_기타,피해차종_보행자,피해차종_불명,피해차종_사륜오토바이(ATV),피해차종_승용차,피해차종_승합차,피해차종_없음,피해차종_원동기장치자전거,피해차종_이륜차,피해차종_자전거,피해차종_특수차,피해차종_화물차,가해자법규위반_과속,가해자법규위반_교차로 통행방법 위반,가해자법규위반_교차로운행방법위반,가해자법규위반_기타,가해자법규위반_미분류,가해자법규위반_보행자 보호의무 위반,가해자법규위반_보행자보호의무위반,가해자법규위반_불법유턴,가해자법규위반_신호위반,가해자법규위반_안전거리 미확보,가해자법규위반_안전거리미확보,가해자법규위반_안전운전 의무 불이행,가해자법규위반_안전운전불이행,가해자법규위반_중앙선 침범,가해자법규위반_중앙선침범,가해자법규위반_직진우회전진행방해,가해자법규위반_차로위반,사고유형_차대사람 - 기타,사고유형_차대사람 - 길가장자리구역통행중,사고유형_차대사람 - 보도통행중,사고유형_차대사람 - 차도통행중,사고유형_차대사람 - 횡단중,사고유형_차대차 - 기타,사고유형_차대차 - 정면충돌,사고유형_차대차 - 추돌,사고유형_차대차 - 추돌 - 주정차중,사고유형_차대차 - 추돌 - 진행중,사고유형_차대차 - 측면직각충돌,사고유형_차대차 - 측면충돌,사고유형_차대차 - 후진중충돌,사고유형_차량단독 - 공작물충돌,사고유형_차량단독 - 기타,사고유형_차량단독 - 도로외이탈 - 추락,사고유형_차량단독 - 전도,사고유형_차량단독 - 전도전복,사고유형_차량단독 - 전도전복 - 전도
2019,서울특별시 중랑구11,서울특별시 중랑구 면목동(혜원사거리 부근),2019-09-25 16:00:00,1,1,12.0,1,2,47.23777883246322,6,0,0,6,0,0,0,0,0,0,0,0,0,0,1,0,0,0,0,0,0,0,0,0,0,1,0,0,0,0,0,0,0,0,0,0,0,0,0,0,0,0,1,0,0,0,0,0,0,0,0,0,0,0,0,0,0,0,0,0,0,0,1,0,0,0,0
2019,서울특별시 중랑구11,서울특별시 중랑구 면목동(혜원사거리 부근),2019-10-18 14:00:00,0,1,32.0,2,1,30.0,0,0,0,6,0,0,0,0,0,0,0,0,0,0,1,0,0,0,0,0,0,0,0,0,0,0,0,1,0,0,0,0,0,0,0,0,0,0,0,0,0,0,0,0,1,0,0,0,0,0,0,0,0,0,0,0,0,0,0,1,0,0,0,0,0,0,0
2019,서울특별시 성북구1,서울특별시 성북구 석관동(우현빌딩 부근),2019-01-27 20:00:00,1,1,22.0,4,1,48.0,1,0,0,7,0,0,0,0,0,0,1,0,0,0,0,0,0,0,0,0,0,0,0,0,0,0,0,0,1,0,0,0,0,0,0,0,0,0,0,1,0,0,0,0,0,0,0,0,0,0,0,0,0,1,0,0,0,0,0,0,0,0,0,0,0,0,0
2019,서울특별시 성북구1,서울특별시 성북구 석관동(우현빌딩 부근),2019-03-01 14:00:00,2,1,11.0,5,0,32.0,2,0,0,7,0,0,0,0,0,0,0,0,0,0,1,0,0,0,0,0,1,0,0,0,0,0,0,0,0,0,0,0,0,0,0,0,0,0,0,0,0,0,1,0,0,0,0,0,1,0,0,0,0,0,0,0,0,0,0,0,0,0,0,0,0,0,0
2019,서울특별시 성북구1,서울특별시 성북구 석관동(우현빌딩 부근),2019-03-08 14:00:00,0,1,14.0,4,0,40.0,0,0,0,7,0,0,0,0,0,0,0,0,0,0,1,0,0,0,0,0,1,0,0,0,0,0,0,0,0,0,0,0,0,0,0,0,0,0,0,0,0,0,1,0,0,0,0,0,0,1,0,0,0,0,0,0,0,0,0,0,0,0,0,0,0,0,0
2019,서울특별시 성북구1,서울특별시 성북구 석관동(우현빌딩 부근),2019-07-06 02:00:00,0,1,57.0,4,1,44.0,0,0,0,7,0,0,0,0,0,0,1,0,0,0,0,0,0,0,0,0,0,0,0,0,0,0,0,0,1,0,0,0,0,0,0,0,0,0,0,1,0,0,0,0,0,0,0,0,0,0,0,0,0,0,0,0,0,0,0,1,0,0,0,0,0,0,0
2019,서울특별시 성북구1,서울특별시 성북구 석관동(우현빌딩 부근),2019-07-18 18:00:00,0,1,62.0,5,1,61.0,0,0,0,7,0,0,0,0,0,0,1,0,0,0,0,0,0,0,0,0,0,0,0,0,0,0,0,0,1,0,0,0,0,0,0,0,0,0,0,0,0,0,1,0,0,0,0,0,0,0,0,0,0,1,0,0,0,0,0,0,0,0,0,0,0,0,0
2019,서울특별시 성북구1,서울특별시 성북구 석관동(우현빌딩 부근),2019-10-23 15:00:00,0,1,62.0,4,1,24.0,0,0,0,7,0,0,0,0,0,0,1,0,0,0,0,0,0,0,0,0,0,0,0,0,0,0,0,0,1,0,0,0,0,0,0,0,0,0,0,0,0,0,1,0,0,0,0,0,0,0,0,0,0,0,0,0,0,0,0,1,0,0,0,0,0,0,0
2019,서울특별시 성북구1,서울특별시 성북구 석관동(우현빌딩 부근),2019-11-07 20:00:00,0,2,47.74785772029103,5,1,75.0,0,0,0,7,0,0,0,0,1,0,0,0,0,0,0,0,0,0,0,0,0,0,0,0,0,0,0,0,1,0,0,0,0,0,0,0,0,0,0,0,0,0,1,0,0,0,0,0,0,0,0,0,0,0,0,0,0,0,0,1,0,0,0,0,0,0,0
2019,서울특별시 성북구2,서울특별시 성북구 종암동(종암사거리 부근),2019-05-04 18:00:00,0,1,54.0,0,1,60.0,4,0,0,6,0,0,0,0,0,0,0,0,0,0,1,0,0,0,0,0,0,0,0,1,0,0,0,0,0,0,0,0,0,0,0,0,0,0,0,1,0,0,0,0,0,0,0,0,0,0,0,0,0,0,0,0,0,0,0,1,0,0,0,0,0,0,0
2019,서울특별시 성북구2,서울특별시 성북구 종암동(종암사거리 부근),2019-05-07 12:00:00,0,1,67.0,5,0,52.0,0,0,0,6,0,0,0,0,0,0,0,0,0,0,1,0,0,0,0,0,1,0,0,0,0,0,0,0,0,0,0,0,0,0,0,0,0,0,0,1,0,0,0,0,0,0,0,0,0,0,0,0,1,0,0,0,0,0,0,0,0,0,0,0,0,0,0
2019,서울특별시 성북구2,서울특별시 성북구 종암동(종암사거리 부근),2019-06-05 15:00:00,0,1,59.0,4,0,48.0,0,0,0,6,0,0,0,0,0,0,0,0,0,0,0,0,1,0,0,0,0,0,0,0,0,0,0,0,1,0,0,0,0,0,0,0,0,0,0,0,0,0,1,0,0,0,0,0,0,0,0,0,0,1,0,0,0,0,0,0,0,0,0,0,0,0,0
2019,서울특별시 성북구2,서울특별시 성북구 종암동(종암사거리 부근),2019-07-16 21:00:00,1,0,53.0,4,1,50.0,1,0,0,6,0,0,0,0,0,0,1,0,0,0,0,0,0,0,0,0,0,0,0,0,0,0,0,0,1,0,0,0,0,0,0,0,0,0,0,0,0,0,1,0,0,0,0,0,0,0,0,0,0,0,0,0,0,0,0,1,0,0,0,0,0,0,0
2019,서울특별시 성북구2,서울특별시 성북구 종암동(종암사거리 부근),2019-10-25 17:00:00,1,1,22.0,1,1,64.0,4,0,0,6,0,0,0,0,0,0,0,0,0,0,1,0,0,0,0,0,0,0,0,1,0,0,0,0,0,0,0,0,0,0,0,0,0,0,0,0,0,0,1,0,0,0,0,0,0,0,0,0,0,0,0,0,0,0,0,1,0,0,0,0,0,0,0
2019,서울특별시 성북구2,서울특별시 성북구 종암동(종암사거리 부근),2019-11-20 01:00:00,1,1,23.0,1,1,26.0,4,0,0,6,0,0,0,0,0,0,0,0,0,0,1,0,0,0,0,0,0,0,0,1,0,0,0,0,0,0,0,0,0,0,1,0,0,0,0,0,0,0,0,0,0,0,0,0,0,0,0,0,0,0,0,0,0,0,0,1,0,0,0,0,0,0,0
2019,서울특별시 성북구3,서울특별시 성북구 종암동(고려대역 부근),2019-04-19 07:00:00,0,0,21.0,0,1,37.0,4,0,0,5,0,0,0,0,0,0,0,0,0,0,1,0,0,0,0,0,0,0,0,0,0,0,0,0,0,0,1,0,0,0,0,0,0,0,0,0,0,0,1,0,0,0,0,0,0,0,0,0,0,0,0,0,0,0,0,1,0,0,0,0,0,0,0
2019,서울특별시 성북구3,서울특별시 성북구 종암동(고려대역 부근),2019-07-20 12:00:00,0,2,47.74785772029103,5,1,9.0,0,0,0,5,0,0,0,0,1,0,0,0,0,0,0,0,0,0,0,0,0,0,0,0,0,0,0,0,1,0,0,0,0,0,0,0,0,0,0,0,0,0,1,0,0,0,0,0,0,0,0,0,0,0,0,0,0,0,0,1,0,0,0,0,0,0,0
2019,서울특별시 성북구3,서울특별시 성북구 종암동(고려대역 부근),2019-08-21 18:00:00,0,1,39.0,4,1,77.0,0,2,0,5,0,0,0,0,0,0,0,0,0,1,0,0,0,0,0,0,0,0,0,0,0,0,0,0,1,0,0,0,0,0,0,0,0,0,0,1,0,0,0,0,0,0,0,0,0,0,0,0,0,0,0,0,0,0,0,1,0,0,0,0,0,0,0
2019,서울특별시 성북구3,서울특별시 성북구 종암동(고려대역 부근),2019-10-18 02:00:00,0,1,22.0,0,1,70.0,4,0,0,5,0,0,0,0,0,0,0,0,0,0,1,0,0,0,0,0,0,0,0,1,0,0,0,0,0,0,0,0,0,0,0,0,0,0,0,0,0,0,0,0,1,0,0,0,0,0,0,0,0,0,0,0,0,0,0,1,0,0,0,0,0,0,0
2019,서울특별시 성북구3,서울특별시 성북구 종암동(고려대역 부근),2019-11-30 13:00:00,1,1,62.0,4,1,74.0,1,0,0,5,0,0,0,0,0,0,1,0,0,0,0,0,0,0,0,0,0,0,0,0,0,0,0,0,1,0,0,0,0,0,1,0,0,0,0,0,0,0,0,0,0,0,0,0,0,0,0,0,0,0,0,0,0,0,0,1,0,0,0,0,0,0,0
2019,서울특별시 성북구4,서울특별시 성북구 삼선동1가(한성대입구역 부근),2019-01-12 15:00:00,0,1,64.0,4,0,38.0,0,1,0,5,0,0,0,0,0,0,1,0,0,0,0,0,0,0,0,0,0,0,0,0,0,0,0,0,1,0,0,0,0,0,1,0,0,0,0,0,0,0,0,0,0,0,0,0,0,0,0,0,0,1,0,0,0,0,0,0,0,0,0,0,0,0,0
2019,서울특별시 성북구4,서울특별시 성북구 삼선동1가(한성대입구역 부근),2019-05-03 18:00:00,0,1,22.0,0,1,40.0,4,0,0,5,0,0,0,0,0,0,0,0,0,0,1,0,0,0,0,0,0,0,0,1,0,0,0,0,0,0,0,0,0,0,0,0,0,0,0,1,0,0,0,0,0,0,0,0,0,0,0,0,0,0,0,0,0,0,0,1,0,0,0,0,0,0,0
2019,서울특별시 성북구4,서울특별시 성북구 삼선동1가(한성대입구역 부근),2019-05-28 16:00:00,2,1,21.0,2,1,45.0,4,0,0,5,0,0,0,0,0,0,0,0,0,0,1,0,0,0,0,0,0,0,0,1,0,0,0,0,0,0,0,0,0,0,0,0,0,0,0,0,0,0,1,0,0,0,0,0,0,0,0,0,0,0,0,0,0,0,0,1,0,0,0,0,0,0,0
2019,서울특별시 성북구4,서울특별시 성북구 삼선동1가(한성대입구역 부근),2019-08-12 18:00:00,0,0,50.0,4,1,32.0,0,0,0,5,0,0,0,0,0,0,1,0,0,0,0,0,0,0,0,0,0,0,0,0,0,0,0,0,1,0,0,0,0,0,0,0,0,0,0,1,0,0,0,0,0,0,0,0,0,0,0,0,0,0,0,0,0,0,0,1,0,0,0,0,0,0,0
2019,서울특별시 성북구4,서울특별시 성북구 삼선동1가(한성대입구역 부근),2019-10-02 23:00:00,0,1,52.0,4,1,28.0,0,2,0,5,0,0,0,0,0,0,1,0,0,0,0,0,0,0,0,0,0,0,0,0,0,0,0,0,1,0,0,0,0,0,1,0,0,0,0,0,0,0,0,0,0,0,0,0,0,0,0,0,0,0,0,0,0,0,0,1,0,0,0,0,0,0,0
2019,서울특별시 성북구5,서울특별시 성북구 장위동(오현초교 부근),2019-05-22 09:00:00,0,0,19.0,0,1,27.0,4,0,0,4,0,0,0,0,0,0,0,0,0,0,1,0,0,0,0,0,0,0,0,1,0,0,0,0,0,0,0,0,0,0,0,0,0,0,0,0,0,0,1,0,0,0,0,0,0,0,0,0,0,0,0,0,0,0,0,1,0,0,0,0,0,0,0
2019,서울특별시 성북구5,서울특별시 성북구 장위동(오현초교 부근),2019-06-23 14:00:00,0,0,19.0,0,1,22.0,4,0,0,4,0,0,0,0,0,0,0,0,0,0,1,0,0,0,0,0,0,0,0,1,0,0,0,0,0,0,0,0,0,0,0,0,0,0,0,0,0,0,1,0,0,0,0,0,0,0,0,0,0,0,0,0,0,0,0,1,0,0,0,0,0,0,0
2019,서울특별시 성북구5,서울특별시 성북구 장위동(오현초교 부근),2019-09-27 20:00:00,0,1,58.0,4,1,32.0,0,0,0,4,0,0,0,0,0,0,0,0,0,0,1,0,0,0,0,0,0,0,0,0,0,0,0,1,0,0,0,0,0,0,0,0,0,0,0,0,0,0,0,0,1,0,0,0,0,0,0,0,0,1,0,0,0,0,0,0,0,0,0,0,0,0,0
2019,서울특별시 성북구5,서울특별시 성북구 장위동(오현초교 부근),2019-11-18 08:00:00,1,1,18.0,4,0,67.0,1,1,0,4,0,0,0,0,0,0,0,0,0,0,1,0,0,0,0,0,1,0,0,0,0,0,0,0,0,0,0,0,0,0,0,0,0,0,0,1,0,0,0,0,0,0,0,0,0,0,0,0,1,0,0,0,0,0,0,0,0,0,0,0,0,0,0
2019,서울특별시 강북구1,서울특별시 강북구 번동(김홍석치과 부근),2019-01-02 09:00:00,0,1,72.0,4,1,22.0,0,0,1,8,0,0,0,0,0,0,1,0,0,0,0,0,0,0,0,0,0,0,0,0,0,0,0,0,1,0,0,0,0,0,0,0,0,0,0,1,0,0,0,0,0,0,0,0,0,0,0,0,0,1,0,0,0,0,0,0,0,0,0,0,0,0,0
2019,서울특별시 강북구1,서울특별시 강북구 번동(김홍석치과 부근),2019-01-28 14:00:00,0,0,59.0,4,0,35.0,0,0,1,8,0,0,0,0,0,0,0,0,0,0,1,0,0,0,0,0,1,0,0,0,0,0,0,0,0,0,0,0,0,0,1,0,0,0,0,0,0,0,0,0,0,0,0,0,0,0,1,0,0,0,0,0,0,0,0,0,0,0,0,0,0,0,0
2019,서울특별시 강북구1,서울특별시 강북구 번동(김홍석치과 부근),2019-02-21 07:00:00,1,0,69.0,1,1,38.0,4,0,1,8,0,0,0,0,0,0,0,0,0,0,1,0,0,0,0,0,0,0,0,1,0,0,0,0,0,0,0,0,0,0,0,0,0,0,0,0,0,0,0,0,1,0,0,0,0,0,0,0,0,0,0,0,0,0,0,1,0,0,0,0,0,0,0
2019,서울특별시 강북구1,서울특별시 강북구 번동(김홍석치과 부근),2019-06-13 16:00:00,0,1,63.0,4,0,75.0,0,0,1,8,0,0,0,0,0,0,0,0,0,1,0,0,0,0,0,0,0,0,0,0,0,0,0,0,1,0,0,0,0,0,0,0,0,0,0,0,0,0,1,0,0,0,0,0,0,0,0,0,0,0,0,0,0,0,0,1,0,0,0,0,0,0,0
2019,서울특별시 강북구1,서울특별시 강북구 번동(김홍석치과 부근),2019-07-15 16:00:00,0,1,64.0,4,1,71.0,0,0,1,8,0,1,0,0,0,0,0,0,0,0,0,0,0,0,0,0,0,0,0,0,0,0,0,0,1,0,0,0,0,0,0,0,0,0,0,0,0,0,1,0,0,0,0,0,0,0,0,0,0,0,0,0,0,0,0,1,0,0,0,0,0,0,0
2019,서울특별시 강북구1,서울특별시 강북구 번동(김홍석치과 부근),2019-07-26 01:00:00,0,0,27.0,4,0,41.0,0,0,1,8,0,0,0,0,0,0,0,0,0,0,1,0,0,0,0,0,1,0,0,0,0,0,0,0,0,0,0,0,0,0,1,0,0,0,0,0,0,0,0,0,0,0,0,0,0,0,1,0,0,0,0,0,0,0,0,0,0,0,0,0,0,0,0
2019,서울특별시 강북구1,서울특별시 강북구 번동(김홍석치과 부근),2019-08-07 18:00:00,3,1,80.0,3,1,58.0,4,0,1,8,0,0,0,0,0,0,0,0,0,0,1,0,0,0,0,0,0,0,0,0,0,0,0,0,0,0,1,0,0,0,1,0,0,0,0,0,0,0,0,0,0,0,0,0,0,0,0,0,0,0,1,0,0,0,0,0,0,0,0,0,0,0,0
2019,서울특별시 강북구1,서울특별시 강북구 번동(김홍석치과 부근),2019-09-22 15:00:00,0,1,43.0,4,0,64.0,0,0,1,8,0,0,0,0,0,0,0,0,0,0,1,0,0,0,0,0,1,0,0,0,0,0,0,0,0,0,0,0,0,0,0,0,1,0,0,0,0,0,0,0,0,0,0,0,1,0,0,0,0,0,0,0,0,0,0,0,0,0,0,0,0,0,0
2019,서울특별시 강북구1,서울특별시 강북구 번동(김홍석치과 부근),2019-09-28 19:00:00,0,1,59.0,4,1,47.0,0,0,1,8,0,0,0,0,0,0,1,0,0,0,0,0,0,0,0,0,0,0,0,0,0,0,0,0,1,0,0,0,0,0,1,0,0,0,0,0,0,0,0,0,0,0,0,0,0,0,0,0,0,0,0,0,0,0,0,1,0,0,0,0,0,0,0
2019,서울특별시 강북구2,서울특별시 강북구 미아동(수유치과의원 부근),2019-02-08 17:00:00,0,1,65.0,4,1,11.0,0,0,0,7,0,0,0,0,0,0,0,0,0,1,0,0,0,0,0,0,0,0,0,0,0,0,0,0,1,0,0,0,0,0,0,0,0,0,0,1,0,0,0,0,0,0,0,0,0,0,0,0,0,0,0,0,0,0,0,1,0,0,0,0,0,0,0
2019,서울특별시 강북구2,서울특별시 강북구 미아동(수유치과의원 부근),2019-05-17 23:00:00,2,1,59.0,2,1,35.0,4,0,0,7,0,0,0,0,0,0,0,0,0,0,1,0,0,0,0,0,0,0,0,1,0,0,0,0,0,0,0,0,0,0,0,0,0,0,0,0,0,0,0,0,1,0,0,0,0,0,0,0,0,0,0,0,0,0,0,1,0,0,0,0,0,0,0
2019,서울특별시 강북구2,서울특별시 강북구 미아동(수유치과의원 부근),2019-06-11 14:00:00,1,1,65.0,4,1,74.0,1,0,0,7,0,0,0,0,0,0,1,0,0,0,0,0,0,0,0,0,0,0,0,0,0,0,0,0,1,0,0,0,0,0,0,0,0,0,0,0,0,0,1,0,0,0,0,0,0,0,0,0,0,1,0,0,0,0,0,0,0,0,0,0,0,0,0
2019,서울특별시 강북구2,서울특별시 강북구 미아동(수유치과의원 부근),2019-06-15 13:00:00,0,1,66.0,0,1,20.0,4,0,0,7,0,0,0,0,0,0,0,0,0,0,1,0,0,0,0,0,0,0,0,0,0,0,0,1,0,0,0,0,0,0,0,0,0,0,0,0,0,0,0,0,1,0,0,0,0,0,0,0,0,0,0,0,0,0,0,1,0,0,0,0,0,0,0
2019,서울특별시 강북구2,서울특별시 강북구 미아동(수유치과의원 부근),2019-09-26 18:00:00,0,0,34.0,4,1,83.0,4,0,0,7,0,0,0,0,0,0,0,0,0,0,1,0,0,0,0,0,0,0,0,1,0,0,0,0,0,0,0,0,0,0,0,0,0,0,0,0,0,0,1,0,0,0,0,0,0,0,0,0,0,0,0,0,0,0,0,1,0,0,0,0,0,0,0
2019,서울특별시 강북구2,서울특별시 강북구 미아동(수유치과의원 부근),2019-11-09 15:00:00,0,1,33.0,4,1,84.0,0,0,0,7,0,1,0,0,0,0,0,0,0,0,0,0,0,0,0,0,0,0,0,0,0,0,0,0,1,0,0,0,0,0,0,0,0,0,0,0,0,0,1,0,0,0,0,0,0,0,0,0,0,1,0,0,0,0,0,0,0,0,0,0,0,0,0
2019,서울특별시 강북구2,서울특별시 강북구 미아동(수유치과의원 부근),2019-12-09 14:00:00,0,1,12.0,0,1,31.0,4,1,0,7,0,0,0,0,0,0,0,0,0,0,1,0,0,0,0,0,0,0,0,0,0,0,0,0,0,0,1,0,0,0,0,0,0,0,0,0,0,0,1,0,0,0,0,0,0,0,0,0,0,0,0,0,0,0,0,1,0,0,0,0,0,0,0
2019,서울특별시 강북구3,서울특별시 강북구 수유동(수유역 부근),2019-03-01 17:00:00,0,1,71.0,4,1,55.0,0,0,0,6,0,0,0,0,0,0,1,0,0,0,0,0,0,0,0,0,0,0,0,0,0,0,0,0,1,0,0,0,0,0,0,0,0,0,0,0,0,0,1,0,0,0,0,0,0,0,0,0,0,0,0,0,0,0,0,1,0,0,0,0,0,0,0
2019,서울특별시 강북구3,서울특별시 강북구 수유동(수유역 부근),2019-05-08 15:00:00,1,1,70.0,4,1,77.0,1,0,0,6,0,0,0,0,0,0,1,0,0,0,0,0,0,0,0,0,0,0,0,0,0,0,0,0,1,0,0,0,0,0,0,0,0,0,0,0,0,0,1,0,0,0,0,0,0,0,0,0,0,0,0,0,0,0,0,1,0,0,0,0,0,0,0
2019,서울특별시 강북구3,서울특별시 강북구 수유동(수유역 부근),2019-05-21 20:00:00,0,1,26.0,4,1,12.0,0,0,0,6,0,0,0,0,0,0,1,0,0,0,0,0,0,0,0,0,0,0,0,0,0,0,0,0,1,0,0,0,0,0,0,0,0,0,0,0,0,0,1,0,0,0,0,0,0,0,0,0,0,0,0,0,0,0,0,1,0,0,0,0,0,0,0
2019,서울특별시 강북구3,서울특별시 강북구 수유동(수유역 부근),2019-07-03 23:00:00,1,1,32.0,4,0,33.0,1,0,0,6,0,0,0,0,0,0,1,0,0,0,0,0,0,0,0,0,0,0,0,0,0,0,0,0,1,0,0,0,0,0,0,0,0,0,0,0,0,0,1,0,0,0,0,0,0,0,0,0,0,1,0,0,0,0,0,0,0,0,0,0,0,0,0
2019,서울특별시 강북구3,서울특별시 강북구 수유동(수유역 부근),2019-07-16 04:00:00,0,0,22.0,0,1,43.0,4,1,0,6,0,0,0,0,0,0,0,0,0,0,1,0,0,0,0,0,0,0,0,1,0,0,0,0,0,0,0,0,0,0,0,0,0,0,0,0,0,0,1,0,0,0,0,0,0,0,0,0,0,0,0,0,0,0,0,1,0,0,0,0,0,0,0
2019,서울특별시 강북구3,서울특별시 강북구 수유동(수유역 부근),2019-11-05 18:00:00,0,1,59.0,4,1,45.0,0,0,0,6,0,0,0,0,0,0,0,0,0,0,1,0,0,0,0,0,1,0,0,0,0,0,0,0,0,0,0,0,0,0,1,0,0,0,0,0,0,0,0,0,0,0,0,0,0,0,1,0,0,0,0,0,0,0,0,0,0,0,0,0,0,0,0
2019,서울특별시 강북구4,서울특별시 강북구 번동(오현로32길3 부근),2019-02-16 15:00:00,0,0,39.0,4,1,80.0,0,0,0,5,0,0,0,0,0,0,1,0,0,0,0,0,0,0,0,0,0,0,0,0,0,0,0,0,1,0,0,0,0,0,0,0,0,0,0,0,0,0,1,0,0,0,0,0,0,0,0,0,0,0,0,0,0,0,0,1,0,0,0,0,0,0,0
2019,서울특별시 강북구4,서울특별시 강북구 번동(오현로32길3 부근),2019-06-15 11:00:00,0,1,53.0,5,0,56.0,0,0,0,5,0,0,0,0,0,0,1,0,0,0,0,0,0,0,0,0,0,0,0,0,0,0,0,0,1,0,0,0,0,0,0,0,0,0,0,1,0,0,0,0,0,0,0,0,0,0,0,0,0,0,0,0,0,0,0,1,0,0,0,0,0,0,0
2019,서울특별시 강북구4,서울특별시 강북구 번동(오현로32길3 부근),2019-07-04 20:00:00,1,1,66.0,0,0,13.0,1,0,0,5,0,0,0,0,0,0,0,0,0,0,1,0,0,0,0,0,1,0,0,0,0,0,0,0,0,0,0,0,0,0,1,0,0,0,0,0,0,0,0,0,0,0,0,0,0,0,0,0,1,0,0,0,0,0,0,0,0,0,0,0,0,0,0
2019,서울특별시 강북구4,서울특별시 강북구 번동(오현로32길3 부근),2019-11-21 20:00:00,1,1,48.0,1,1,64.0,4,0,0,5,0,0,0,0,0,0,0,0,0,0,1,0,0,0,0,0,0,0,0,0,0,0,0,0,0,0,1,0,0,0,0,0,0,0,0,0,0,0,0,0,1,0,0,0,0,0,0,0,0,0,1,0,0,0,0,0,0,0,0,0,0,0,0
2019,서울특별시 강북구5,서울특별시 강북구 번동(금보빌딩 부근),2019-01-28 13:00:00,0,1,26.0,4,1,59.0,0,0,1,2,0,0,0,0,0,0,1,0,0,0,0,0,0,0,0,0,0,0,0,0,0,0,0,0,1,0,0,0,0,0,0,0,0,0,0,0,0,0,1,0,0,0,0,0,0,0,0,0,0,0,0,0,0,0,0,1,0,0,0,0,0,0,0
2019,서울특별시 강북구5,서울특별시 강북구 번동(금보빌딩 부근),2019-04-30 16:00:00,0,1,68.0,4,0,64.0,0,0,1,2,0,0,0,0,0,0,0,0,0,0,0,0,1,0,0,0,0,0,0,0,0,0,0,0,1,0,0,0,0,0,1,0,0,0,0,0,0,0,0,0,0,0,0,0,0,0,0,0,0,1,0,0,0,0,0,0,0,0,0,0,0,0,0
2019,서울특별시 강북구5,서울특별시 강북구 번동(금보빌딩 부근),2019-06-25 00:00:00,3,1,59.0,3,1,62.0,4,0,1,2,0,0,0,0,0,0,0,0,0,0,1,0,0,0,0,0,0,0,0,1,0,0,0,0,0,0,0,0,0,0,0,0,0,0,0,0,0,0,0,0,1,0,0,0,0,0,0,0,0,0,1,0,0,0,0,0,0,0,0,0,0,0,0
2019,서울특별시 도봉구1,서울특별시 도봉구 방학동(신도봉사거리 부근),2019-04-19 08:00:00,1,1,24.0,1,1,46.0,4,0,0,5,0,0,0,0,0,0,0,0,0,0,1,0,0,0,0,0,0,0,0,1,0,0,0,0,0,0,0,0,0,0,1,0,0,0,0,0,0,0,0,0,0,0,0,0,0,0,0,0,0,0,0,0,0,0,0,1,0,0,0,0,0,0,0
2019,서울특별시 도봉구1,서울특별시 도봉구 방학동(신도봉사거리 부근),2019-05-09 15:00:00,1,1,52.0,1,1,47.0,4,0,0,5,0,0,0,0,0,0,0,0,0,0,1,0,0,0,0,0,0,0,0,1,0,0,0,0,0,0,0,0,0,0,0,0,0,0,0,0,0,0,1,0,0,0,0,0,0,0,0,0,0,1,0,0,0,0,0,0,0,0,0,0,0,0,0
2019,서울특별시 도봉구1,서울특별시 도봉구 방학동(신도봉사거리 부근),2019-06-30 17:00:00,1,0,24.0,1,0,34.0,4,1,0,5,0,0,0,0,0,0,0,0,0,0,1,0,0,0,0,0,0,0,0,1,0,0,0,0,0,0,0,0,0,0,1,0,0,0,0,0,0,0,0,0,0,0,0,0,0,0,0,0,0,0,0,0,0,0,0,1,0,0,0,0,0,0,0
2019,서울특별시 도봉구1,서울특별시 도봉구 방학동(신도봉사거리 부근),2019-07-19 11:00:00,2,1,59.0,2,1,61.0,4,0,0,5,0,0,0,0,0,0,0,0,0,0,1,0,0,0,0,0,0,0,0,0,0,0,0,0,0,0,1,0,0,0,0,0,0,0,0,1,0,0,0,0,0,0,0,0,0,0,0,0,0,0,0,0,0,0,0,1,0,0,0,0,0,0,0
2019,서울특별시 도봉구1,서울특별시 도봉구 방학동(신도봉사거리 부근),2019-09-10 05:00:00,0,1,57.0,4,1,73.0,0,2,0,5,0,0,0,0,0,0,1,0,0,0,0,0,0,0,0,0,0,0,0,0,0,0,0,0,1,0,0,0,0,0,0,0,0,0,0,1,0,0,0,0,0,0,0,0,0,0,0,0,0,1,0,0,0,0,0,0,0,0,0,0,0,0,0
2019,서울특별시 도봉구2,서울특별시 도봉구 도봉동(도봉산교회 부근),2019-06-10 20:00:00,1,1,52.0,4,0,57.0,1,0,0,7,0,0,0,0,0,0,0,0,0,0,1,0,0,0,0,0,1,0,0,0,0,0,0,0,0,0,0,0,0,0,0,0,0,0,0,0,0,0,1,0,0,0,0,0,0,0,0,1,0,0,0,0,0,0,0,0,0,0,0,0,0,0,0
2019,서울특별시 도봉구2,서울특별시 도봉구 도봉동(도봉산교회 부근),2019-07-03 08:00:00,2,0,48.0,2,1,43.0,2,0,0,7,0,0,0,0,0,0,0,0,0,0,1,0,0,0,0,0,0,0,0,0,0,0,0,0,1,0,0,0,0,0,0,0,0,0,0,0,0,0,1,0,0,0,0,0,0,0,0,0,0,0,0,1,0,0,0,0,0,0,0,0,0,0,0