사고년도,다발시군구,지점명,사고일시,사고등급,가해자성별,가해자연령,가해자신체상해정도,피해자성별,피해자연령,피해자신체상해정도,기상상태,사망자수,부상자수,가해차종_개인형이동수단(PM),가해차종_건설기계,가해차종_기타,가해차종_농기계,가해차종_불명,가해차종_사륜오토바이(ATV),가해차종_승용차,가해차종_승합차,가해차종_원동기장치자전거,가해차종_이륜차,가해차종_자전거,가해차종_특수차,가해차종_화물차,피해차종_개인형이동수단(PM),피해차종_건설기계,피해차종_기타,피해차종_보행자,피해차종_불명,피해차종_사륜오토바이(ATV),피해차종_승용차,피해차종_승합차,피해차종_없음,피해차종_원동기장치자전거,피해차종_이륜차,피해차종_자전거,피해차종_특수차,피해차종_화물차,가해자법규위반_과속,가해자법규위반_교차로 통행방법 위반,가해자법규위반_교차로운행방법위반,가해자법규위반_기타,가해자법규위반_미분류,가해자법규위반_보행자 보호의무 위반,가해자법규위반_보행자보호의무위반,가해자법규위반_불법유턴,가해자법규위반_신호위반,가해자법규위반_안전거리 미확보,가해자법규위반_안전거리미확보,가해자법규위반_안전운전 의무 불이행,가해자법규위반_안전운전불이행,가해자법규위반_중앙선 침범,가해자법규위반_중앙선침범,가해자법규위반_직진우회전진행방해,가해자법규위반_차로위반,사고유형_차대사람 - 기타,사고유형_차대사람 - 길가장자리구역통행중,사고유형_차대사람 - 보도통행중,사고유형_차대사람 - 차도통행중,사고유형_차대사람 - 횡단중,사고유형_차대차 - 기타,사고유형_차대차 - 정면충돌,사고유형_차대차 - 추돌,사고유형_차대차 - 추돌 - 주정차중,사고유형_차대차 - 추돌 - 진행중,사고유형_차대차 - 측면직각충돌,사고유형_차대차 - 측면충돌,사고유형_차대차 - 후진중충돌,사고유형_차량단독 - 공작물충돌,사고유형_차량단독 - 기타,사고유형_차량단독 - 도로외이탈 - 추락,사고유형_차량단독 - 전도,사고유형_차량단독 - 전도전복,사고유형_차량단독 - 전도전복 - 전도
2019,서울특별시 도봉구2,서울특별시 도봉구 도봉동(도봉산교회 부근),2019-08-18 15:00:00,1,1,14.0,4,1,45.0,1,0,0,7,0,0,0,0,0,0,0,0,0,0,1,0,0,0,0,0,0,0,0,0,0,0,0,0,1,0,0,0,0,0,0,0,0,0,0,0,0,0,1,0,0,0,0,0,0,0,0,0,0,1,0,0,0,0,0,0,0,0,0,0,0,0,0
2019,서울특별시 도봉구2,서울특별시 도봉구 도봉동(도봉산교회 부근),2019-08-29 19:00:00,2,0,59.0,2,1,62.0,4,1,0,7,0,0,0,0,0,0,0,0,0,0,1,0,0,0,0,0,0,0,0,0,0,0,0,0,1,0,0,0,0,0,0,0,0,0,0,0,0,0,1,0,0,0,0,0,0,0,0,0,0,0,0,0,0,0,0,1,0,0,0,0,0,0,0
2019,서울특별시 도봉구2,서울특별시 도봉구 도봉동(도봉산교회 부근),2019-09-15 16:00:00,1,1,48.0,5,1,67.0,1,0,0,7,0,0,0,0,0,0,0,0,0,0,1,0,0,0,0,0,0,0,0,0,0,0,0,0,1,0,0,0,0,0,0,0,0,0,0,0,0,0,1,0,0,0,0,0,0,0,0,0,0,1,0,0,0,0,0,0,0,0,0,0,0,0,0
2019,서울특별시 도봉구3,서울특별시 도봉구 쌍문동(창동구민회관앞 부근),2019-03-23 19:00:00,0,1,57.0,4,1,48.0,0,0,0,5,0,0,0,0,0,0,0,0,0,0,1,0,0,0,0,0,0,0,0,0,0,0,0,1,0,0,0,0,0,0,0,0,0,0,0,0,0,0,1,0,0,0,0,0,0,0,0,0,0,0,0,0,0,0,0,1,0,0,0,0,0,0,0
2019,서울특별시 도봉구3,서울특별시 도봉구 쌍문동(창동구민회관앞 부근),2019-04-07 17:00:00,0,0,58.0,4,1,65.0,0,0,0,5,0,0,0,0,0,0,1,0,0,0,0,0,0,0,0,0,0,0,0,0,0,0,0,0,1,0,0,0,0,0,0,0,0,0,0,0,0,0,1,0,0,0,0,0,0,0,0,0,0,0,0,0,0,0,0,1,0,0,0,0,0,0,0
2019,서울특별시 도봉구3,서울특별시 도봉구 쌍문동(창동구민회관앞 부근),2019-04-09 12:00:00,1,1,58.0,4,1,82.0,1,0,0,5,0,0,0,0,0,0,1,0,0,0,0,0,0,0,0,0,0,0,0,0,0,0,0,0,1,0,0,0,0,0,0,0,0,0,0,0,0,0,1,0,0,0,0,0,0,0,0,0,0,0,0,0,0,0,0,1,0,0,0,0,0,0,0
2019,서울특별시 도봉구3,서울특별시 도봉구 쌍문동(창동구민회관앞 부근),2019-04-15 13:00:00,0,1,23.0,4,1,50.0,0,0,0,5,0,0,0,0,0,0,1,0,0,0,0,0,0,0,0,0,0,0,0,0,0,0,0,0,1,0,0,0,0,0,0,0,0,0,0,0,1,0,0,0,0,0,0,0,0,0,0,0,0,0,0,0,0,0,0,1,0,0,0,0,0,0,0
2019,서울특별시 도봉구3,서울특별시 도봉구 쌍문동(창동구민회관앞 부근),2019-09-22 12:00:00,1,1,13.0,4,0,50.0,1,0,0,5,0,0,0,0,0,0,0,0,0,0,1,0,0,0,0,0,1,0,0,0,0,0,0,0,0,0,0,0,0,0,0,0,0,0,0,0,0,0,1,0,0,0,0,0,0,0,0,1,0,0,0,0,0,0,0,0,0,0,0,0,0,0,0
2019,서울특별시 도봉구4,서울특별시 도봉구 창동(도봉보건소 부근),2019-03-18 15:00:00,1,1,76.0,1,1,53.0,4,0,0,5,0,0,0,0,0,0,0,0,0,0,1,0,0,0,0,0,0,0,0,1,0,0,0,0,0,0,0,0,0,0,0,0,0,0,0,0,0,0,1,0,0,0,0,0,0,0,0,0,0,0,0,0,0,0,0,1,0,0,0,0,0,0,0
2019,서울특별시 도봉구4,서울특별시 도봉구 창동(도봉보건소 부근),2019-05-03 07:00:00,0,1,44.0,4,1,57.0,0,0,0,5,0,0,0,0,0,0,1,0,0,0,0,0,0,0,0,0,0,0,0,0,0,0,0,0,1,0,0,0,0,0,0,0,0,0,0,1,0,0,0,0,0,0,0,0,0,0,0,0,0,0,0,0,0,0,0,1,0,0,0,0,0,0,0
2019,서울특별시 도봉구4,서울특별시 도봉구 창동(도봉보건소 부근),2019-06-07 16:00:00,0,1,22.0,4,0,30.0,0,0,0,5,0,0,0,0,0,0,0,0,0,0,1,0,0,0,0,0,1,0,0,0,0,0,0,0,0,0,0,0,0,0,0,0,1,0,0,0,0,0,0,0,0,0,0,0,0,0,0,0,1,0,0,0,0,0,0,0,0,0,0,0,0,0,0
2019,서울특별시 도봉구4,서울특별시 도봉구 창동(도봉보건소 부근),2019-09-24 17:00:00,2,1,60.0,4,1,64.0,2,0,0,5,0,0,0,0,0,0,1,0,0,0,0,0,0,0,0,0,0,0,0,0,0,0,0,0,1,0,0,0,0,0,1,0,0,0,0,0,0,0,0,0,0,0,0,0,0,0,0,0,0,1,0,0,0,0,0,0,0,0,0,0,0,0,0
2019,서울특별시 도봉구4,서울특별시 도봉구 창동(도봉보건소 부근),2019-11-18 15:00:00,1,1,18.0,4,0,78.0,1,0,0,5,0,0,0,0,0,0,0,0,0,0,1,0,0,0,0,0,1,0,0,0,0,0,0,0,0,0,0,0,0,0,0,0,0,0,0,0,0,0,1,0,0,0,0,0,1,0,0,0,0,0,0,0,0,0,0,0,0,0,0,0,0,0,0
2019,서울특별시 도봉구5,서울특별시 도봉구 창동(창4동사무소 부근),2019-01-08 12:00:00,0,1,80.0,0,1,52.0,4,0,0,5,0,0,0,0,0,0,0,0,0,0,1,0,0,0,0,0,0,0,0,0,1,0,0,0,0,0,0,0,0,0,0,0,0,0,0,0,0,0,1,0,0,0,0,0,0,0,0,0,0,0,0,0,0,0,0,1,0,0,0,0,0,0,0
2019,서울특별시 도봉구5,서울특별시 도봉구 창동(창4동사무소 부근),2019-01-21 10:00:00,0,1,75.0,0,0,43.0,4,0,0,5,0,0,0,0,0,0,0,0,0,0,1,0,0,0,0,0,0,0,0,1,0,0,0,0,0,0,0,0,0,0,0,0,0,0,0,0,0,0,1,0,0,0,0,0,0,0,0,0,0,0,0,0,0,0,0,1,0,0,0,0,0,0,0
2019,서울특별시 도봉구5,서울특별시 도봉구 창동(창4동사무소 부근),2019-04-08 16:00:00,1,1,23.0,4,1,65.0,1,0,0,5,0,0,0,0,0,0,0,0,1,0,0,0,0,0,0,0,0,0,0,0,0,0,0,0,1,0,0,0,0,0,0,0,0,0,0,1,0,0,0,0,0,0,0,0,0,0,0,0,0,0,0,0,0,0,0,1,0,0,0,0,0,0,0
2019,서울특별시 도봉구5,서울특별시 도봉구 창동(창4동사무소 부근),2019-06-04 21:00:00,2,1,12.0,2,1,42.0,4,0,0,5,0,0,0,0,0,0,0,0,0,0,1,0,0,0,0,0,0,0,0,1,0,0,0,0,0,0,0,0,0,0,0,0,0,0,0,0,0,0,1,0,0,0,0,0,0,0,0,0,0,0,0,0,0,0,0,1,0,0,0,0,0,0,0
2019,서울특별시 도봉구5,서울특별시 도봉구 창동(창4동사무소 부근),2019-11-30 11:00:00,0,1,54.0,0,1,46.0,5,0,0,5,0,0,0,0,0,0,0,0,0,0,1,0,0,0,0,0,0,0,0,1,0,0,0,0,0,0,0,0,0,0,1,0,0,0,0,0,0,0,0,0,0,0,0,0,0,0,0,0,0,1,0,0,0,0,0,0,0,0,0,0,0,0,0
2019,서울특별시 노원구1,서울특별시 노원구 공릉동(태릉입구역 부근),2019-02-16 11:00:00,1,0,26.0,4,0,73.0,1,0,0,6,0,0,0,0,0,0,0,0,0,0,1,0,0,0,0,0,1,0,0,0,0,0,0,0,0,0,0,0,0,0,1,0,0,0,0,0,0,0,0,0,0,0,0,0,1,0,0,0,0,0,0,0,0,0,0,0,0,0,0,0,0,0,0
2019,서울특별시 노원구1,서울특별시 노원구 공릉동(태릉입구역 부근),2019-02-22 10:00:00,1,0,29.0,4,0,63.0,1,0,0,6,0,0,0,0,0,0,1,0,0,0,0,0,0,0,0,0,0,0,0,0,0,0,0,0,1,0,0,0,0,0,0,0,0,0,0,0,1,0,0,0,0,0,0,0,0,0,0,0,0,0,0,0,0,0,0,1,0,0,0,0,0,0,0
2019,서울특별시 노원구1,서울특별시 노원구 공릉동(태릉입구역 부근),2019-05-04 23:00:00,0,0,71.0,0,0,39.0,4,1,0,6,0,0,0,0,0,0,0,0,0,0,1,0,0,0,0,0,0,0,0,1,0,0,0,0,0,0,0,0,0,0,0,0,0,0,0,0,0,0,1,0,0,0,0,0,0,0,0,0,0,1,0,0,0,0,0,0,0,0,0,0,0,0,0
2019,서울특별시 노원구1,서울특별시 노원구 공릉동(태릉입구역 부근),2019-07-03 09:00:00,1,1,59.0,4,1,72.0,1,0,0,6,0,0,0,0,0,0,1,0,0,0,0,0,0,0,0,0,0,0,0,0,0,0,0,0,1,0,0,0,0,0,0,0,0,0,0,0,0,0,1,0,0,0,0,0,0,0,0,0,0,0,0,0,0,0,0,1,0,0,0,0,0,0,0
2019,서울특별시 노원구1,서울특별시 노원구 공릉동(태릉입구역 부근),2019-08-29 01:00:00,0,1,62.0,4,1,44.0,0,0,0,6,0,0,0,0,0,0,1,0,0,0,0,0,0,0,0,0,0,0,0,0,0,0,0,0,1,0,0,0,0,0,0,0,0,0,0,0,0,0,1,0,0,0,0,0,0,0,0,0,0,1,0,0,0,0,0,0,0,0,0,0,0,0,0
2019,서울특별시 노원구1,서울특별시 노원구 공릉동(태릉입구역 부근),2019-09-23 20:00:00,0,0,35.0,0,1,56.0,4,0,0,6,0,0,0,0,0,0,0,0,0,0,1,0,0,0,0,0,0,0,0,0,0,0,1,0,0,0,0,0,0,0,1,0,0,0,0,0,0,0,0,0,0,0,0,0,0,0,0,0,0,0,0,0,0,0,0,1,0,0,0,0,0,0,0
2019,서울특별시 노원구2,서울특별시 노원구 상계동(노원역노해길진입1 부근),2019-03-01 12:00:00,1,1,53.0,4,1,20.0,1,0,0,6,0,0,0,0,0,0,1,0,0,0,0,0,0,0,0,0,0,0,0,0,0,0,0,0,1,0,0,0,0,0,0,0,0,0,0,0,0,0,1,0,0,0,0,0,0,0,0,0,0,1,0,0,0,0,0,0,0,0,0,0,0,0,0
2019,서울특별시 노원구2,서울특별시 노원구 상계동(노원역노해길진입1 부근),2019-05-10 17:00:00,0,1,30.0,4,0,33.0,0,0,0,6,0,0,0,0,0,0,0,0,0,0,1,0,0,0,0,0,1,0,0,0,0,0,0,0,0,0,0,0,0,0,0,0,0,0,0,0,0,0,1,0,0,0,0,0,0,0,0,1,0,0,0,0,0,0,0,0,0,0,0,0,0,0,0
2019,서울특별시 노원구2,서울특별시 노원구 상계동(노원역노해길진입1 부근),2019-07-09 13:00:00,0,0,21.0,0,0,45.0,4,0,0,6,0,0,0,0,0,0,0,0,0,0,1,0,0,0,0,0,1,0,0,0,0,0,0,0,0,0,0,0,0,0,0,0,1,0,0,0,0,0,0,0,0,0,0,0,0,0,0,0,1,0,0,0,0,0,0,0,0,0,0,0,0,0,0
2019,서울특별시 노원구2,서울특별시 노원구 상계동(노원역노해길진입1 부근),2019-07-21 21:00:00,0,1,62.0,4,1,59.0,0,0,0,6,0,0,0,0,0,0,1,0,0,0,0,0,0,0,0,0,0,0,0,0,0,0,0,0,1,0,0,0,0,0,1,0,0,0,0,0,0,0,0,0,0,0,0,0,0,0,0,0,0,1,0,0,0,0,0,0,0,0,0,0,0,0,0
2019,서울특별시 노원구2,서울특별시 노원구 상계동(노원역노해길진입1 부근),2019-09-02 14:00:00,1,1,52.0,4,0,51.0,1,0,0,6,0,0,0,0,0,0,0,0,0,0,0,0,1,0,0,0,0,0,0,0,0,0,0,0,1,0,0,0,0,0,0,0,0,0,0,0,0,0,1,0,0,0,0,0,0,0,0,0,0,0,0,0,0,0,0,1,0,0,0,0,0,0,0
2019,서울특별시 노원구2,서울특별시 노원구 상계동(노원역노해길진입1 부근),2019-11-26 11:00:00,0,1,74.0,4,1,26.0,0,0,0,6,0,0,0,0,0,0,1,0,0,0,0,0,0,0,0,0,0,0,0,0,0,0,0,0,1,0,0,0,0,0,0,0,0,0,0,0,0,0,1,0,0,0,0,0,0,0,0,0,0,0,0,0,0,0,0,1,0,0,0,0,0,0,0
2019,서울특별시 노원구3,서울특별시 노원구 상계동(상계초등학교 부근),2019-01-08 09:00:00,2,1,13.0,2,0,38.0,5,0,0,6,0,0,0,0,0,0,0,0,0,0,1,0,0,0,0,0,0,0,0,1,0,0,0,0,0,0,0,0,0,0,1,0,0,0,0,0,0,0,0,0,0,0,0,0,0,0,0,0,0,0,0,0,0,0,0,1,0,0,0,0,0,0,0
2019,서울특별시 노원구3,서울특별시 노원구 상계동(상계초등학교 부근),2019-03-06 10:00:00,0,0,58.0,0,1,58.0,4,0,0,6,0,0,0,0,0,0,0,0,0,0,1,0,0,0,0,0,0,0,0,0,0,0,0,0,0,0,1,0,0,0,1,0,0,0,0,0,0,0,0,0,0,0,0,0,0,0,0,0,0,0,0,0,0,0,0,1,0,0,0,0,0,0,0
2019,서울특별시 노원구3,서울특별시 노원구 상계동(상계초등학교 부근),2019-04-08 14:00:00,0,0,48.0,0,0,60.0,4,0,0,6,0,0,0,0,0,0,0,0,0,0,1,0,0,0,0,0,0,0,0,1,0,0,0,0,0,0,0,0,0,0,0,0,0,0,0,0,0,0,0,0,1,0,0,0,0,0,0,0,0,1,0,0,0,0,0,0,0,0,0,0,0,0,0
2019,서울특별시 노원구3,서울특별시 노원구 상계동(상계초등학교 부근),2019-05-11 11:00:00,0,1,11.0,0,1,60.0,4,0,0,6,0,0,0,0,0,0,0,0,0,0,1,0,0,0,0,0,0,0,0,0,0,0,0,0,0,0,1,0,0,0,0,0,0,0,0,0,0,0,1,0,0,0,0,0,0,0,0,0,0,1,0,0,0,0,0,0,0,0,0,0,0,0,0
2019,서울특별시 노원구3,서울특별시 노원구 상계동(상계초등학교 부근),2019-07-08 17:00:00,0,0,43.0,4,1,34.0,0,0,0,6,0,0,0,0,0,0,1,0,0,0,0,0,0,0,0,0,0,0,0,0,0,0,0,0,1,0,0,0,0,0,1,0,0,0,0,0,0,0,0,0,0,0,0,0,0,0,0,0,0,0,0,0,0,0,0,1,0,0,0,0,0,0,0
2019,서울특별시 노원구3,서울특별시 노원구 상계동(상계초등학교 부근),2019-08-17 21:00:00,0,0,70.0,4,1,65.0,0,1,0,6,0,0,0,0,0,0,0,0,0,0,1,0,0,0,0,0,1,0,0,0,0,0,0,0,0,0,0,0,0,0,1,0,0,0,0,0,0,0,0,0,0,0,0,0,0,0,1,0,0,0,0,0,0,0,0,0,0,0,0,0,0,0,0
2019,서울특별시 노원구4,서울특별시 노원구 상계동(상계10동우체국 부근),2019-07-01 09:00:00,0,0,46.0,4,1,22.0,0,0,0,5,0,0,0,0,0,0,1,0,0,0,0,0,0,0,0,0,0,0,0,0,0,0,0,0,1,0,0,0,0,0,0,0,0,0,0,0,0,0,1,0,0,0,0,0,0,0,0,0,0,0,0,0,0,0,0,1,0,0,0,0,0,0,0
2019,서울특별시 노원구4,서울특별시 노원구 상계동(상계10동우체국 부근),2019-08-02 04:00:00,0,1,62.0,4,1,61.0,0,0,0,5,0,0,0,0,0,0,0,0,0,0,0,0,1,0,0,0,0,0,0,0,0,0,0,0,1,0,0,0,0,0,0,0,0,0,0,0,0,0,1,0,0,0,0,0,0,0,0,0,0,0,0,0,0,0,0,1,0,0,0,0,0,0,0
2019,서울특별시 노원구4,서울특별시 노원구 상계동(상계10동우체국 부근),2019-09-09 20:00:00,0,0,36.0,0,1,42.0,4,0,0,5,0,0,0,0,0,0,0,0,0,0,1,0,0,0,0,0,0,0,0,0,0,0,0,0,0,0,1,0,0,0,0,0,0,0,0,0,0,0,1,0,0,0,0,0,0,0,0,0,0,0,0,0,0,0,0,1,0,0,0,0,0,0,0
2019,서울특별시 노원구4,서울특별시 노원구 상계동(상계10동우체국 부근),2019-09-29 05:00:00,1,1,36.0,4,1,41.0,1,0,0,5,0,0,0,0,0,0,0,0,0,0,0,0,1,0,0,0,0,0,0,0,0,0,0,0,1,0,0,0,0,0,0,0,0,0,0,0,0,0,1,0,0,0,0,0,0,0,0,0,0,1,0,0,0,0,0,0,0,0,0,0,0,0,0
2019,서울특별시 노원구4,서울특별시 노원구 상계동(상계10동우체국 부근),2019-11-22 09:00:00,2,0,65.0,4,0,60.0,2,0,0,5,0,0,0,0,0,0,1,0,0,0,0,0,0,0,0,0,0,0,0,0,0,0,0,0,1,0,0,0,0,0,0,0,0,0,0,0,0,0,1,0,0,0,0,0,0,0,0,0,0,0,0,0,0,0,0,1,0,0,0,0,0,0,0
2019,서울특별시 노원구5,서울특별시 노원구 중계동(혜성여고 부근),2019-01-28 18:00:00,0,1,55.0,4,0,72.0,0,0,0,5,0,0,0,0,0,0,0,0,0,0,1,0,0,0,0,0,1,0,0,0,0,0,0,0,0,0,0,0,0,0,0,0,1,0,0,0,0,0,0,0,0,0,0,0,0,0,0,0,1,0,0,0,0,0,0,0,0,0,0,0,0,0,0
2019,서울특별시 노원구5,서울특별시 노원구 중계동(혜성여고 부근),2019-06-04 15:00:00,0,1,70.0,5,1,13.0,0,0,0,5,0,0,0,0,0,0,1,0,0,0,0,0,0,0,0,0,0,0,0,0,0,0,0,0,1,0,0,0,0,0,0,0,0,0,0,0,0,0,1,0,0,0,0,0,0,0,0,0,0,0,0,0,0,0,0,1,0,0,0,0,0,0,0
2019,서울특별시 노원구5,서울특별시 노원구 중계동(혜성여고 부근),2019-07-29 08:00:00,2,1,33.0,4,1,56.0,2,0,0,5,0,0,0,0,0,0,1,0,0,0,0,0,0,0,0,0,0,0,0,0,0,0,0,0,1,0,0,0,0,0,0,0,0,0,0,0,0,0,1,0,0,0,0,0,0,0,0,0,0,1,0,0,0,0,0,0,0,0,0,0,0,0,0
2019,서울특별시 노원구5,서울특별시 노원구 중계동(혜성여고 부근),2019-10-09 07:00:00,1,1,70.0,1,1,58.0,4,0,0,5,0,0,0,0,0,0,0,0,0,0,1,0,0,0,0,0,0,0,0,0,0,0,0,0,0,0,1,0,0,0,0,0,0,0,0,0,0,0,1,0,0,0,0,0,0,0,0,0,0,0,0,0,0,0,0,1,0,0,0,0,0,0,0
2019,서울특별시 노원구5,서울특별시 노원구 중계동(혜성여고 부근),2019-12-27 12:00:00,2,0,60.0,2,1,61.0,4,0,0,5,0,0,0,0,0,0,0,0,0,0,1,0,0,0,0,0,0,0,0,1,0,0,0,0,0,0,0,0,0,0,1,0,0,0,0,0,0,0,0,0,0,0,0,0,0,0,0,0,0,0,0,0,0,0,0,1,0,0,0,0,0,0,0
2019,서울특별시 노원구6,서울특별시 노원구 중계동(상명여자중고등학교 부근),2019-04-26 09:00:00,0,0,77.0,0,1,66.0,4,0,0,6,0,0,0,0,0,0,0,0,0,0,1,0,0,0,0,0,0,0,0,0,0,0,0,0,0,0,1,0,0,0,0,0,0,0,0,0,0,0,1,0,0,0,0,0,0,0,0,0,0,1,0,0,0,0,0,0,0,0,0,0,0,0,0
2019,서울특별시 노원구6,서울특별시 노원구 중계동(상명여자중고등학교 부근),2019-06-27 16:00:00,0,1,66.0,4,1,16.0,0,1,0,6,0,0,0,0,0,0,0,0,0,0,1,0,0,0,0,0,1,0,0,0,0,0,0,0,0,0,0,0,0,0,0,0,0,0,0,0,0,0,1,0,0,0,0,0,1,0,0,0,0,0,0,0,0,0,0,0,0,0,0,0,0,0,0
2019,서울특별시 노원구6,서울특별시 노원구 중계동(상명여자중고등학교 부근),2019-08-21 08:00:00,0,1,39.0,4,0,62.0,0,0,0,6,0,0,0,0,0,0,1,0,0,0,0,0,0,0,0,0,0,0,0,0,0,0,0,0,1,0,0,0,0,0,1,0,0,0,0,0,0,0,0,0,0,0,0,0,0,0,0,0,0,1,0,0,0,0,0,0,0,0,0,0,0,0,0
2019,서울특별시 노원구6,서울특별시 노원구 중계동(상명여자중고등학교 부근),2019-10-04 07:00:00,0,1,57.0,4,0,59.0,0,0,0,6,0,0,0,0,0,0,0,0,0,0,1,0,0,0,0,0,0,0,0,0,0,0,0,0,1,0,0,0,0,0,0,0,0,0,0,0,0,0,1,0,0,0,0,0,0,0,0,0,0,0,0,0,0,0,0,1,0,0,0,0,0,0,0
2019,서울특별시 노원구6,서울특별시 노원구 중계동(상명여자중고등학교 부근),2019-10-10 08:00:00,0,2,47.74785772029103,5,1,14.0,0,0,0,6,0,0,0,0,1,0,0,0,0,0,0,0,0,0,0,0,0,0,0,0,0,0,0,0,1,0,0,0,0,0,0,0,0,0,0,0,0,0,1,0,0,0,0,0,0,0,0,0,0,0,0,0,0,0,0,1,0,0,0,0,0,0,0
2019,서울특별시 노원구7,서울특별시 노원구 상계동(상계초교입구 부근),2019-05-10 00:00:00,0,1,67.0,4,1,19.0,0,0,0,5,0,0,0,0,0,0,1,0,0,0,0,0,0,0,0,0,0,0,0,0,0,0,0,0,1,0,0,0,0,0,0,0,0,0,0,1,0,0,0,0,0,0,0,0,0,0,0,0,0,0,0,0,0,0,0,1,0,0,0,0,0,0,0
2019,서울특별시 노원구7,서울특별시 노원구 상계동(상계초교입구 부근),2019-06-12 13:00:00,2,1,50.0,4,0,22.0,2,0,0,5,0,0,0,0,0,0,0,1,0,0,0,0,0,0,0,0,0,0,0,0,0,0,0,0,1,0,0,0,0,0,0,0,0,0,0,0,0,0,1,0,0,0,0,0,0,0,0,0,0,1,0,0,0,0,0,0,0,0,0,0,0,0,0
2019,서울특별시 노원구7,서울특별시 노원구 상계동(상계초교입구 부근),2019-10-03 06:00:00,0,1,64.0,0,1,30.0,4,0,0,5,0,0,0,0,0,0,0,0,0,0,1,0,0,0,0,0,0,0,0,1,0,0,0,0,0,0,0,0,0,0,0,0,0,0,0,1,0,0,0,0,0,0,0,0,0,0,0,0,0,1,0,0,0,0,0,0,0,0,0,0,0,0,0
2019,서울특별시 노원구7,서울특별시 노원구 상계동(상계초교입구 부근),2019-10-03 12:00:00,0,1,27.0,0,1,64.0,4,0,0,5,0,0,0,0,0,0,0,0,0,0,1,0,0,0,0,0,0,0,0,1,0,0,0,0,0,0,0,0,0,0,1,0,0,0,0,0,0,0,0,0,0,0,0,0,0,0,0,0,0,0,0,0,0,0,0,1,0,0,0,0,0,0,0
2019,서울특별시 노원구7,서울특별시 노원구 상계동(상계초교입구 부근),2019-10-09 19:00:00,0,1,49.0,0,0,37.0,4,0,0,5,0,0,0,0,0,0,0,0,0,0,1,0,0,0,0,0,0,0,0,1,0,0,0,0,0,0,0,0,0,0,0,0,0,0,0,0,1,0,0,0,0,0,0,0,0,0,0,0,0,1,0,0,0,0,0,0,0,0,0,0,0,0,0
2019,서울특별시 노원구8,서울특별시 노원구 상계동(창동교 부근),2019-04-16 06:00:00,0,1,49.0,4,1,54.0,0,0,0,4,0,0,0,0,0,0,0,0,0,0,1,0,0,0,0,0,0,0,0,0,0,0,0,0,1,0,0,0,0,0,0,0,0,0,0,0,0,0,1,0,0,0,0,0,0,0,0,0,0,0,0,0,0,0,0,1,0,0,0,0,0,0,0
2019,서울특별시 노원구8,서울특별시 노원구 상계동(창동교 부근),2019-08-02 00:00:00,0,1,56.0,4,1,42.0,0,1,0,4,0,0,0,0,0,0,1,0,0,0,0,0,0,0,0,0,0,0,0,0,0,0,0,0,1,0,0,0,0,0,0,0,0,0,0,1,0,0,0,0,0,0,0,0,0,0,0,0,0,1,0,0,0,0,0,0,0,0,0,0,0,0,0
2019,서울특별시 노원구8,서울특별시 노원구 상계동(창동교 부근),2019-09-06 10:00:00,2,1,83.0,2,1,60.0,4,0,0,4,0,0,0,0,0,0,0,0,0,0,1,0,0,0,0,0,0,0,0,0,0,0,0,0,0,0,1,0,0,0,0,0,0,0,0,0,0,0,1,0,0,0,0,0,0,0,0,0,0,0,0,0,0,0,0,1,0,0,0,0,0,0,0
2019,서울특별시 노원구8,서울특별시 노원구 상계동(창동교 부근),2019-11-09 14:00:00,2,1,56.0,4,1,10.0,2,0,0,4,0,0,0,0,0,0,0,0,0,0,1,0,0,0,0,0,0,0,0,0,0,0,0,0,1,0,0,0,0,0,0,0,0,0,0,0,1,0,0,0,0,0,0,0,0,0,0,0,0,0,0,0,0,0,0,1,0,0,0,0,0,0,0
2019,서울특별시 은평구1,서울특별시 은평구 역촌동(제일기사식당 부근),2019-01-03 11:00:00,1,1,49.0,4,1,76.0,1,0,0,11,0,0,0,0,0,0,0,0,0,0,0,0,1,0,0,0,0,0,0,0,0,0,0,0,1,0,0,0,1,0,0,0,0,0,0,0,0,0,0,0,0,0,0,0,0,0,0,0,0,0,0,0,0,0,0,1,0,0,0,0,0,0,0
2019,서울특별시 은평구1,서울특별시 은평구 역촌동(제일기사식당 부근),2019-01-06 09:00:00,2,2,47.74785772029103,5,1,59.0,2,0,0,11,0,0,0,0,1,0,0,0,0,0,0,0,0,0,0,0,0,0,0,0,0,0,0,0,1,0,0,0,0,0,0,0,0,0,0,0,0,0,1,0,0,0,0,0,0,0,0,0,0,1,0,0,0,0,0,0,0,0,0,0,0,0,0
2019,서울특별시 은평구1,서울특별시 은평구 역촌동(제일기사식당 부근),2019-04-16 08:00:00,1,0,70.0,4,1,13.0,1,0,0,11,0,0,0,0,0,0,0,1,0,0,0,0,0,0,0,0,0,0,0,0,0,0,0,0,1,0,0,0,0,0,0,0,0,0,0,1,0,0,0,0,0,0,0,0,0,0,0,0,0,0,0,0,0,0,0,1,0,0,0,0,0,0,0
2019,서울특별시 은평구1,서울특별시 은평구 역촌동(제일기사식당 부근),2019-04-19 18:00:00,1,0,41.0,4,1,78.0,1,0,0,11,0,0,0,0,0,0,1,0,0,0,0,0,0,0,0,0,0,0,0,0,0,0,0,0,1,0,0,0,0,0,0,0,0,0,0,0,0,0,1,0,0,0,0,0,0,0,0,0,0,0,0,0,0,0,0,1,0,0,0,0,0,0,0
2019,서울특별시 은평구1,서울특별시 은평구 역촌동(제일기사식당 부근),2019-05-09 16:00:00,1,0,57.0,5,1,35.0,1,0,0,11,0,0,0,0,0,0,0,0,0,0,1,0,0,0,0,0,0,0,0,0,0,0,0,1,0,0,0,0,0,0,0,0,0,0,0,0,0,0,1,0,0,0,0,0,0,0,0,0,0,0,0,0,0,0,0,1,0,0,0,0,0,0,0