사고년도,다발시군구,지점명,사고일시,사고등급,가해자성별,가해자연령,가해자신체상해정도,피해자성별,피해자연령,피해자신체상해정도,기상상태,사망자수,부상자수,가해차종_개인형이동수단(PM),가해차종_건설기계,가해차종_기타,가해차종_농기계,가해차종_불명,가해차종_사륜오토바이(ATV),가해차종_승용차,가해차종_승합차,가해차종_원동기장치자전거,가해차종_이륜차,가해차종_자전거,가해차종_특수차,가해차종_화물차,피해차종_개인형이동수단(PM),피해차종_건설기계,피해차종_기타,피해차종_보행자,피해차종_불명,피해차종_사륜오토바이(ATV),피해차종_승용차,피해차종_승합차,피해차종_없음,피해차종_원동기장치자전거,피해차종_이륜차,피해차종_자전거,피해차종_특수차,피해차종_화물차,가해자법규위반_과속,가해자법규위반_교차로 통행방법 위반,가해자법규위반_교차로운행방법위반,가해자법규위반_기타,가해자법규위반_미분류,가해자법규위반_보행자 보호의무 위반,가해자법규위반_보행자보호의무위반,가해자법규위반_불법유턴,가해자법규위반_신호위반,가해자법규위반_안전거리 미확보,가해자법규위반_안전거리미확보,가해자법규위반_안전운전 의무 불이행,가해자법규위반_안전운전불이행,가해자법규위반_중앙선 침범,가해자법규위반_중앙선침범,가해자법규위반_직진우회전진행방해,가해자법규위반_차로위반,사고유형_차대사람 - 기타,사고유형_차대사람 - 길가장자리구역통행중,사고유형_차대사람 - 보도통행중,사고유형_차대사람 - 차도통행중,사고유형_차대사람 - 횡단중,사고유형_차대차 - 기타,사고유형_차대차 - 정면충돌,사고유형_차대차 - 추돌,사고유형_차대차 - 추돌 - 주정차중,사고유형_차대차 - 추돌 - 진행중,사고유형_차대차 - 측면직각충돌,사고유형_차대차 - 측면충돌,사고유형_차대차 - 후진중충돌,사고유형_차량단독 - 공작물충돌,사고유형_차량단독 - 기타,사고유형_차량단독 - 도로외이탈 - 추락,사고유형_차량단독 - 전도,사고유형_차량단독 - 전도전복,사고유형_차량단독 - 전도전복 - 전도
2019,서울특별시 영등포구1,서울특별시 영등포구 대림동(대림3PB 부근),2019-09-28 13:00:00,1,1,53.0,4,1,67.0,1,0,0,10,0,0,0,0,0,0,0,0,0,0,0,0,1,0,0,0,0,0,0,0,0,0,0,0,1,0,0,0,0,0,0,0,0,0,0,0,0,0,1,0,0,0,0,0,0,0,0,0,0,1,0,0,0,0,0,0,0,0,0,0,0,0,0
2019,서울특별시 영등포구1,서울특별시 영등포구 대림동(대림3PB 부근),2019-11-13 16:00:00,0,1,40.0,0,1,41.0,4,2,0,10,0,0,0,0,0,0,0,0,0,0,1,0,0,0,0,0,0,0,0,1,0,0,0,0,0,0,0,0,0,0,0,0,0,0,0,0,0,0,1,0,0,0,0,0,0,0,0,0,0,0,0,0,0,0,0,1,0,0,0,0,0,0,0
2019,서울특별시 영등포구1,서울특별시 영등포구 대림동(대림3PB 부근),2019-12-25 20:00:00,0,1,17.0,4,0,11.0,0,0,0,10,0,0,0,0,0,0,0,0,0,1,0,0,0,0,0,0,0,0,0,0,0,0,0,0,1,0,0,0,0,0,0,0,0,0,0,1,0,0,0,0,0,0,0,0,0,0,0,0,0,1,0,0,0,0,0,0,0,0,0,0,0,0,0
2019,서울특별시 영등포구2,서울특별시 영등포구 영등포동3가(영등포시장앞 부근),2019-06-11 07:00:00,0,1,50.0,0,1,40.0,4,0,0,8,0,0,0,0,0,0,0,0,0,0,1,0,0,0,0,0,0,0,0,1,0,0,0,0,0,0,0,0,0,0,0,0,0,0,0,0,0,0,1,0,0,0,0,0,0,0,0,0,0,0,0,0,0,0,0,1,0,0,0,0,0,0,0
2019,서울특별시 영등포구2,서울특별시 영등포구 영등포동3가(영등포시장앞 부근),2019-06-12 12:00:00,0,1,80.0,0,1,55.0,4,0,0,8,0,0,0,0,0,0,0,0,0,0,1,0,0,0,0,0,0,0,0,0,0,0,0,0,0,0,1,0,0,0,0,0,0,0,0,0,0,0,1,0,0,0,0,0,0,0,0,0,0,1,0,0,0,0,0,0,0,0,0,0,0,0,0
2019,서울특별시 영등포구2,서울특별시 영등포구 영등포동3가(영등포시장앞 부근),2019-07-15 07:00:00,0,1,58.0,0,0,53.0,4,1,0,8,0,0,0,0,0,0,0,0,0,0,1,0,0,0,0,0,0,0,0,1,0,0,0,0,0,0,0,0,0,0,0,0,0,0,0,0,0,0,1,0,0,0,0,0,0,0,0,0,0,0,0,0,0,0,0,1,0,0,0,0,0,0,0
2019,서울특별시 영등포구2,서울특별시 영등포구 영등포동3가(영등포시장앞 부근),2019-07-29 10:00:00,0,1,47.0,4,1,65.0,0,0,0,8,0,0,0,0,0,0,0,1,0,0,0,0,0,0,0,0,0,0,0,0,0,0,0,0,1,0,0,0,0,0,0,0,0,0,0,0,0,0,1,0,0,0,0,0,0,0,0,0,0,1,0,0,0,0,0,0,0,0,0,0,0,0,0
2019,서울특별시 영등포구2,서울특별시 영등포구 영등포동3가(영등포시장앞 부근),2019-08-20 21:00:00,1,1,76.0,4,1,52.0,4,0,0,8,0,0,0,0,0,0,0,0,0,0,1,0,0,0,0,0,0,0,0,0,1,0,0,0,0,0,0,0,0,0,0,0,0,0,0,0,0,0,1,0,0,0,0,0,0,0,0,0,0,1,0,0,0,0,0,0,0,0,0,0,0,0,0
2019,서울특별시 영등포구2,서울특별시 영등포구 영등포동3가(영등포시장앞 부근),2019-09-30 18:00:00,0,1,83.0,0,1,38.0,4,0,0,8,0,0,0,0,0,0,0,0,0,0,1,0,0,0,0,0,0,0,0,0,0,0,0,1,0,0,0,0,0,0,0,0,0,0,0,0,0,0,1,0,0,0,0,0,0,0,0,0,0,1,0,0,0,0,0,0,0,0,0,0,0,0,0
2019,서울특별시 영등포구2,서울특별시 영등포구 영등포동3가(영등포시장앞 부근),2019-10-10 18:00:00,0,1,59.0,0,1,71.0,4,0,0,8,0,0,0,0,0,0,0,0,0,0,1,0,0,0,0,0,0,0,0,1,0,0,0,0,0,0,0,0,0,0,0,0,0,0,0,0,0,0,1,0,0,0,0,0,0,0,0,0,0,1,0,0,0,0,0,0,0,0,0,0,0,0,0
2019,서울특별시 영등포구2,서울특별시 영등포구 영등포동3가(영등포시장앞 부근),2019-12-23 15:00:00,2,1,64.0,2,1,56.0,4,0,0,8,0,0,0,0,0,0,0,0,0,0,1,0,0,0,0,0,0,0,0,1,0,0,0,0,0,0,0,0,0,0,0,0,0,0,0,0,0,0,1,0,0,0,0,0,0,0,0,0,0,0,0,0,0,0,0,1,0,0,0,0,0,0,0
2019,서울특별시 영등포구3,서울특별시 영등포구 대림동(대림역 부근),2019-01-08 20:00:00,0,1,75.0,4,0,44.0,0,0,0,8,0,0,0,0,0,0,1,0,0,0,0,0,0,0,0,0,0,0,0,0,0,0,0,0,1,0,0,0,0,0,0,0,0,0,0,0,0,0,1,0,0,0,0,0,0,0,0,0,0,0,0,0,0,0,0,1,0,0,0,0,0,0,0
2019,서울특별시 영등포구3,서울특별시 영등포구 대림동(대림역 부근),2019-04-11 21:00:00,0,1,61.0,0,0,49.0,4,0,0,8,0,0,0,0,0,0,0,0,0,0,1,0,0,0,0,0,0,0,0,0,0,0,0,0,0,0,1,0,0,0,0,0,0,0,0,0,0,0,1,0,0,0,0,0,0,0,0,0,0,1,0,0,0,0,0,0,0,0,0,0,0,0,0
2019,서울특별시 영등포구3,서울특별시 영등포구 대림동(대림역 부근),2019-04-30 00:00:00,1,1,40.0,1,1,48.0,4,0,0,8,0,0,0,0,0,0,0,0,0,0,1,0,0,0,0,0,0,0,0,1,0,0,0,0,0,0,0,0,0,0,1,0,0,0,0,0,0,0,0,0,0,0,0,0,0,0,0,0,0,0,0,0,0,0,0,1,0,0,0,0,0,0,0
2019,서울특별시 영등포구3,서울특별시 영등포구 대림동(대림역 부근),2019-08-23 20:00:00,1,0,50.0,0,1,34.0,1,0,0,8,0,0,0,0,0,0,0,0,0,0,1,0,0,0,0,0,0,0,0,0,0,0,0,1,0,0,0,0,0,0,0,0,0,0,0,0,0,0,0,0,1,0,0,0,0,0,0,0,0,0,0,0,0,0,0,1,0,0,0,0,0,0,0
2019,서울특별시 영등포구3,서울특별시 영등포구 대림동(대림역 부근),2019-09-23 00:00:00,1,0,60.0,1,1,24.0,4,0,0,8,0,0,0,0,0,0,0,0,0,0,1,0,0,0,0,0,0,0,0,0,0,0,0,1,0,0,0,0,0,0,0,0,0,0,0,0,0,0,0,0,1,0,0,0,0,0,0,0,0,0,0,0,0,0,0,1,0,0,0,0,0,0,0
2019,서울특별시 영등포구3,서울특별시 영등포구 대림동(대림역 부근),2019-10-22 05:00:00,0,1,36.0,0,1,30.0,4,0,0,8,0,0,0,0,0,0,0,0,0,0,1,0,0,0,0,0,0,0,0,0,1,0,0,0,0,0,0,0,0,0,0,0,0,0,0,0,0,0,1,0,0,0,0,0,0,0,0,0,0,0,0,0,0,0,0,1,0,0,0,0,0,0,0
2019,서울특별시 영등포구3,서울특별시 영등포구 대림동(대림역 부근),2019-12-07 02:00:00,0,1,62.0,0,1,70.0,4,0,0,8,0,0,0,0,0,0,0,0,0,0,1,0,0,0,0,0,0,0,0,1,0,0,0,0,0,0,0,0,0,0,0,0,0,0,0,1,0,0,0,0,0,0,0,0,0,0,0,0,0,1,0,0,0,0,0,0,0,0,0,0,0,0,0
2019,서울특별시 영등포구4,서울특별시 영등포구 대림동(대림공원사거리 부근),2019-03-08 08:00:00,1,0,47.0,1,1,74.0,4,0,0,7,0,0,0,0,0,0,0,0,0,0,1,0,0,0,0,0,0,0,0,1,0,0,0,0,0,0,0,0,0,0,0,0,0,0,0,0,0,0,1,0,0,0,0,0,0,0,0,0,0,0,0,0,0,0,0,1,0,0,0,0,0,0,0
2019,서울특별시 영등포구4,서울특별시 영등포구 대림동(대림공원사거리 부근),2019-04-01 16:00:00,1,1,57.0,1,1,45.0,4,0,0,7,0,0,0,0,0,0,0,0,0,0,1,0,0,0,0,0,0,0,0,0,1,0,0,0,0,0,0,0,0,0,0,0,0,0,0,0,0,0,1,0,0,0,0,0,0,0,0,0,0,1,0,0,0,0,0,0,0,0,0,0,0,0,0
2019,서울특별시 영등포구4,서울특별시 영등포구 대림동(대림공원사거리 부근),2019-04-13 20:00:00,0,0,58.0,0,1,30.0,4,0,0,7,0,0,0,0,0,0,0,0,0,0,1,0,0,0,0,0,0,0,0,1,0,0,0,0,0,0,0,0,0,0,0,0,0,0,0,0,0,0,0,0,1,0,0,0,0,0,0,0,0,0,0,0,0,0,0,1,0,0,0,0,0,0,0
2019,서울특별시 영등포구4,서울특별시 영등포구 대림동(대림공원사거리 부근),2019-05-24 05:00:00,0,1,36.0,0,1,54.0,4,0,0,7,0,0,0,0,0,0,0,0,0,0,1,0,0,0,0,0,0,0,0,1,0,0,0,0,0,0,0,0,0,0,0,0,0,0,0,0,0,0,1,0,0,0,0,0,0,0,0,0,0,0,0,1,0,0,0,0,0,0,0,0,0,0,0
2019,서울특별시 영등포구4,서울특별시 영등포구 대림동(대림공원사거리 부근),2019-05-30 12:00:00,0,1,36.0,0,0,32.0,4,0,0,7,0,0,0,0,0,0,0,0,0,0,1,0,0,0,0,0,0,0,0,1,0,0,0,0,0,0,0,0,0,0,0,0,0,0,0,0,0,0,0,0,1,0,0,0,0,0,0,0,0,0,0,0,0,0,0,1,0,0,0,0,0,0,0
2019,서울특별시 영등포구4,서울특별시 영등포구 대림동(대림공원사거리 부근),2019-07-22 14:00:00,0,0,46.0,0,1,30.0,4,0,0,7,0,0,0,0,0,0,0,0,0,0,1,0,0,0,0,0,0,0,0,1,0,0,0,0,0,0,0,0,0,0,1,0,0,0,0,0,0,0,0,0,0,0,0,0,0,0,0,0,0,1,0,0,0,0,0,0,0,0,0,0,0,0,0
2019,서울특별시 영등포구4,서울특별시 영등포구 대림동(대림공원사거리 부근),2019-10-01 18:00:00,0,0,9.0,0,1,34.0,4,0,0,7,0,0,0,0,0,0,0,0,0,0,1,0,0,0,0,0,0,0,0,0,1,0,0,0,0,0,0,0,0,0,0,0,0,0,0,0,0,0,1,0,0,0,0,0,0,0,0,0,0,1,0,0,0,0,0,0,0,0,0,0,0,0,0
2019,서울특별시 영등포구5,서울특별시 영등포구 신길동(사러가시장앞 부근),2019-05-21 18:00:00,1,1,45.0,4,1,69.0,1,0,0,6,0,0,0,0,0,0,1,0,0,0,0,0,0,0,0,0,0,0,0,0,0,0,0,0,1,0,0,0,0,0,0,0,0,0,0,0,0,0,1,0,0,0,0,0,0,0,0,0,0,1,0,0,0,0,0,0,0,0,0,0,0,0,0
2019,서울특별시 영등포구5,서울특별시 영등포구 신길동(사러가시장앞 부근),2019-06-24 08:00:00,1,1,67.0,1,1,46.0,4,0,0,6,0,0,0,0,0,0,0,0,0,0,1,0,0,0,0,0,0,0,0,1,0,0,0,0,0,0,0,0,0,0,0,0,0,0,0,0,0,0,1,0,0,0,0,0,0,0,0,0,0,1,0,0,0,0,0,0,0,0,0,0,0,0,0
2019,서울특별시 영등포구5,서울특별시 영등포구 신길동(사러가시장앞 부근),2019-10-24 20:00:00,0,1,65.0,4,1,16.0,0,0,0,6,0,0,0,0,0,0,0,0,0,0,0,0,1,0,0,0,0,0,0,0,0,0,0,0,1,0,0,0,0,0,0,0,0,0,0,0,0,0,1,0,0,0,0,0,0,0,0,0,0,1,0,0,0,0,0,0,0,0,0,0,0,0,0
2019,서울특별시 영등포구5,서울특별시 영등포구 신길동(사러가시장앞 부근),2019-10-28 13:00:00,0,1,67.0,4,0,70.0,0,0,0,6,0,0,0,0,0,0,1,0,0,0,0,0,0,0,0,0,0,0,0,0,0,0,0,0,1,0,0,0,0,0,0,0,0,0,0,0,0,0,1,0,0,0,0,0,0,0,0,0,0,0,0,0,0,0,0,1,0,0,0,0,0,0,0
2019,서울특별시 영등포구5,서울특별시 영등포구 신길동(사러가시장앞 부근),2019-11-04 11:00:00,1,1,65.0,4,1,76.0,1,0,0,6,0,0,0,0,0,0,0,0,0,1,0,0,0,0,0,0,0,0,0,0,0,0,0,0,1,0,0,0,0,0,0,0,0,0,0,0,0,0,1,0,0,0,0,0,0,0,0,0,0,0,0,0,0,0,0,1,0,0,0,0,0,0,0
2019,서울특별시 영등포구5,서울특별시 영등포구 신길동(사러가시장앞 부근),2019-11-25 08:00:00,0,1,43.0,4,0,59.0,0,0,0,6,0,0,0,0,0,0,0,0,0,0,1,0,0,0,0,0,1,0,0,0,0,0,0,0,0,0,0,0,0,0,1,0,0,0,0,0,0,0,0,0,0,0,0,0,0,0,1,0,0,0,0,0,0,0,0,0,0,0,0,0,0,0,0
2019,서울특별시 영등포구6,서울특별시 영등포구 영등포동7가(영등포전화국 부근),2019-01-07 09:00:00,2,1,41.0,4,1,57.0,2,0,0,7,0,0,0,0,0,0,0,0,0,0,0,0,1,0,0,0,0,0,0,0,0,0,0,0,1,0,0,0,0,0,0,0,0,0,0,0,0,0,1,0,0,0,0,0,0,0,0,0,0,1,0,0,0,0,0,0,0,0,0,0,0,0,0
2019,서울특별시 영등포구6,서울특별시 영등포구 영등포동7가(영등포전화국 부근),2019-01-08 11:00:00,1,1,57.0,4,1,56.0,4,0,0,7,0,0,0,0,0,0,0,0,0,0,1,0,0,0,0,0,0,0,0,0,1,0,0,0,0,0,0,0,0,0,0,0,0,0,0,0,0,0,1,0,0,0,0,0,0,0,0,0,0,1,0,0,0,0,0,0,0,0,0,0,0,0,0
2019,서울특별시 영등포구6,서울특별시 영등포구 영등포동7가(영등포전화국 부근),2019-01-16 18:00:00,0,0,55.0,4,1,54.0,0,0,0,7,0,0,0,0,0,0,1,0,0,0,0,0,0,0,0,0,0,0,0,0,0,0,0,0,1,0,0,0,0,0,0,0,0,0,0,0,0,0,1,0,0,0,0,0,0,0,0,0,0,1,0,0,0,0,0,0,0,0,0,0,0,0,0
2019,서울특별시 영등포구6,서울특별시 영등포구 영등포동7가(영등포전화국 부근),2019-06-22 09:00:00,1,1,61.0,4,0,33.0,1,0,0,7,0,0,0,0,0,0,0,1,0,0,0,0,0,0,0,0,0,0,0,0,0,0,0,0,1,0,0,0,0,0,0,0,0,0,0,1,0,0,0,0,0,0,0,0,0,0,0,0,0,0,0,0,0,0,0,1,0,0,0,0,0,0,0
2019,서울특별시 영등포구6,서울특별시 영등포구 영등포동7가(영등포전화국 부근),2019-07-25 12:00:00,0,1,64.0,4,1,84.0,0,0,0,7,0,0,0,0,0,0,0,0,0,0,0,0,1,0,0,0,0,0,0,0,0,0,0,0,1,0,0,0,0,0,0,0,0,0,0,0,0,0,1,0,0,0,0,0,0,0,0,0,0,0,0,0,0,0,0,1,0,0,0,0,0,0,0
2019,서울특별시 영등포구6,서울특별시 영등포구 영등포동7가(영등포전화국 부근),2019-09-17 14:00:00,0,1,26.0,4,1,57.0,0,0,0,7,0,0,0,0,0,0,1,0,0,0,0,0,0,0,0,0,0,0,0,0,0,0,0,0,1,0,0,0,0,0,0,0,0,0,0,0,0,0,1,0,0,0,0,0,0,0,0,0,0,0,0,0,0,0,0,1,0,0,0,0,0,0,0
2019,서울특별시 영등포구7,서울특별시 영등포구 문래동5가(신정교동단 부근),2019-04-22 18:00:00,2,0,60.0,2,1,9.0,4,0,0,9,0,0,0,0,0,0,0,0,0,0,1,0,0,0,0,0,1,0,0,0,0,0,0,0,0,0,0,0,0,0,0,0,0,0,0,0,0,0,1,0,0,0,0,0,1,0,0,0,0,0,0,0,0,0,0,0,0,0,0,0,0,0,0
2019,서울특별시 영등포구7,서울특별시 영등포구 문래동5가(신정교동단 부근),2019-04-27 16:00:00,0,1,32.0,0,0,49.0,0,0,0,9,0,0,0,0,0,0,0,0,0,0,1,0,0,0,0,0,0,0,0,0,0,0,0,0,1,0,0,0,0,0,0,0,0,0,0,0,0,0,1,0,0,0,0,0,0,0,0,0,0,1,0,0,0,0,0,0,0,0,0,0,0,0,0
2019,서울특별시 영등포구7,서울특별시 영등포구 문래동5가(신정교동단 부근),2019-06-11 18:00:00,2,0,30.0,4,0,46.0,2,0,0,9,0,0,0,0,0,0,0,0,0,0,1,0,0,0,0,0,0,0,0,0,0,0,0,0,1,0,0,0,0,0,0,0,0,0,0,0,0,0,1,0,0,0,0,0,0,0,0,0,0,0,0,0,0,0,0,1,0,0,0,0,0,0,0
2019,서울특별시 영등포구7,서울특별시 영등포구 문래동5가(신정교동단 부근),2019-06-13 14:00:00,0,0,51.0,0,1,47.0,4,0,0,9,0,0,0,0,0,0,0,0,0,0,1,0,0,0,0,0,0,0,0,1,0,0,0,0,0,0,0,0,0,0,1,0,0,0,0,0,0,0,0,0,0,0,0,0,0,0,0,0,0,0,0,0,0,0,0,1,0,0,0,0,0,0,0
2019,서울특별시 영등포구7,서울특별시 영등포구 문래동5가(신정교동단 부근),2019-09-27 21:00:00,1,0,20.0,0,1,54.0,1,0,0,9,0,0,0,0,0,0,0,0,0,0,1,0,0,0,0,0,0,0,0,0,0,0,0,0,1,0,0,0,0,0,0,0,0,0,0,0,0,0,1,0,0,0,0,0,0,0,0,0,0,1,0,0,0,0,0,0,0,0,0,0,0,0,0
2019,서울특별시 영등포구7,서울특별시 영등포구 문래동5가(신정교동단 부근),2019-10-01 18:00:00,0,1,44.0,0,1,55.0,0,0,0,9,0,0,0,0,0,0,0,0,0,0,1,0,0,0,0,0,0,0,0,0,0,0,0,0,1,0,0,0,0,0,0,0,0,0,0,0,0,0,1,0,0,0,0,0,0,0,0,0,0,0,0,0,0,0,0,1,0,0,0,0,0,0,0
2019,서울특별시 영등포구8,서울특별시 영등포구 대림동(대림공원사거리 부근),2019-04-07 19:00:00,0,1,54.0,4,1,22.0,0,0,0,6,0,0,0,0,0,0,0,0,0,0,1,0,0,0,0,0,0,0,0,0,0,0,0,1,0,0,0,0,0,0,0,0,0,0,0,0,0,0,1,0,0,0,0,0,0,0,0,0,0,1,0,0,0,0,0,0,0,0,0,0,0,0,0
2019,서울특별시 영등포구8,서울특별시 영등포구 대림동(대림공원사거리 부근),2019-06-29 12:00:00,0,1,33.0,4,1,73.0,0,0,0,6,0,0,0,0,0,0,1,0,0,0,0,0,0,0,0,0,0,0,0,0,0,0,0,0,1,0,0,0,0,0,0,0,0,0,0,0,0,0,1,0,0,0,0,0,0,0,0,0,0,1,0,0,0,0,0,0,0,0,0,0,0,0,0
2019,서울특별시 영등포구8,서울특별시 영등포구 대림동(대림공원사거리 부근),2019-08-24 05:00:00,0,1,58.0,0,1,30.0,4,0,0,6,0,0,0,0,0,0,0,0,0,0,1,0,0,0,0,0,0,0,0,1,0,0,0,0,0,0,0,0,0,0,0,0,0,0,0,0,0,0,1,0,0,0,0,0,0,0,0,0,0,1,0,0,0,0,0,0,0,0,0,0,0,0,0
2019,서울특별시 영등포구8,서울특별시 영등포구 대림동(대림공원사거리 부근),2019-09-02 14:00:00,2,1,55.0,2,1,62.0,4,0,0,6,0,0,0,0,0,0,0,0,0,0,1,0,0,0,0,0,0,0,0,0,1,0,0,0,0,0,0,0,0,0,0,0,0,0,0,0,1,0,0,0,0,0,0,0,0,0,0,0,0,0,0,0,0,0,0,1,0,0,0,0,0,0,0
2019,서울특별시 영등포구8,서울특별시 영등포구 대림동(대림공원사거리 부근),2019-09-23 17:00:00,0,1,34.0,0,1,35.0,4,0,0,6,0,0,0,0,0,0,0,0,0,0,1,0,0,0,0,0,0,0,0,1,0,0,0,0,0,0,0,0,0,0,0,0,0,0,0,0,0,0,0,0,1,0,0,0,0,0,0,0,0,0,0,0,0,0,0,1,0,0,0,0,0,0,0
2019,서울특별시 영등포구8,서울특별시 영등포구 대림동(대림공원사거리 부근),2019-12-13 05:00:00,1,1,45.0,4,0,46.0,1,0,0,6,0,0,0,0,0,0,1,0,0,0,0,0,0,0,0,0,0,0,0,0,0,0,0,0,1,0,0,0,0,0,0,0,0,0,0,0,0,0,1,0,0,0,0,0,0,0,0,0,0,0,0,0,0,0,0,1,0,0,0,0,0,0,0
2019,서울특별시 영등포구9,서울특별시 영등포구 당산동6가(당산지하차도북측 부근),2019-04-03 19:00:00,0,1,43.0,4,0,56.0,0,0,0,6,0,0,0,0,0,0,0,0,0,0,1,0,0,0,0,0,1,0,0,0,0,0,0,0,0,0,0,0,0,0,0,0,0,0,0,0,0,0,1,0,0,0,0,0,0,0,0,1,0,0,0,0,0,0,0,0,0,0,0,0,0,0,0
2019,서울특별시 영등포구9,서울특별시 영등포구 당산동6가(당산지하차도북측 부근),2019-05-01 09:00:00,0,1,55.0,0,1,25.0,4,0,0,6,0,0,0,0,0,0,0,0,0,0,1,0,0,0,0,0,0,0,0,0,0,0,0,0,1,0,0,0,0,0,0,0,0,0,0,0,0,0,1,0,0,0,0,0,0,0,0,0,0,0,0,0,0,0,0,1,0,0,0,0,0,0,0
2019,서울특별시 영등포구9,서울특별시 영등포구 당산동6가(당산지하차도북측 부근),2019-06-25 08:00:00,1,1,38.0,4,1,64.0,1,0,0,6,0,0,0,0,0,0,0,0,0,0,1,0,0,0,0,0,0,0,0,0,0,0,0,0,1,0,0,0,0,0,0,0,0,0,0,0,0,0,1,0,0,0,0,0,0,0,0,0,0,1,0,0,0,0,0,0,0,0,0,0,0,0,0
2019,서울특별시 영등포구9,서울특별시 영등포구 당산동6가(당산지하차도북측 부근),2019-07-12 19:00:00,0,1,61.0,4,1,49.0,0,0,0,6,0,0,0,0,0,0,0,0,0,0,1,0,0,0,0,0,0,0,0,0,0,0,0,0,1,0,0,0,0,0,0,0,0,0,0,0,0,0,1,0,0,0,0,0,0,0,0,0,0,1,0,0,0,0,0,0,0,0,0,0,0,0,0
2019,서울특별시 영등포구9,서울특별시 영등포구 당산동6가(당산지하차도북측 부근),2019-10-12 13:00:00,1,0,55.0,0,0,27.0,1,0,0,6,0,0,0,0,0,0,0,0,0,0,1,0,0,0,0,0,0,0,0,0,0,0,0,0,1,0,0,0,0,0,0,0,0,0,0,0,0,0,1,0,0,0,0,0,0,0,0,0,0,0,0,0,0,0,0,1,0,0,0,0,0,0,0
2019,서울특별시 영등포구10,서울특별시 영등포구 문래동5가(오목교동단 부근),2019-04-20 16:00:00,0,1,70.0,0,1,27.0,0,0,0,7,0,0,0,0,0,0,0,0,0,0,1,0,0,0,0,0,1,0,0,0,0,0,0,0,0,0,0,0,0,0,0,0,0,0,0,0,0,0,1,0,0,0,0,0,1,0,0,0,0,0,0,0,0,0,0,0,0,0,0,0,0,0,0
2019,서울특별시 영등포구10,서울특별시 영등포구 문래동5가(오목교동단 부근),2019-07-12 11:00:00,0,1,21.0,0,0,57.0,0,0,0,7,0,0,0,0,0,0,0,0,0,0,1,0,0,0,0,0,0,0,0,0,0,0,0,0,1,0,0,0,0,0,0,0,0,0,0,0,0,0,1,0,0,0,0,0,0,0,0,0,0,0,0,1,0,0,0,0,0,0,0,0,0,0,0
2019,서울특별시 영등포구10,서울특별시 영등포구 문래동5가(오목교동단 부근),2019-07-30 22:00:00,0,1,27.0,0,1,63.0,4,0,0,7,0,0,0,0,0,0,0,0,0,0,1,0,0,0,0,0,0,0,0,1,0,0,0,0,0,0,0,0,0,0,1,0,0,0,0,0,0,0,0,0,0,0,0,0,0,0,0,0,0,0,0,0,0,0,0,1,0,0,0,0,0,0,0
2019,서울특별시 영등포구10,서울특별시 영등포구 문래동5가(오목교동단 부근),2019-08-20 02:00:00,0,1,50.0,0,1,55.0,4,0,0,7,0,0,0,0,0,0,0,0,0,0,1,0,0,0,0,0,0,0,0,1,0,0,0,0,0,0,0,0,0,0,1,0,0,0,0,0,0,0,0,0,0,0,0,0,0,0,0,0,0,0,0,0,0,0,0,1,0,0,0,0,0,0,0
2019,서울특별시 영등포구10,서울특별시 영등포구 문래동5가(오목교동단 부근),2019-11-02 14:00:00,1,1,50.0,4,1,56.0,1,0,0,7,0,0,0,0,0,0,0,0,0,0,1,0,0,0,0,0,0,0,0,0,0,0,0,0,1,0,0,0,0,0,0,0,0,0,0,0,0,0,1,0,0,0,0,0,0,0,0,0,0,1,0,0,0,0,0,0,0,0,0,0,0,0,0
2019,서울특별시 영등포구11,서울특별시 영등포구 신길동(보라매공원입구 부근),2019-03-07 15:00:00,0,1,49.0,4,0,64.0,0,0,0,5,0,0,0,0,0,0,1,0,0,0,0,0,0,0,0,0,0,0,0,0,0,0,0,0,1,0,0,0,0,0,0,0,0,0,0,0,0,0,1,0,0,0,0,0,0,0,0,0,0,0,0,0,0,0,0,1,0,0,0,0,0,0,0
2019,서울특별시 영등포구11,서울특별시 영등포구 신길동(보라매공원입구 부근),2019-04-12 13:00:00,0,1,70.0,0,1,58.0,4,0,0,5,0,0,0,0,0,0,0,0,0,0,1,0,0,0,0,0,0,0,0,1,0,0,0,0,0,0,0,0,0,0,0,0,0,0,0,0,0,0,1,0,0,0,0,0,0,0,0,0,0,1,0,0,0,0,0,0,0,0,0,0,0,0,0
2019,서울특별시 영등포구11,서울특별시 영등포구 신길동(보라매공원입구 부근),2019-10-05 06:00:00,2,1,83.0,2,1,70.0,4,0,0,5,0,0,0,0,0,0,0,0,0,0,1,0,0,0,0,0,0,0,0,1,0,0,0,0,0,0,0,0,0,0,1,0,0,0,0,0,0,0,0,0,0,0,0,0,0,0,0,0,0,0,0,0,0,0,0,1,0,0,0,0,0,0,0
2019,서울특별시 영등포구11,서울특별시 영등포구 신길동(보라매공원입구 부근),2019-11-18 10:00:00,1,1,82.0,1,1,57.0,4,0,0,5,0,0,0,0,0,0,0,0,0,0,1,0,0,0,0,0,0,0,0,0,0,0,0,0,0,0,1,0,0,0,0,0,0,0,0,1,0,0,0,0,0,0,0,0,0,0,0,0,0,0,0,0,0,0,0,1,0,0,0,0,0,0,0
2019,서울특별시 영등포구11,서울특별시 영등포구 신길동(보라매공원입구 부근),2019-12-25 21:00:00,0,1,43.0,0,1,55.0,4,0,0,5,0,0,0,0,0,0,0,0,0,0,1,0,0,0,0,0,0,0,0,1,0,0,0,0,0,0,0,0,0,0,0,0,0,0,0,0,0,0,1,0,0,0,0,0,0,0,0,0,0,0,0,0,0,0,0,1,0,0,0,0,0,0,0