사고년도,다발시군구,지점명,사고일시,사고등급,가해자성별,가해자연령,가해자신체상해정도,피해자성별,피해자연령,피해자신체상해정도,기상상태,사망자수,부상자수,가해차종_개인형이동수단(PM),가해차종_건설기계,가해차종_기타,가해차종_농기계,가해차종_불명,가해차종_사륜오토바이(ATV),가해차종_승용차,가해차종_승합차,가해차종_원동기장치자전거,가해차종_이륜차,가해차종_자전거,가해차종_특수차,가해차종_화물차,피해차종_개인형이동수단(PM),피해차종_건설기계,피해차종_기타,피해차종_보행자,피해차종_불명,피해차종_사륜오토바이(ATV),피해차종_승용차,피해차종_승합차,피해차종_없음,피해차종_원동기장치자전거,피해차종_이륜차,피해차종_자전거,피해차종_특수차,피해차종_화물차,가해자법규위반_과속,가해자법규위반_교차로 통행방법 위반,가해자법규위반_교차로운행방법위반,가해자법규위반_기타,가해자법규위반_미분류,가해자법규위반_보행자 보호의무 위반,가해자법규위반_보행자보호의무위반,가해자법규위반_불법유턴,가해자법규위반_신호위반,가해자법규위반_안전거리 미확보,가해자법규위반_안전거리미확보,가해자법규위반_안전운전 의무 불이행,가해자법규위반_안전운전불이행,가해자법규위반_중앙선 침범,가해자법규위반_중앙선침범,가해자법규위반_직진우회전진행방해,가해자법규위반_차로위반,사고유형_차대사람 - 기타,사고유형_차대사람 - 길가장자리구역통행중,사고유형_차대사람 - 보도통행중,사고유형_차대사람 - 차도통행중,사고유형_차대사람 - 횡단중,사고유형_차대차 - 기타,사고유형_차대차 - 정면충돌,사고유형_차대차 - 추돌,사고유형_차대차 - 추돌 - 주정차중,사고유형_차대차 - 추돌 - 진행중,사고유형_차대차 - 측면직각충돌,사고유형_차대차 - 측면충돌,사고유형_차대차 - 후진중충돌,사고유형_차량단독 - 공작물충돌,사고유형_차량단독 - 기타,사고유형_차량단독 - 도로외이탈 - 추락,사고유형_차량단독 - 전도,사고유형_차량단독 - 전도전복,사고유형_차량단독 - 전도전복 - 전도
2019,경기도 수원시 장안구1,경기도 수원시 장안구 영화동(정자사거리 부근),2019-03-17 12:00:00,2,1,10.0,2,1,56.0,4,0,0,7,0,0,0,0,0,0,0,0,0,0,1,0,0,0,0,0,0,0,0,0,0,0,0,1,0,0,0,0,1,0,0,0,0,0,0,0,0,0,0,0,0,0,0,0,0,0,0,0,0,0,0,0,0,0,0,1,0,0,0,0,0,0,0
2019,경기도 수원시 장안구1,경기도 수원시 장안구 영화동(정자사거리 부근),2019-11-01 22:00:00,0,1,67.0,4,1,25.0,0,0,0,7,0,0,0,0,0,0,0,0,0,0,0,0,1,0,0,0,0,0,0,0,0,0,0,0,1,0,0,0,0,0,0,0,0,0,0,1,0,0,0,0,0,0,0,0,0,0,0,0,0,0,0,0,0,0,0,1,0,0,0,0,0,0,0
2019,경기도 수원시 장안구1,경기도 수원시 장안구 영화동(정자사거리 부근),2019-11-18 12:00:00,0,0,32.0,5,1,63.0,0,0,0,7,0,0,0,0,0,0,1,0,0,0,0,0,0,0,0,0,0,0,0,0,0,0,0,0,1,0,0,0,0,0,0,0,0,0,0,0,0,0,1,0,0,0,0,0,0,0,0,0,0,1,0,0,0,0,0,0,0,0,0,0,0,0,0
2019,경기도 수원시 장안구1,경기도 수원시 장안구 영화동(정자사거리 부근),2019-11-28 11:00:00,2,2,47.74785772029103,5,0,80.0,2,0,0,7,0,0,0,0,0,0,0,0,0,0,1,0,0,0,0,0,1,0,0,0,0,0,0,0,0,0,0,0,0,0,1,0,0,0,0,0,0,0,0,0,0,0,0,0,1,0,0,0,0,0,0,0,0,0,0,0,0,0,0,0,0,0,0
2019,경기도 수원시 장안구1,경기도 수원시 장안구 영화동(정자사거리 부근),2019-12-22 17:00:00,1,0,54.0,4,1,78.0,1,0,0,7,0,0,0,0,0,0,1,0,0,0,0,0,0,0,0,0,0,0,0,0,0,0,0,0,1,0,0,0,0,0,0,0,0,0,0,0,0,0,1,0,0,0,0,0,0,0,0,0,0,1,0,0,0,0,0,0,0,0,0,0,0,0,0
2019,경기도 수원시 장안구1,경기도 수원시 장안구 영화동(정자사거리 부근),2019-12-27 10:00:00,1,1,38.0,4,0,40.0,1,0,0,7,0,0,0,0,0,0,1,0,0,0,0,0,0,0,0,0,0,0,0,0,0,0,0,0,1,0,0,0,0,0,0,0,0,0,0,0,0,0,1,0,0,0,0,0,0,0,0,0,0,1,0,0,0,0,0,0,0,0,0,0,0,0,0
2019,경기도 수원시 장안구2,경기도 수원시 장안구 영화동(장안문로터리 부근),2019-04-29 11:00:00,1,1,71.0,1,1,64.0,4,0,0,6,0,0,0,0,0,0,0,0,0,0,1,0,0,0,0,0,0,0,0,1,0,0,0,0,0,0,0,0,0,0,0,0,0,0,0,1,0,0,0,0,0,0,0,0,0,0,0,0,0,1,0,0,0,0,0,0,0,0,0,0,0,0,0
2019,경기도 수원시 장안구2,경기도 수원시 장안구 영화동(장안문로터리 부근),2019-07-05 08:00:00,1,1,50.0,0,1,80.0,1,0,0,6,0,0,0,0,0,0,0,0,0,0,1,0,0,0,0,0,0,0,0,0,0,0,0,0,1,0,0,0,0,0,0,0,0,0,0,0,0,0,1,0,0,0,0,0,0,0,0,0,0,1,0,0,0,0,0,0,0,0,0,0,0,0,0
2019,경기도 수원시 장안구2,경기도 수원시 장안구 영화동(장안문로터리 부근),2019-09-30 15:00:00,2,1,64.0,5,1,51.0,2,0,0,6,0,0,0,0,0,0,0,0,0,0,1,0,0,0,0,0,1,0,0,0,0,0,0,0,0,0,0,0,0,0,1,0,0,0,0,0,0,0,0,0,0,0,0,0,0,0,0,0,1,0,0,0,0,0,0,0,0,0,0,0,0,0,0
2019,경기도 수원시 장안구2,경기도 수원시 장안구 영화동(장안문로터리 부근),2019-11-05 18:00:00,0,1,68.0,4,0,43.0,0,0,0,6,0,0,0,0,0,0,0,0,0,0,1,0,0,0,0,0,1,0,0,0,0,0,0,0,0,0,0,0,0,0,1,0,0,0,0,0,0,0,0,0,0,0,0,0,0,0,1,0,0,0,0,0,0,0,0,0,0,0,0,0,0,0,0
2019,경기도 수원시 장안구2,경기도 수원시 장안구 영화동(장안문로터리 부근),2019-11-06 05:00:00,1,1,84.0,1,1,72.0,4,0,0,6,0,0,0,0,0,0,0,0,0,0,1,0,0,0,0,0,0,0,0,1,0,0,0,0,0,0,0,0,0,0,1,0,0,0,0,0,0,0,0,0,0,0,0,0,0,0,0,0,0,0,0,0,0,0,0,1,0,0,0,0,0,0,0
2019,경기도 수원시 장안구3,경기도 수원시 장안구 정자동(만석사거리 부근),2019-02-25 09:00:00,1,0,34.0,4,1,89.0,1,0,0,5,0,0,0,0,0,0,1,0,0,0,0,0,0,0,0,0,0,0,0,0,0,0,0,0,1,0,0,0,0,0,0,0,0,0,0,0,0,0,1,0,0,0,0,0,0,0,0,0,0,0,0,0,0,0,0,1,0,0,0,0,0,0,0
2019,경기도 수원시 장안구3,경기도 수원시 장안구 정자동(만석사거리 부근),2019-05-09 17:00:00,0,1,54.0,4,1,17.0,0,0,0,5,0,0,0,0,0,0,1,0,0,0,0,0,0,0,0,0,0,0,0,0,0,0,0,0,1,0,0,0,0,0,0,0,0,0,0,1,0,0,0,0,0,0,0,0,0,0,0,0,0,0,0,0,0,0,0,1,0,0,0,0,0,0,0
2019,경기도 수원시 장안구3,경기도 수원시 장안구 정자동(만석사거리 부근),2019-07-19 09:00:00,0,1,76.0,4,0,24.0,0,0,0,5,0,0,0,0,0,0,1,0,0,0,0,0,0,0,0,0,0,0,0,0,0,0,0,0,1,0,0,0,0,0,0,0,0,0,0,1,0,0,0,0,0,0,0,0,0,0,0,0,0,0,0,1,0,0,0,0,0,0,0,0,0,0,0
2019,경기도 수원시 장안구3,경기도 수원시 장안구 정자동(만석사거리 부근),2019-10-16 08:00:00,0,0,49.0,4,1,78.0,0,0,0,5,0,0,0,0,0,0,1,0,0,0,0,0,0,0,0,0,0,0,0,0,0,0,0,0,1,0,0,0,1,0,0,0,0,0,0,0,0,0,0,0,0,0,0,0,0,0,0,0,0,1,0,0,0,0,0,0,0,0,0,0,0,0,0
2019,경기도 수원시 장안구3,경기도 수원시 장안구 정자동(만석사거리 부근),2019-12-28 10:00:00,1,0,49.0,4,1,73.0,1,0,0,5,0,0,0,0,0,0,1,0,0,0,0,0,0,0,0,0,0,0,0,0,0,0,0,0,1,0,0,0,0,0,0,0,0,0,0,0,0,0,1,0,0,0,0,0,0,0,0,0,0,0,0,0,0,0,0,1,0,0,0,0,0,0,0
2019,경기도 수원시 장안구4,경기도 수원시 장안구 송죽동(운동장사거리 부근),2019-02-13 06:00:00,1,1,58.0,4,1,75.0,1,0,0,4,0,0,0,0,0,0,1,0,0,0,0,0,0,0,0,0,0,0,0,0,0,0,0,0,1,0,0,0,0,0,0,0,0,0,0,0,0,0,1,0,0,0,0,0,0,0,0,0,0,1,0,0,0,0,0,0,0,0,0,0,0,0,0
2019,경기도 수원시 장안구4,경기도 수원시 장안구 송죽동(운동장사거리 부근),2019-04-30 18:00:00,1,1,22.0,1,2,47.23777883246322,5,0,0,4,0,0,0,0,0,0,0,0,0,0,1,0,0,0,0,0,0,1,0,0,0,0,0,0,0,0,0,0,0,0,0,0,0,0,0,0,0,0,1,0,0,0,0,0,0,0,0,0,0,1,0,0,0,0,0,0,0,0,0,0,0,0,0
2019,경기도 수원시 장안구4,경기도 수원시 장안구 송죽동(운동장사거리 부근),2019-06-09 15:00:00,0,1,55.0,5,1,18.0,0,0,0,4,0,0,0,0,0,0,0,1,0,0,0,0,0,0,0,0,0,0,0,0,0,0,0,0,1,0,0,0,0,0,0,0,0,0,0,0,1,0,0,0,0,0,0,0,0,0,0,0,0,1,0,0,0,0,0,0,0,0,0,0,0,0,0
2019,경기도 수원시 장안구4,경기도 수원시 장안구 송죽동(운동장사거리 부근),2019-09-18 07:00:00,2,1,79.0,2,1,61.0,4,0,0,4,0,0,0,0,0,0,0,0,0,0,1,0,0,0,0,0,0,0,0,1,0,0,0,0,0,0,0,0,0,0,0,0,0,0,0,0,0,0,0,0,1,0,0,0,0,0,0,0,0,1,0,0,0,0,0,0,0,0,0,0,0,0,0
2019,경기도 수원시 장안구5,경기도 수원시 장안구 조원동(장안구청지하차도 부근),2019-02-01 09:00:00,0,0,42.0,4,1,77.0,0,0,0,4,0,0,0,0,0,0,1,0,0,0,0,0,0,0,0,0,0,0,0,0,0,0,0,0,1,0,0,0,0,0,0,0,0,0,0,0,0,0,1,0,0,0,0,0,0,0,0,0,0,1,0,0,0,0,0,0,0,0,0,0,0,0,0
2019,경기도 수원시 장안구5,경기도 수원시 장안구 조원동(장안구청지하차도 부근),2019-02-24 17:00:00,0,1,17.0,5,1,48.0,0,0,0,4,0,0,0,0,0,0,0,0,0,1,0,0,0,0,0,0,0,0,0,0,0,0,0,0,1,0,0,0,0,0,0,0,0,0,0,0,0,0,1,0,0,0,0,0,0,0,0,0,0,0,0,0,0,0,0,1,0,0,0,0,0,0,0
2019,경기도 수원시 장안구5,경기도 수원시 장안구 조원동(장안구청지하차도 부근),2019-06-12 18:00:00,0,2,47.74785772029103,5,1,8.0,0,0,0,4,0,0,0,0,0,0,0,0,0,0,1,0,0,0,0,0,1,0,0,0,0,0,0,0,0,0,0,0,0,0,0,0,0,0,0,0,0,0,1,0,0,0,0,0,1,0,0,0,0,0,0,0,0,0,0,0,0,0,0,0,0,0,0
2019,경기도 수원시 장안구5,경기도 수원시 장안구 조원동(장안구청지하차도 부근),2019-09-24 15:00:00,0,1,40.0,0,0,60.0,4,0,0,4,0,0,0,0,0,0,0,0,0,0,1,0,0,0,0,0,0,0,0,1,0,0,0,0,0,0,0,0,0,0,0,0,0,0,0,0,0,0,1,0,0,0,0,0,0,0,0,0,0,0,0,0,0,0,0,1,0,0,0,0,0,0,0
2019,경기도 수원시 팔달구1,경기도 수원시 팔달구 지동(중부대로1432 부근),2019-01-26 15:00:00,0,1,52.0,4,1,58.0,0,0,0,8,0,0,0,0,0,0,1,0,0,0,0,0,0,0,0,0,0,0,0,0,0,0,0,0,1,0,0,0,0,0,0,0,0,0,0,0,0,0,1,0,0,0,0,0,0,0,0,0,0,0,0,0,0,0,0,1,0,0,0,0,0,0,0
2019,경기도 수원시 팔달구1,경기도 수원시 팔달구 지동(중부대로1432 부근),2019-05-14 20:00:00,0,1,24.0,4,0,54.0,0,0,0,8,0,0,0,0,0,0,1,0,0,0,0,0,0,0,0,0,0,0,0,0,0,0,0,0,1,0,0,0,0,0,0,0,0,0,0,0,0,0,1,0,0,0,0,0,0,0,0,0,0,0,0,0,0,0,0,1,0,0,0,0,0,0,0
2019,경기도 수원시 팔달구1,경기도 수원시 팔달구 지동(중부대로1432 부근),2019-07-09 14:00:00,1,0,61.0,4,0,67.0,1,0,0,8,0,0,0,0,0,0,1,0,0,0,0,0,0,0,0,0,0,0,0,0,0,0,0,0,1,0,0,0,0,0,0,0,0,0,0,0,0,0,1,0,0,0,0,0,0,0,0,0,0,0,0,0,0,0,0,1,0,0,0,0,0,0,0
2019,경기도 수원시 팔달구1,경기도 수원시 팔달구 지동(중부대로1432 부근),2019-07-19 08:00:00,0,1,77.0,4,1,26.0,0,0,0,8,0,0,0,0,0,0,1,0,0,0,0,0,0,0,0,0,0,0,0,0,0,0,0,0,1,0,0,0,0,0,1,0,0,0,0,0,0,0,0,0,0,0,0,0,0,0,0,0,0,0,0,0,0,0,0,1,0,0,0,0,0,0,0
2019,경기도 수원시 팔달구1,경기도 수원시 팔달구 지동(중부대로1432 부근),2019-08-14 18:00:00,2,0,59.0,2,1,41.0,4,0,0,8,0,0,0,0,0,0,0,0,0,0,1,0,0,0,0,0,0,0,0,1,0,0,0,0,0,0,0,0,0,0,0,0,0,0,0,0,0,0,1,0,0,0,0,0,0,0,0,0,0,0,0,0,0,0,0,1,0,0,0,0,0,0,0
2019,경기도 수원시 팔달구1,경기도 수원시 팔달구 지동(중부대로1432 부근),2019-10-10 08:00:00,1,1,54.0,1,0,49.0,4,0,0,8,0,0,0,0,0,0,0,0,0,0,1,0,0,0,0,0,0,0,0,1,0,0,0,0,0,0,0,0,0,0,1,0,0,0,0,0,0,0,0,0,0,0,0,0,0,0,0,0,0,1,0,0,0,0,0,0,0,0,0,0,0,0,0
2019,경기도 수원시 팔달구1,경기도 수원시 팔달구 지동(중부대로1432 부근),2019-11-22 14:00:00,2,1,60.0,2,1,66.0,4,0,0,8,0,0,0,0,0,0,0,0,0,0,1,0,0,0,0,0,0,0,0,1,0,0,0,0,0,0,0,0,0,0,0,0,0,0,0,0,0,0,1,0,0,0,0,0,0,0,0,0,0,1,0,0,0,0,0,0,0,0,0,0,0,0,0
2019,경기도 수원시 팔달구1,경기도 수원시 팔달구 지동(중부대로1432 부근),2019-12-16 21:00:00,2,0,66.0,2,1,53.0,4,0,0,8,0,0,0,0,0,0,0,0,0,0,1,0,0,0,0,0,0,0,0,0,1,0,0,0,0,0,0,0,0,0,0,0,0,0,0,0,0,0,1,0,0,0,0,0,0,0,0,0,0,1,0,0,0,0,0,0,0,0,0,0,0,0,0
2019,경기도 수원시 팔달구2,경기도 수원시 팔달구 매교동(매교사거리 부근),2019-05-10 09:00:00,0,0,18.0,0,1,57.0,4,0,0,5,0,0,0,0,0,0,0,0,0,0,1,0,0,0,0,0,0,0,0,1,0,0,0,0,0,0,0,0,0,0,0,0,0,0,0,0,0,0,1,0,0,0,0,0,0,0,0,0,0,0,0,0,0,0,0,1,0,0,0,0,0,0,0
2019,경기도 수원시 팔달구2,경기도 수원시 팔달구 매교동(매교사거리 부근),2019-05-13 07:00:00,0,1,41.0,4,1,15.0,0,0,0,5,0,0,0,0,0,0,1,0,0,0,0,0,0,0,0,0,0,0,0,0,0,0,0,0,1,0,0,0,0,0,0,0,0,0,0,0,0,0,1,0,0,0,0,0,0,0,0,0,0,1,0,0,0,0,0,0,0,0,0,0,0,0,0
2019,경기도 수원시 팔달구2,경기도 수원시 팔달구 매교동(매교사거리 부근),2019-09-08 20:00:00,0,1,26.0,5,1,54.0,0,1,0,5,0,0,0,0,0,0,1,0,0,0,0,0,0,0,0,0,0,0,0,0,0,0,0,0,1,0,0,0,0,0,0,0,0,0,0,0,0,0,1,0,0,0,0,0,0,0,0,0,0,0,0,0,0,0,0,1,0,0,0,0,0,0,0
2019,경기도 수원시 팔달구2,경기도 수원시 팔달구 매교동(매교사거리 부근),2019-10-25 15:00:00,1,0,64.0,1,1,44.0,4,0,0,5,0,0,0,0,0,0,0,0,0,0,1,0,0,0,0,0,0,0,0,0,0,0,0,0,0,0,1,0,0,0,0,0,0,0,0,0,0,0,0,0,1,0,0,0,0,0,0,0,0,1,0,0,0,0,0,0,0,0,0,0,0,0,0
2019,경기도 수원시 팔달구2,경기도 수원시 팔달구 매교동(매교사거리 부근),2019-11-01 12:00:00,1,1,41.0,4,1,75.0,1,0,0,5,0,0,0,0,0,0,1,0,0,0,0,0,0,0,0,0,0,0,0,0,0,0,0,0,1,0,0,0,0,0,0,0,0,0,0,0,0,0,1,0,0,0,0,0,0,0,0,0,0,1,0,0,0,0,0,0,0,0,0,0,0,0,0
2019,경기도 수원시 팔달구3,경기도 수원시 팔달구 중동(정조로709번길2 부근),2019-02-19 00:00:00,0,1,67.0,4,1,25.0,0,0,0,5,0,0,0,0,0,0,1,0,0,0,0,0,0,0,0,0,0,0,0,0,0,0,0,0,1,0,0,0,0,0,0,0,0,0,0,1,0,0,0,0,0,0,0,0,0,0,0,0,0,0,0,0,0,0,0,1,0,0,0,0,0,0,0
2019,경기도 수원시 팔달구3,경기도 수원시 팔달구 중동(정조로709번길2 부근),2019-06-22 21:00:00,1,1,32.0,4,0,59.0,1,0,0,5,0,0,0,0,0,0,1,0,0,0,0,0,0,0,0,0,0,0,0,0,0,0,0,0,1,0,0,0,0,0,0,0,0,0,0,0,0,0,1,0,0,0,0,0,0,0,0,0,0,1,0,0,0,0,0,0,0,0,0,0,0,0,0
2019,경기도 수원시 팔달구3,경기도 수원시 팔달구 중동(정조로709번길2 부근),2019-07-27 12:00:00,0,1,55.0,4,1,72.0,0,0,0,5,0,0,0,0,0,0,1,0,0,0,0,0,0,0,0,0,0,0,0,0,0,0,0,0,1,0,0,0,0,0,0,0,0,0,0,0,0,0,1,0,0,0,0,0,0,0,0,0,0,0,0,0,0,0,0,1,0,0,0,0,0,0,0
2019,경기도 수원시 팔달구3,경기도 수원시 팔달구 중동(정조로709번길2 부근),2019-08-24 15:00:00,0,1,63.0,0,1,52.0,4,0,0,5,0,0,0,0,0,0,0,0,0,0,1,0,0,0,0,0,0,0,0,0,0,0,0,0,0,0,1,0,0,0,0,0,0,0,0,0,0,0,0,0,1,0,0,0,0,0,0,0,0,0,0,0,0,0,0,1,0,0,0,0,0,0,0
2019,경기도 수원시 팔달구3,경기도 수원시 팔달구 중동(정조로709번길2 부근),2019-11-16 09:00:00,1,1,45.0,4,1,42.0,1,0,0,5,1,0,0,0,0,0,0,0,0,0,0,0,0,0,0,0,0,0,0,0,0,0,0,0,1,0,0,0,0,0,0,0,0,0,0,0,0,0,0,0,1,0,0,0,0,0,0,0,0,1,0,0,0,0,0,0,0,0,0,0,0,0,0
2019,경기도 수원시 팔달구4,경기도 수원시 팔달구 인계동(예술회관사거리 부근),2019-06-11 16:00:00,0,0,53.0,4,0,50.0,0,0,0,4,0,0,0,0,0,0,1,0,0,0,0,0,0,0,0,0,0,0,0,0,0,0,0,0,1,0,0,0,0,0,0,0,0,0,0,1,0,0,0,0,0,0,0,0,0,0,0,0,0,1,0,0,0,0,0,0,0,0,0,0,0,0,0
2019,경기도 수원시 팔달구4,경기도 수원시 팔달구 인계동(예술회관사거리 부근),2019-08-01 08:00:00,1,1,23.0,4,1,84.0,1,0,0,4,0,0,0,0,0,0,0,0,0,0,0,0,1,0,0,0,0,0,0,0,0,0,0,0,1,0,0,0,0,0,0,0,0,0,0,1,0,0,0,0,0,0,0,0,0,0,0,0,0,0,0,0,0,0,0,1,0,0,0,0,0,0,0
2019,경기도 수원시 팔달구4,경기도 수원시 팔달구 인계동(예술회관사거리 부근),2019-09-17 10:00:00,0,1,66.0,4,1,33.0,0,0,0,4,0,0,0,0,0,0,1,0,0,0,0,0,0,0,0,0,0,0,0,0,0,0,0,0,1,0,0,0,0,0,0,0,0,0,0,1,0,0,0,0,0,0,0,0,0,0,0,0,0,1,0,0,0,0,0,0,0,0,0,0,0,0,0
2019,경기도 수원시 팔달구4,경기도 수원시 팔달구 인계동(예술회관사거리 부근),2019-12-10 09:00:00,1,0,48.0,4,1,28.0,1,0,0,4,0,0,0,0,0,0,1,0,0,0,0,0,0,0,0,0,0,0,0,0,0,0,0,0,1,0,0,0,0,0,0,0,0,0,0,1,0,0,0,0,0,0,0,0,0,0,0,0,0,0,0,0,0,0,0,1,0,0,0,0,0,0,0
2019,경기도 수원시 팔달구5,경기도 수원시 팔달구 우만동(창룡문사거리 부근),2019-03-20 14:00:00,0,0,63.0,0,0,39.0,4,0,0,4,0,0,0,0,0,0,0,0,0,0,1,0,0,0,0,0,0,0,0,1,0,0,0,0,0,0,0,0,0,0,0,0,0,0,0,0,0,0,0,0,1,0,0,0,0,0,0,0,0,1,0,0,0,0,0,0,0,0,0,0,0,0,0
2019,경기도 수원시 팔달구5,경기도 수원시 팔달구 우만동(창룡문사거리 부근),2019-09-03 06:00:00,1,1,66.0,4,0,64.0,1,0,0,4,0,0,0,0,0,0,1,0,0,0,0,0,0,0,0,0,0,0,0,0,0,0,0,0,1,0,0,0,0,0,0,0,0,0,0,1,0,0,0,0,0,0,0,0,0,0,0,0,0,0,0,1,0,0,0,0,0,0,0,0,0,0,0
2019,경기도 수원시 팔달구5,경기도 수원시 팔달구 우만동(창룡문사거리 부근),2019-09-25 15:00:00,2,0,32.0,4,1,7.0,2,0,0,4,0,0,0,0,0,0,1,0,0,0,0,0,0,0,0,0,0,0,0,0,0,0,0,0,1,0,0,0,0,0,0,0,0,0,0,0,0,0,1,0,0,0,0,0,0,0,0,0,0,1,0,0,0,0,0,0,0,0,0,0,0,0,0
2019,경기도 수원시 팔달구5,경기도 수원시 팔달구 우만동(창룡문사거리 부근),2019-09-26 12:00:00,0,1,57.0,4,1,44.0,0,0,0,4,0,0,0,0,0,0,1,0,0,0,0,0,0,0,0,0,0,0,0,0,0,0,0,0,1,0,0,0,0,0,0,0,0,0,0,0,1,0,0,0,0,0,0,0,0,0,0,0,0,0,0,1,0,0,0,0,0,0,0,0,0,0,0
2019,경기도 수원시 팔달구6,경기도 수원시 팔달구 인계동(지동사거리 부근),2019-01-07 08:00:00,0,1,32.0,4,1,22.0,0,0,0,4,0,0,0,0,0,0,1,0,0,0,0,0,0,0,0,0,0,0,0,0,0,0,0,0,1,0,0,0,0,0,0,0,0,0,0,1,0,0,0,0,0,0,0,0,0,0,0,0,0,0,0,0,0,0,0,1,0,0,0,0,0,0,0
2019,경기도 수원시 팔달구6,경기도 수원시 팔달구 인계동(지동사거리 부근),2019-09-20 05:00:00,0,1,59.0,4,1,69.0,0,0,0,4,0,0,0,0,0,0,1,0,0,0,0,0,0,0,0,0,0,0,0,0,0,0,0,0,1,0,0,0,0,0,0,0,0,0,0,0,0,0,1,0,0,0,0,0,0,0,0,0,0,1,0,0,0,0,0,0,0,0,0,0,0,0,0
2019,경기도 수원시 팔달구6,경기도 수원시 팔달구 인계동(지동사거리 부근),2019-11-11 14:00:00,1,1,74.0,1,1,63.0,4,0,0,4,0,0,0,0,0,0,0,0,0,0,1,0,0,0,0,0,0,0,0,0,1,0,0,0,0,0,0,0,0,0,0,0,0,0,0,0,0,0,1,0,0,0,0,0,0,0,0,0,0,0,0,0,0,0,0,1,0,0,0,0,0,0,0
2019,경기도 수원시 팔달구6,경기도 수원시 팔달구 인계동(지동사거리 부근),2019-11-14 10:00:00,2,0,61.0,2,0,58.0,4,0,0,4,0,0,0,0,0,0,0,0,0,0,1,0,0,0,0,0,0,0,0,0,0,0,0,1,0,0,0,0,0,0,0,0,0,0,0,0,0,0,1,0,0,0,0,0,0,0,0,0,0,1,0,0,0,0,0,0,0,0,0,0,0,0,0
2019,경기도 수원시 팔달구7,경기도 수원시 팔달구 매산로2가(매산로19 부근),2019-01-09 15:00:00,0,1,39.0,4,1,55.0,0,0,0,4,0,0,0,0,0,0,0,0,0,1,0,0,0,0,0,0,0,0,0,0,0,0,0,0,1,0,0,0,0,0,0,0,0,0,0,1,0,0,0,0,0,0,0,0,0,0,0,0,0,0,0,0,0,0,0,1,0,0,0,0,0,0,0
2019,경기도 수원시 팔달구7,경기도 수원시 팔달구 매산로2가(매산로19 부근),2019-04-30 08:00:00,0,0,34.0,0,1,48.0,4,0,0,4,0,0,0,0,0,0,0,0,0,0,1,0,0,0,0,0,0,0,0,1,0,0,0,0,0,0,0,0,0,0,1,0,0,0,0,0,0,0,0,0,0,0,0,0,0,0,0,0,0,1,0,0,0,0,0,0,0,0,0,0,0,0,0
2019,경기도 수원시 팔달구7,경기도 수원시 팔달구 매산로2가(매산로19 부근),2019-07-13 01:00:00,0,0,51.0,4,0,19.0,0,0,0,4,0,0,0,0,0,0,1,0,0,0,0,0,0,0,0,0,0,0,0,0,0,0,0,0,1,0,0,0,0,0,0,0,0,0,0,0,0,0,1,0,0,0,0,0,0,0,0,0,0,1,0,0,0,0,0,0,0,0,0,0,0,0,0
2019,경기도 수원시 팔달구7,경기도 수원시 팔달구 매산로2가(매산로19 부근),2019-12-13 13:00:00,0,1,57.0,4,1,22.0,0,0,0,4,0,0,0,0,0,0,0,0,0,0,0,0,1,0,0,0,0,0,0,0,0,0,0,0,1,0,0,0,0,0,0,0,0,0,0,0,0,0,1,0,0,0,0,0,0,0,0,0,0,1,0,0,0,0,0,0,0,0,0,0,0,0,0
2019,경기도 성남시 중원구1,경기도 성남시 중원구 성남동(모란사거리 부근),2019-01-23 12:00:00,1,1,44.0,4,1,63.0,1,0,0,5,0,0,0,0,0,0,1,0,0,0,0,0,0,0,0,0,0,0,0,0,0,0,0,0,1,0,0,0,0,0,0,0,0,0,0,1,0,0,0,0,0,0,0,0,0,0,0,0,0,0,0,1,0,0,0,0,0,0,0,0,0,0,0
2019,경기도 성남시 중원구1,경기도 성남시 중원구 성남동(모란사거리 부근),2019-03-19 08:00:00,1,1,17.0,4,0,58.0,1,0,0,5,0,0,0,0,0,0,0,0,0,0,1,0,0,0,0,0,1,0,0,0,0,0,0,0,0,0,0,0,0,0,0,0,0,0,0,0,0,0,1,0,0,0,0,0,0,0,0,1,0,0,0,0,0,0,0,0,0,0,0,0,0,0,0
2019,경기도 성남시 중원구1,경기도 성남시 중원구 성남동(모란사거리 부근),2019-08-05 10:00:00,1,1,81.0,5,1,73.0,1,0,0,5,0,0,0,0,0,0,1,0,0,0,0,0,0,0,0,0,0,0,0,0,0,0,0,0,1,0,0,0,0,0,0,0,0,0,0,0,0,0,1,0,0,0,0,0,0,0,0,0,0,1,0,0,0,0,0,0,0,0,0,0,0,0,0
2019,경기도 성남시 중원구1,경기도 성남시 중원구 성남동(모란사거리 부근),2019-08-26 06:00:00,2,1,52.0,2,1,36.0,4,0,0,5,0,0,0,0,0,0,0,0,0,0,1,0,0,0,0,0,0,0,0,0,1,0,0,0,0,0,0,0,0,0,0,0,0,0,0,0,0,0,1,0,0,0,0,0,0,0,0,0,0,1,0,0,0,0,0,0,0,0,0,0,0,0,0
2019,경기도 성남시 중원구1,경기도 성남시 중원구 성남동(모란사거리 부근),2019-09-30 12:00:00,0,1,47.0,4,1,60.0,0,0,0,5,0,0,0,0,0,0,0,1,0,0,0,0,0,0,0,0,0,0,0,0,0,0,0,0,1,0,0,0,0,0,0,0,0,0,0,0,0,0,1,0,0,0,0,0,0,0,0,0,0,1,0,0,0,0,0,0,0,0,0,0,0,0,0