사고년도,다발시군구,지점명,사고일시,사고등급,가해자성별,가해자연령,가해자신체상해정도,피해자성별,피해자연령,피해자신체상해정도,기상상태,사망자수,부상자수,가해차종_개인형이동수단(PM),가해차종_건설기계,가해차종_기타,가해차종_농기계,가해차종_불명,가해차종_사륜오토바이(ATV),가해차종_승용차,가해차종_승합차,가해차종_원동기장치자전거,가해차종_이륜차,가해차종_자전거,가해차종_특수차,가해차종_화물차,피해차종_개인형이동수단(PM),피해차종_건설기계,피해차종_기타,피해차종_보행자,피해차종_불명,피해차종_사륜오토바이(ATV),피해차종_승용차,피해차종_승합차,피해차종_없음,피해차종_원동기장치자전거,피해차종_이륜차,피해차종_자전거,피해차종_특수차,피해차종_화물차,가해자법규위반_과속,가해자법규위반_교차로 통행방법 위반,가해자법규위반_교차로운행방법위반,가해자법규위반_기타,가해자법규위반_미분류,가해자법규위반_보행자 보호의무 위반,가해자법규위반_보행자보호의무위반,가해자법규위반_불법유턴,가해자법규위반_신호위반,가해자법규위반_안전거리 미확보,가해자법규위반_안전거리미확보,가해자법규위반_안전운전 의무 불이행,가해자법규위반_안전운전불이행,가해자법규위반_중앙선 침범,가해자법규위반_중앙선침범,가해자법규위반_직진우회전진행방해,가해자법규위반_차로위반,사고유형_차대사람 - 기타,사고유형_차대사람 - 길가장자리구역통행중,사고유형_차대사람 - 보도통행중,사고유형_차대사람 - 차도통행중,사고유형_차대사람 - 횡단중,사고유형_차대차 - 기타,사고유형_차대차 - 정면충돌,사고유형_차대차 - 추돌,사고유형_차대차 - 추돌 - 주정차중,사고유형_차대차 - 추돌 - 진행중,사고유형_차대차 - 측면직각충돌,사고유형_차대차 - 측면충돌,사고유형_차대차 - 후진중충돌,사고유형_차량단독 - 공작물충돌,사고유형_차량단독 - 기타,사고유형_차량단독 - 도로외이탈 - 추락,사고유형_차량단독 - 전도,사고유형_차량단독 - 전도전복,사고유형_차량단독 - 전도전복 - 전도
2019,경상북도 영주시1,경상북도 영주시 가흥동(대동로149 부근),2019-08-23 07:00:00,0,0,59.0,4,1,77.0,0,0,0,7,0,0,0,0,0,0,1,0,0,0,0,0,0,0,0,0,0,0,0,0,0,0,0,0,1,0,0,0,0,0,0,0,0,0,0,0,0,0,1,0,0,0,0,0,0,0,0,0,0,0,0,0,0,0,0,1,0,0,0,0,0,0,0
2019,경상북도 영주시1,경상북도 영주시 가흥동(대동로149 부근),2019-09-25 07:00:00,1,1,47.0,4,1,73.0,1,0,0,7,0,0,0,0,0,0,1,0,0,0,0,0,0,0,0,0,0,0,0,0,0,0,0,0,1,0,0,0,0,0,0,0,0,0,0,0,0,0,1,0,0,0,0,0,0,0,0,0,0,0,0,0,0,0,0,1,0,0,0,0,0,0,0
2019,경상북도 영주시2,경상북도 영주시 영주동(광복로10 부근),2019-01-16 13:00:00,1,1,41.0,4,1,73.0,1,0,0,4,0,0,0,0,0,0,0,1,0,0,0,0,0,0,0,0,0,0,0,0,0,0,0,0,1,0,0,0,0,0,0,0,0,0,0,0,0,0,1,0,0,0,0,0,0,0,0,0,0,0,0,0,0,0,0,1,0,0,0,0,0,0,0
2019,경상북도 영주시2,경상북도 영주시 영주동(광복로10 부근),2019-04-22 12:00:00,0,1,63.0,4,1,65.0,0,0,0,4,0,0,0,0,0,0,0,0,0,0,0,0,1,0,0,0,0,0,0,0,0,0,0,0,1,0,0,0,0,0,0,0,0,0,0,0,0,0,1,0,0,0,0,0,0,0,0,0,0,0,0,0,0,0,0,1,0,0,0,0,0,0,0
2019,경상북도 영주시2,경상북도 영주시 영주동(광복로10 부근),2019-06-11 20:00:00,0,1,51.0,4,1,14.0,0,0,0,4,0,0,0,0,0,0,0,1,0,0,0,0,0,0,0,0,0,0,0,0,0,0,0,0,1,0,0,0,0,0,0,0,0,0,0,0,0,0,1,0,0,0,0,0,0,0,0,0,0,0,0,0,0,0,0,1,0,0,0,0,0,0,0
2019,경상북도 영주시2,경상북도 영주시 영주동(광복로10 부근),2019-09-25 20:00:00,1,1,75.0,4,0,70.0,1,0,0,4,0,0,0,0,0,0,1,0,0,0,0,0,0,0,0,0,0,0,0,0,0,0,0,0,1,0,0,0,0,0,0,0,0,0,0,1,0,0,0,0,0,0,0,0,0,0,0,0,0,0,0,0,0,0,0,1,0,0,0,0,0,0,0
2019,경상북도 상주시1,경상북도 상주시 서성동(햇빛촌입구 부근),2019-01-17 17:00:00,0,0,39.0,4,1,78.0,0,0,0,10,0,0,0,0,0,0,1,0,0,0,0,0,0,0,0,0,0,0,0,0,0,0,0,0,1,0,0,0,0,0,0,0,0,0,0,0,0,0,1,0,0,0,0,0,0,0,0,0,0,0,0,0,0,0,0,1,0,0,0,0,0,0,0
2019,경상북도 상주시1,경상북도 상주시 서성동(햇빛촌입구 부근),2019-02-15 13:00:00,0,0,60.0,0,0,71.0,4,0,0,10,0,0,0,0,0,0,0,0,0,0,1,0,0,0,0,0,1,0,0,0,0,0,0,0,0,0,0,0,0,0,0,0,0,0,0,0,0,0,1,0,0,0,0,0,0,1,0,0,0,0,0,0,0,0,0,0,0,0,0,0,0,0,0
2019,경상북도 상주시1,경상북도 상주시 서성동(햇빛촌입구 부근),2019-04-02 09:00:00,0,0,83.0,0,1,55.0,4,0,0,10,0,0,0,0,0,0,0,0,0,0,1,0,0,0,0,0,0,0,0,0,0,0,0,0,0,0,1,0,0,0,0,0,0,0,0,0,0,0,1,0,0,0,0,0,0,0,0,0,0,0,0,0,0,0,0,1,0,0,0,0,0,0,0
2019,경상북도 상주시1,경상북도 상주시 서성동(햇빛촌입구 부근),2019-05-24 16:00:00,0,1,62.0,4,1,12.0,0,0,0,10,0,0,0,0,0,0,1,0,0,0,0,0,0,0,0,0,0,0,0,0,0,0,0,0,1,0,0,0,0,0,0,0,0,0,0,0,0,0,1,0,0,0,0,0,0,0,0,0,0,0,0,0,0,0,0,1,0,0,0,0,0,0,0
2019,경상북도 상주시1,경상북도 상주시 서성동(햇빛촌입구 부근),2019-06-21 08:00:00,0,1,14.0,0,0,27.0,0,0,0,10,0,0,0,0,0,0,0,0,0,0,1,0,0,0,0,0,1,0,0,0,0,0,0,0,0,0,0,0,0,0,0,0,1,0,0,0,0,0,0,0,0,0,0,0,0,0,0,0,1,0,0,0,0,0,0,0,0,0,0,0,0,0,0
2019,경상북도 상주시1,경상북도 상주시 서성동(햇빛촌입구 부근),2019-08-13 10:00:00,0,1,72.0,0,1,30.0,4,0,0,10,0,0,0,0,0,0,0,0,0,0,1,0,0,0,0,0,0,0,0,1,0,0,0,0,0,0,0,0,0,0,0,0,0,0,0,0,0,0,1,0,0,0,0,0,0,0,0,0,0,0,0,0,0,0,0,1,0,0,0,0,0,0,0
2019,경상북도 상주시1,경상북도 상주시 서성동(햇빛촌입구 부근),2019-10-31 23:00:00,1,1,65.0,4,0,69.0,1,0,0,10,0,0,0,0,0,0,1,0,0,0,0,0,0,0,0,0,0,0,0,0,0,0,0,0,1,0,0,0,1,0,0,0,0,0,0,0,0,0,0,0,0,0,0,0,0,0,0,0,0,1,0,0,0,0,0,0,0,0,0,0,0,0,0
2019,경상북도 상주시1,경상북도 상주시 서성동(햇빛촌입구 부근),2019-11-26 12:00:00,0,1,71.0,4,1,69.0,0,0,0,10,0,0,0,0,0,0,1,0,0,0,0,0,0,0,0,0,0,0,0,0,0,0,0,0,1,0,0,0,0,0,0,0,0,0,0,0,0,0,1,0,0,0,0,0,0,0,0,0,0,0,0,0,0,0,0,1,0,0,0,0,0,0,0
2019,경상북도 상주시1,경상북도 상주시 서성동(햇빛촌입구 부근),2019-11-26 14:00:00,1,1,72.0,4,1,77.0,1,0,0,10,0,0,0,0,0,0,0,0,0,0,0,0,1,0,0,0,0,0,0,0,0,0,0,0,1,0,0,0,0,0,0,0,0,0,0,0,0,0,1,0,0,0,0,0,0,0,0,0,0,0,0,0,0,0,0,1,0,0,0,0,0,0,0
2019,경상북도 상주시2,경상북도 상주시 서문동(중앙사거리 부근),2019-01-14 14:00:00,2,1,78.0,2,1,57.0,4,0,0,9,0,0,0,0,0,0,0,0,0,0,1,0,0,0,0,0,0,0,0,1,0,0,0,0,0,0,0,0,0,0,0,0,0,0,0,0,0,0,1,0,0,0,0,0,0,0,0,0,0,0,0,0,0,0,0,1,0,0,0,0,0,0,0
2019,경상북도 상주시2,경상북도 상주시 서문동(중앙사거리 부근),2019-01-31 15:00:00,0,1,15.0,0,1,59.0,4,0,0,9,0,0,0,0,0,0,0,0,0,0,1,0,0,0,0,0,0,0,0,1,0,0,0,0,0,0,0,0,0,0,0,0,0,0,0,0,0,0,1,0,0,0,0,0,0,0,0,0,0,0,0,0,0,0,0,1,0,0,0,0,0,0,0
2019,경상북도 상주시2,경상북도 상주시 서문동(중앙사거리 부근),2019-04-10 18:00:00,1,1,10.0,1,0,47.0,4,0,0,9,0,0,0,0,0,0,0,0,0,0,1,0,0,0,0,0,0,0,0,1,0,0,0,0,0,0,0,0,0,0,0,0,0,0,0,0,0,0,1,0,0,0,0,0,0,0,0,0,0,0,0,0,0,0,0,1,0,0,0,0,0,0,0
2019,경상북도 상주시2,경상북도 상주시 서문동(중앙사거리 부근),2019-05-10 14:00:00,0,1,49.0,4,0,48.0,0,0,0,9,0,0,0,0,0,0,1,0,0,0,0,0,0,0,0,0,0,0,0,0,0,0,0,0,1,0,0,0,1,0,0,0,0,0,0,0,0,0,0,0,0,0,0,0,0,0,0,0,0,0,0,0,0,0,0,1,0,0,0,0,0,0,0
2019,경상북도 상주시2,경상북도 상주시 서문동(중앙사거리 부근),2019-05-30 09:00:00,0,1,27.0,4,0,78.0,0,0,0,9,0,0,0,0,0,0,1,0,0,0,0,0,0,0,0,0,0,0,0,0,0,0,0,0,1,0,0,0,1,0,0,0,0,0,0,0,0,0,0,0,0,0,0,0,0,0,0,0,0,0,0,0,0,0,0,1,0,0,0,0,0,0,0
2019,경상북도 상주시2,경상북도 상주시 서문동(중앙사거리 부근),2019-08-02 13:00:00,1,1,52.0,4,0,69.0,1,0,0,9,0,0,0,0,0,0,0,0,0,1,0,0,0,0,0,0,0,0,0,0,0,0,0,0,1,0,0,0,0,0,0,0,0,0,0,0,0,0,1,0,0,0,0,0,0,0,0,0,0,0,0,0,0,0,0,1,0,0,0,0,0,0,0
2019,경상북도 상주시2,경상북도 상주시 서문동(중앙사거리 부근),2019-08-05 10:00:00,0,0,56.0,4,1,12.0,0,0,0,9,0,0,0,0,0,0,1,0,0,0,0,0,0,0,0,0,0,0,0,0,0,0,0,0,1,0,0,0,0,0,0,0,0,0,0,0,0,0,1,0,0,0,0,0,0,0,0,0,0,0,0,0,0,0,0,1,0,0,0,0,0,0,0
2019,경상북도 상주시2,경상북도 상주시 서문동(중앙사거리 부근),2019-09-23 13:00:00,0,1,51.0,4,0,52.0,0,0,0,9,0,0,0,0,0,0,1,0,0,0,0,0,0,0,0,0,0,0,0,0,0,0,0,0,1,0,0,0,0,0,0,0,0,0,0,0,0,0,1,0,0,0,0,0,0,0,0,0,0,0,0,0,0,0,0,0,1,0,0,0,0,0,0
2019,경상북도 상주시2,경상북도 상주시 서문동(중앙사거리 부근),2019-10-17 08:00:00,0,0,15.0,0,0,55.0,4,0,0,9,0,0,0,0,0,0,0,0,0,0,1,0,0,0,0,0,0,0,0,1,0,0,0,0,0,0,0,0,1,0,0,0,0,0,0,0,0,0,0,0,0,0,0,0,0,0,0,0,0,0,1,0,0,0,0,0,0,0,0,0,0,0,0
2019,경상북도 상주시3,경상북도 상주시 남성동(대구은행상주시청출장소출장소 부근),2019-01-09 09:00:00,0,0,34.0,4,0,59.0,0,0,0,6,0,0,0,0,0,0,1,0,0,0,0,0,0,0,0,0,0,0,0,0,0,0,0,0,1,0,0,0,0,0,0,0,0,0,0,0,0,0,1,0,0,0,0,0,0,0,0,0,0,0,0,0,0,0,0,1,0,0,0,0,0,0,0
2019,경상북도 상주시3,경상북도 상주시 남성동(대구은행상주시청출장소출장소 부근),2019-08-26 08:00:00,0,0,44.0,4,1,59.0,0,0,0,6,0,0,0,0,0,0,1,0,0,0,0,0,0,0,0,0,0,0,0,0,0,0,0,0,1,0,0,0,0,0,1,0,0,0,0,0,0,0,0,0,0,0,0,0,0,0,0,0,0,1,0,0,0,0,0,0,0,0,0,0,0,0,0
2019,경상북도 상주시3,경상북도 상주시 남성동(대구은행상주시청출장소출장소 부근),2019-09-05 15:00:00,0,0,38.0,4,1,8.0,0,0,0,6,0,0,0,0,0,0,1,0,0,0,0,0,0,0,0,0,0,0,0,0,0,0,0,0,1,0,0,0,0,0,0,0,0,0,0,0,0,0,1,0,0,0,0,0,0,0,0,0,0,0,0,0,0,0,0,1,0,0,0,0,0,0,0
2019,경상북도 상주시3,경상북도 상주시 남성동(대구은행상주시청출장소출장소 부근),2019-10-11 08:00:00,0,0,79.0,0,0,40.0,4,0,0,6,0,0,0,0,0,0,0,0,0,0,1,0,0,0,0,0,0,0,0,1,0,0,0,0,0,0,0,0,1,0,0,0,0,0,0,0,0,0,0,0,0,0,0,0,0,0,0,0,0,0,0,0,0,0,0,1,0,0,0,0,0,0,0
2019,경상북도 상주시3,경상북도 상주시 남성동(대구은행상주시청출장소출장소 부근),2019-10-31 17:00:00,0,1,66.0,4,0,53.0,0,0,0,6,0,0,0,0,0,0,0,0,0,0,0,0,1,0,0,0,0,0,0,0,0,0,0,0,1,0,0,0,0,0,0,0,0,0,0,0,0,0,1,0,0,0,0,0,0,0,0,0,0,0,0,0,0,0,0,1,0,0,0,0,0,0,0
2019,경상북도 상주시3,경상북도 상주시 남성동(대구은행상주시청출장소출장소 부근),2019-11-04 19:00:00,0,0,35.0,4,1,71.0,0,0,0,6,0,0,0,0,0,0,1,0,0,0,0,0,0,0,0,0,0,0,0,0,0,0,0,0,1,0,0,0,0,0,0,0,0,0,0,0,0,0,1,0,0,0,0,0,0,0,0,0,0,0,0,0,0,0,0,1,0,0,0,0,0,0,0
2019,경상북도 상주시4,경상북도 상주시 냉림동(냉림1주공아파트입구 부근),2019-01-14 18:00:00,0,1,39.0,4,1,11.0,0,0,0,4,0,0,0,0,0,0,1,0,0,0,0,0,0,0,0,0,0,0,0,0,0,0,0,0,1,0,0,0,0,0,0,0,0,0,0,0,0,0,1,0,0,0,0,0,0,0,0,0,0,0,0,0,0,0,0,1,0,0,0,0,0,0,0
2019,경상북도 상주시4,경상북도 상주시 냉림동(냉림1주공아파트입구 부근),2019-04-16 19:00:00,1,1,66.0,4,0,60.0,1,0,0,4,0,0,0,0,0,0,0,0,0,0,0,0,1,0,0,0,0,0,0,0,0,0,0,0,1,0,0,0,1,0,0,0,0,0,0,0,0,0,0,0,0,0,0,0,0,0,0,0,0,0,0,0,0,0,0,1,0,0,0,0,0,0,0
2019,경상북도 상주시4,경상북도 상주시 냉림동(냉림1주공아파트입구 부근),2019-10-11 17:00:00,1,0,47.0,4,1,61.0,1,0,0,4,0,0,0,0,0,0,1,0,0,0,0,0,0,0,0,0,0,0,0,0,0,0,0,0,1,0,0,0,1,0,0,0,0,0,0,0,0,0,0,0,0,0,0,0,0,0,0,0,0,0,0,0,0,0,0,1,0,0,0,0,0,0,0
2019,경상북도 상주시4,경상북도 상주시 냉림동(냉림1주공아파트입구 부근),2019-12-02 17:00:00,0,1,14.0,0,0,45.0,4,0,0,4,0,0,0,0,0,0,0,0,0,0,1,0,0,0,0,0,0,0,0,1,0,0,0,0,0,0,0,0,0,0,0,0,0,0,0,0,0,0,1,0,0,0,0,0,0,0,0,0,0,0,1,0,0,0,0,0,0,0,0,0,0,0,0
2019,경상북도 경산시1,경상북도 경산시 삼북동(경안로124 부근),2019-04-06 06:00:00,0,1,27.0,5,0,64.0,0,0,1,3,0,0,0,0,0,0,1,0,0,0,0,0,0,0,0,0,0,0,0,0,0,0,0,0,1,0,0,0,0,0,0,0,0,0,0,0,0,0,1,0,0,0,0,0,0,0,0,0,0,1,0,0,0,0,0,0,0,0,0,0,0,0,0
2019,경상북도 경산시1,경상북도 경산시 삼북동(경안로124 부근),2019-06-25 18:00:00,2,0,44.0,5,1,57.0,2,0,1,3,0,0,0,0,0,0,1,0,0,0,0,0,0,0,0,0,0,0,0,0,0,0,0,0,1,0,0,0,0,0,0,0,0,0,0,0,0,0,1,0,0,0,0,0,0,0,0,0,0,1,0,0,0,0,0,0,0,0,0,0,0,0,0
2019,경상북도 경산시1,경상북도 경산시 삼북동(경안로124 부근),2019-09-17 02:00:00,3,1,24.0,4,1,59.0,3,0,1,3,0,0,0,0,0,0,1,0,0,0,0,0,0,0,0,0,0,0,0,0,0,0,0,0,1,0,0,0,0,0,0,0,0,0,0,0,0,0,1,0,0,0,0,0,0,0,0,0,0,0,0,0,0,0,0,1,0,0,0,0,0,0,0
2019,경상북도 경산시1,경상북도 경산시 삼북동(경안로124 부근),2019-09-25 19:00:00,0,1,29.0,4,1,56.0,0,0,1,3,0,0,0,0,0,0,1,0,0,0,0,0,0,0,0,0,0,0,0,0,0,0,0,0,1,0,0,0,0,0,0,0,0,0,0,0,0,0,1,0,0,0,0,0,0,0,0,0,0,0,0,0,0,0,0,1,0,0,0,0,0,0,0
2019,경상북도 의성군1,경상북도 의성군 의성읍(북원사거리 부근),2019-03-29 13:00:00,1,1,66.0,4,0,76.0,1,0,0,4,0,0,0,0,0,0,0,0,0,0,0,0,1,0,0,0,0,0,0,0,0,0,0,0,1,0,0,0,0,0,0,0,0,0,0,0,0,0,1,0,0,0,0,0,0,0,0,0,0,0,0,0,0,0,0,1,0,0,0,0,0,0,0
2019,경상북도 의성군1,경상북도 의성군 의성읍(북원사거리 부근),2019-09-03 17:00:00,1,1,80.0,1,0,41.0,4,0,0,4,0,0,0,0,0,0,0,0,0,0,1,0,0,0,0,0,0,0,0,1,0,0,0,0,0,0,0,0,0,0,0,0,0,0,0,0,0,0,1,0,0,0,0,0,0,0,0,0,0,1,0,0,0,0,0,0,0,0,0,0,0,0,0
2019,경상북도 의성군1,경상북도 의성군 의성읍(북원사거리 부근),2019-09-10 00:00:00,1,1,54.0,4,0,76.0,1,0,0,4,0,0,0,0,0,0,1,0,0,0,0,0,0,0,0,0,0,0,0,0,0,0,0,0,1,0,0,0,0,0,1,0,0,0,0,0,0,0,0,0,0,0,0,0,0,0,0,0,0,0,0,0,0,0,0,1,0,0,0,0,0,0,0
2019,경상북도 의성군1,경상북도 의성군 의성읍(북원사거리 부근),2019-11-18 17:00:00,1,1,34.0,4,0,72.0,1,0,0,4,0,0,0,0,0,0,1,0,0,0,0,0,0,0,0,0,0,0,0,0,0,0,0,0,1,0,0,0,0,0,0,0,0,0,0,0,0,0,1,0,0,0,0,0,0,0,0,0,0,0,0,0,0,0,0,1,0,0,0,0,0,0,0
2019,경상남도 창원시 의창구1,경상남도 창원시 의창구 도계동(서부경찰서사거리 부근),2019-05-26 05:00:00,0,1,70.0,4,1,22.0,0,0,0,4,0,0,0,0,0,0,0,0,0,0,0,0,1,0,0,0,0,0,0,0,0,0,0,0,1,0,0,0,0,0,0,0,0,0,0,1,0,0,0,0,0,0,0,0,0,0,0,0,0,0,0,0,0,0,0,1,0,0,0,0,0,0,0
2019,경상남도 창원시 의창구1,경상남도 창원시 의창구 도계동(서부경찰서사거리 부근),2019-05-31 15:00:00,0,1,74.0,4,1,52.0,0,0,0,4,0,0,0,0,0,0,1,0,0,0,0,0,0,0,0,0,0,0,0,0,0,0,0,0,1,0,0,0,0,0,0,0,0,0,0,0,0,0,1,0,0,0,0,0,0,0,0,0,0,1,0,0,0,0,0,0,0,0,0,0,0,0,0
2019,경상남도 창원시 의창구1,경상남도 창원시 의창구 도계동(서부경찰서사거리 부근),2019-10-09 00:00:00,0,1,67.0,0,1,54.0,4,0,0,4,0,0,0,0,0,0,0,0,0,0,1,0,0,0,0,0,0,0,0,1,0,0,0,0,0,0,0,0,0,0,0,0,0,0,0,0,0,0,1,0,0,0,0,0,0,0,0,0,0,1,0,0,0,0,0,0,0,0,0,0,0,0,0
2019,경상남도 창원시 의창구1,경상남도 창원시 의창구 도계동(서부경찰서사거리 부근),2019-10-15 18:00:00,0,1,68.0,4,1,40.0,0,0,0,4,0,0,0,0,0,0,0,0,0,0,0,0,1,0,0,0,0,0,0,0,0,0,0,0,1,0,0,0,0,0,0,0,0,0,0,1,0,0,0,0,0,0,0,0,0,0,0,0,0,1,0,0,0,0,0,0,0,0,0,0,0,0,0
2019,경상남도 창원시 의창구2,경상남도 창원시 의창구 명서동(명곡광장 부근),2019-02-28 11:00:00,0,2,47.74785772029103,5,1,62.0,0,0,0,4,0,0,0,0,1,0,0,0,0,0,0,0,0,0,0,0,0,0,0,0,0,0,0,0,1,0,0,0,0,0,0,0,0,0,0,0,0,0,1,0,0,0,0,0,0,0,0,0,0,0,0,0,0,0,0,1,0,0,0,0,0,0,0
2019,경상남도 창원시 의창구2,경상남도 창원시 의창구 명서동(명곡광장 부근),2019-04-02 15:00:00,2,2,47.74785772029103,5,0,76.0,2,0,0,4,0,0,0,0,1,0,0,0,0,0,0,0,0,0,0,0,0,0,0,0,0,0,0,0,1,0,0,0,0,0,0,0,0,0,0,0,0,0,1,0,0,0,0,0,0,0,0,0,0,1,0,0,0,0,0,0,0,0,0,0,0,0,0
2019,경상남도 창원시 의창구2,경상남도 창원시 의창구 명서동(명곡광장 부근),2019-06-17 15:00:00,2,0,31.0,4,1,71.0,2,0,0,4,0,0,0,0,0,0,1,0,0,0,0,0,0,0,0,0,0,0,0,0,0,0,0,0,1,0,0,0,0,0,0,0,0,0,0,0,0,0,1,0,0,0,0,0,0,0,0,0,0,1,0,0,0,0,0,0,0,0,0,0,0,0,0
2019,경상남도 창원시 의창구2,경상남도 창원시 의창구 명서동(명곡광장 부근),2019-08-19 19:00:00,0,1,58.0,4,1,47.0,0,0,0,4,0,0,0,0,0,0,1,0,0,0,0,0,0,0,0,0,0,0,0,0,0,0,0,0,1,0,0,0,0,0,1,0,0,0,0,0,0,0,0,0,0,0,0,0,0,0,0,0,0,1,0,0,0,0,0,0,0,0,0,0,0,0,0
2019,경상남도 창원시 성산구1,경상남도 창원시 성산구 사파동(어린이보호구역 부근),2019-10-09 01:00:00,2,2,47.74785772029103,5,1,26.0,2,0,0,4,0,0,0,0,1,0,0,0,0,0,0,0,0,0,0,0,0,0,0,0,0,0,0,0,1,0,0,0,0,0,0,0,0,0,0,0,0,0,1,0,0,0,0,0,0,0,0,0,0,1,0,0,0,0,0,0,0,0,0,0,0,0,0
2019,경상남도 창원시 성산구1,경상남도 창원시 성산구 사파동(어린이보호구역 부근),2019-10-30 22:00:00,1,0,28.0,5,0,61.0,1,0,0,4,0,0,0,0,0,0,0,0,0,0,1,0,0,0,0,0,1,0,0,0,0,0,0,0,0,0,0,0,0,0,0,0,0,0,0,0,0,0,1,0,0,0,0,0,0,0,1,0,0,0,0,0,0,0,0,0,0,0,0,0,0,0,0
2019,경상남도 창원시 성산구1,경상남도 창원시 성산구 사파동(어린이보호구역 부근),2019-11-25 16:00:00,0,1,48.0,5,1,17.0,0,0,0,4,0,0,0,0,0,0,0,1,0,0,0,0,0,0,0,0,0,0,0,0,0,0,0,0,1,0,0,0,0,0,0,0,0,0,0,0,0,0,1,0,0,0,0,0,0,0,0,0,0,1,0,0,0,0,0,0,0,0,0,0,0,0,0
2019,경상남도 창원시 성산구1,경상남도 창원시 성산구 사파동(어린이보호구역 부근),2019-12-20 15:00:00,0,1,18.0,4,0,67.0,0,0,0,4,0,0,0,0,0,0,0,0,0,0,1,0,0,0,0,0,1,0,0,0,0,0,0,0,0,0,0,0,0,0,0,0,0,0,0,0,0,0,1,0,0,0,0,0,1,0,0,0,0,0,0,0,0,0,0,0,0,0,0,0,0,0,0
2019,경상남도 창원시 진해구1,경상남도 창원시 진해구 여좌동(중앙삼거리 부근),2019-05-06 06:00:00,0,1,52.0,5,0,60.0,0,0,0,4,0,0,0,0,0,0,0,0,0,1,0,0,0,0,0,0,0,0,0,0,0,0,0,0,1,0,0,0,0,0,0,0,0,0,0,1,0,0,0,0,0,0,0,0,0,0,0,0,0,0,0,0,0,0,0,1,0,0,0,0,0,0,0
2019,경상남도 창원시 진해구1,경상남도 창원시 진해구 여좌동(중앙삼거리 부근),2019-05-17 10:00:00,0,1,64.0,4,0,21.0,0,0,0,4,0,0,0,0,0,0,0,0,0,0,0,0,1,0,0,0,0,0,0,0,0,0,0,0,1,0,0,0,0,0,0,0,0,0,0,0,0,0,1,0,0,0,0,0,0,0,0,0,0,0,0,0,0,0,0,1,0,0,0,0,0,0,0
2019,경상남도 창원시 진해구1,경상남도 창원시 진해구 여좌동(중앙삼거리 부근),2019-10-08 08:00:00,0,1,48.0,4,1,85.0,0,0,0,4,0,0,0,0,0,0,0,1,0,0,0,0,0,0,0,0,0,0,0,0,0,0,0,0,1,0,0,0,1,0,0,0,0,0,0,0,0,0,0,0,0,0,0,0,0,0,0,0,0,1,0,0,0,0,0,0,0,0,0,0,0,0,0
2019,경상남도 창원시 진해구1,경상남도 창원시 진해구 여좌동(중앙삼거리 부근),2019-12-27 07:00:00,1,1,22.0,4,1,84.0,1,0,0,4,0,0,0,0,0,0,1,0,0,0,0,0,0,0,0,0,0,0,0,0,0,0,0,0,1,0,0,0,0,0,0,0,0,0,0,0,0,0,1,0,0,0,0,0,0,0,0,0,0,0,0,0,0,0,0,1,0,0,0,0,0,0,0
2019,경상남도 진주시1,경상남도 진주시 칠암동(진양교 부근),2019-01-07 07:00:00,1,1,67.0,4,1,36.0,1,0,1,3,0,0,0,0,0,0,1,0,0,0,0,0,0,0,0,0,0,0,0,0,0,0,0,0,1,0,0,0,0,0,0,0,0,0,0,0,0,0,1,0,0,0,0,0,0,0,0,0,0,0,0,0,0,0,0,1,0,0,0,0,0,0,0
2019,경상남도 진주시1,경상남도 진주시 칠암동(진양교 부근),2019-03-25 16:00:00,0,1,19.0,4,1,76.0,0,0,1,3,0,0,0,0,0,0,0,0,0,1,0,0,0,0,0,0,0,0,0,0,0,0,0,0,1,0,0,0,0,0,0,0,0,0,0,0,0,0,1,0,0,0,0,0,0,0,0,0,0,0,0,0,0,0,0,1,0,0,0,0,0,0,0
2019,경상남도 진주시1,경상남도 진주시 칠암동(진양교 부근),2019-09-05 22:00:00,3,1,78.0,3,0,48.0,4,0,1,3,0,0,0,0,0,0,0,0,0,0,1,0,0,0,0,0,0,0,0,1,0,0,0,0,0,0,0,0,0,0,0,0,0,0,0,0,0,0,0,0,1,0,0,0,0,0,0,0,0,0,0,0,0,0,0,1,0,0,0,0,0,0,0
2019,경상남도 진주시1,경상남도 진주시 칠암동(진양교 부근),2019-10-03 21:00:00,0,1,64.0,0,0,59.0,4,0,1,3,0,0,0,0,0,0,0,0,0,0,1,0,0,0,0,0,1,0,0,0,0,0,0,0,0,0,0,0,0,0,0,0,0,0,0,0,0,0,1,0,0,0,0,0,0,0,0,1,0,0,0,0,0,0,0,0,0,0,0,0,0,0,0
2019,경상남도 사천시1,경상남도 사천시 동금동(동금2길32 부근),2019-06-04 11:00:00,0,0,65.0,0,1,65.0,4,0,0,5,0,0,0,0,0,0,0,0,0,0,1,0,0,0,0,0,0,0,0,0,0,0,0,0,0,0,1,0,0,0,0,0,0,0,0,0,0,0,1,0,0,0,0,0,0,0,0,0,0,1,0,0,0,0,0,0,0,0,0,0,0,0,0
2019,경상남도 사천시1,경상남도 사천시 동금동(동금2길32 부근),2019-07-29 09:00:00,0,0,49.0,4,0,54.0,0,0,0,5,0,0,0,0,0,0,1,0,0,0,0,0,0,0,0,0,0,0,0,0,0,0,0,0,1,0,0,0,0,0,0,0,0,0,0,0,0,0,1,0,0,0,0,0,0,0,0,0,0,0,0,0,0,0,0,1,0,0,0,0,0,0,0