사고년도,다발시군구,지점명,사고일시,사고등급,가해자성별,가해자연령,가해자신체상해정도,피해자성별,피해자연령,피해자신체상해정도,기상상태,사망자수,부상자수,가해차종_개인형이동수단(PM),가해차종_건설기계,가해차종_기타,가해차종_농기계,가해차종_불명,가해차종_사륜오토바이(ATV),가해차종_승용차,가해차종_승합차,가해차종_원동기장치자전거,가해차종_이륜차,가해차종_자전거,가해차종_특수차,가해차종_화물차,피해차종_개인형이동수단(PM),피해차종_건설기계,피해차종_기타,피해차종_보행자,피해차종_불명,피해차종_사륜오토바이(ATV),피해차종_승용차,피해차종_승합차,피해차종_없음,피해차종_원동기장치자전거,피해차종_이륜차,피해차종_자전거,피해차종_특수차,피해차종_화물차,가해자법규위반_과속,가해자법규위반_교차로 통행방법 위반,가해자법규위반_교차로운행방법위반,가해자법규위반_기타,가해자법규위반_미분류,가해자법규위반_보행자 보호의무 위반,가해자법규위반_보행자보호의무위반,가해자법규위반_불법유턴,가해자법규위반_신호위반,가해자법규위반_안전거리 미확보,가해자법규위반_안전거리미확보,가해자법규위반_안전운전 의무 불이행,가해자법규위반_안전운전불이행,가해자법규위반_중앙선 침범,가해자법규위반_중앙선침범,가해자법규위반_직진우회전진행방해,가해자법규위반_차로위반,사고유형_차대사람 - 기타,사고유형_차대사람 - 길가장자리구역통행중,사고유형_차대사람 - 보도통행중,사고유형_차대사람 - 차도통행중,사고유형_차대사람 - 횡단중,사고유형_차대차 - 기타,사고유형_차대차 - 정면충돌,사고유형_차대차 - 추돌,사고유형_차대차 - 추돌 - 주정차중,사고유형_차대차 - 추돌 - 진행중,사고유형_차대차 - 측면직각충돌,사고유형_차대차 - 측면충돌,사고유형_차대차 - 후진중충돌,사고유형_차량단독 - 공작물충돌,사고유형_차량단독 - 기타,사고유형_차량단독 - 도로외이탈 - 추락,사고유형_차량단독 - 전도,사고유형_차량단독 - 전도전복,사고유형_차량단독 - 전도전복 - 전도
2020,서울특별시 동대문구10,서울특별시 동대문구 휘경동(회기역앞교차로 부근),2020-06-11 06:00:00,1,0,56.0,1,1,36.0,4,0,0,4,0,0,0,0,0,0,0,0,0,0,1,0,0,0,0,0,0,0,0,0,1,0,0,0,0,0,0,0,0,0,0,0,0,0,0,0,0,0,1,0,0,0,0,0,0,0,0,0,0,1,0,0,0,0,0,0,0,0,0,0,0,0,0
2020,서울특별시 동대문구10,서울특별시 동대문구 휘경동(회기역앞교차로 부근),2020-08-24 14:00:00,1,1,22.0,4,1,14.0,1,0,0,4,0,0,0,0,0,0,1,0,0,0,0,0,0,0,0,0,0,0,0,0,0,0,0,0,1,0,0,0,0,0,0,0,0,0,0,0,0,0,1,0,0,0,0,0,0,0,0,0,0,0,0,0,0,0,0,1,0,0,0,0,0,0,0
2020,서울특별시 동대문구10,서울특별시 동대문구 휘경동(회기역앞교차로 부근),2020-11-08 16:00:00,2,1,60.0,2,1,52.0,4,0,0,4,0,0,0,0,0,0,0,0,0,0,1,0,0,0,0,0,0,0,0,1,0,0,0,0,0,0,0,0,0,0,0,0,0,0,0,0,0,0,1,0,0,0,0,0,0,0,0,0,0,1,0,0,0,0,0,0,0,0,0,0,0,0,0
2020,서울특별시 동대문구10,서울특별시 동대문구 휘경동(회기역앞교차로 부근),2020-12-07 08:00:00,1,1,66.0,4,0,30.0,1,0,0,4,0,0,0,0,0,0,1,0,0,0,0,0,0,0,0,0,0,0,0,0,0,0,0,0,1,0,0,0,0,0,1,0,0,0,0,0,0,0,0,0,0,0,0,0,0,0,0,0,0,1,0,0,0,0,0,0,0,0,0,0,0,0,0
2020,서울특별시 동대문구11,서울특별시 동대문구 이문동(이문대림아파트 부근),2020-02-05 04:00:00,0,1,53.0,0,1,61.0,4,0,0,4,0,0,0,0,0,0,0,0,0,0,1,0,0,0,0,0,0,0,0,1,0,0,0,0,0,0,0,0,0,0,0,0,0,0,0,0,0,0,0,0,1,0,0,0,0,0,0,0,0,0,0,0,0,0,0,1,0,0,0,0,0,0,0
2020,서울특별시 동대문구11,서울특별시 동대문구 이문동(이문대림아파트 부근),2020-04-02 08:00:00,1,1,33.0,4,1,78.0,1,0,0,4,0,0,0,0,0,0,0,0,0,0,0,0,1,0,0,0,0,0,0,0,0,0,0,0,1,0,0,0,0,0,0,0,0,0,0,0,1,0,0,0,0,0,0,0,0,0,0,0,0,1,0,0,0,0,0,0,0,0,0,0,0,0,0
2020,서울특별시 동대문구11,서울특별시 동대문구 이문동(이문대림아파트 부근),2020-07-10 15:00:00,0,1,54.0,4,0,8.0,0,0,0,4,0,0,0,0,0,0,0,0,0,0,0,0,1,0,0,0,0,0,0,0,0,0,0,0,1,0,0,0,0,0,0,0,0,0,0,0,0,0,1,0,0,0,0,0,0,0,0,0,0,1,0,0,0,0,0,0,0,0,0,0,0,0,0
2020,서울특별시 동대문구11,서울특별시 동대문구 이문동(이문대림아파트 부근),2020-07-14 17:00:00,0,1,52.0,5,0,68.0,0,0,0,4,0,0,0,0,0,0,0,0,0,0,1,0,0,0,0,0,1,0,0,0,0,0,0,0,0,0,0,0,0,0,0,0,0,0,0,0,0,0,1,0,0,0,0,0,0,0,0,1,0,0,0,0,0,0,0,0,0,0,0,0,0,0,0
2020,서울특별시 중랑구1,서울특별시 중랑구 상봉동(상봉시장앞 부근),2020-02-19 08:00:00,0,1,47.0,4,1,28.0,0,0,0,12,0,0,0,0,0,0,1,0,0,0,0,0,0,0,0,0,0,0,0,0,0,0,0,0,1,0,0,0,1,0,0,0,0,0,0,0,0,0,0,0,0,0,0,0,0,0,0,0,0,0,0,0,0,0,0,1,0,0,0,0,0,0,0
2020,서울특별시 중랑구1,서울특별시 중랑구 상봉동(상봉시장앞 부근),2020-02-26 21:00:00,0,1,68.0,5,0,51.0,0,0,0,12,0,0,0,0,0,0,1,0,0,0,0,0,0,0,0,0,0,0,0,0,0,0,0,0,1,0,0,0,0,0,0,0,0,0,0,0,0,0,1,0,0,0,0,0,0,0,0,0,0,0,0,1,0,0,0,0,0,0,0,0,0,0,0
2020,서울특별시 중랑구1,서울특별시 중랑구 상봉동(상봉시장앞 부근),2020-03-15 17:00:00,1,1,45.0,4,1,59.0,1,0,0,12,0,0,0,0,0,0,1,0,0,0,0,0,0,0,0,0,0,0,0,0,0,0,0,0,1,0,0,0,0,0,1,0,0,0,0,0,0,0,0,0,0,0,0,0,0,0,0,0,0,0,0,0,0,0,0,1,0,0,0,0,0,0,0
2020,서울특별시 중랑구1,서울특별시 중랑구 상봉동(상봉시장앞 부근),2020-04-07 19:00:00,2,2,47.74785772029103,5,1,76.0,2,0,0,12,0,0,0,0,1,0,0,0,0,0,0,0,0,0,0,0,0,0,0,0,0,0,0,0,1,0,0,0,0,0,0,0,0,0,0,0,0,0,1,0,0,0,0,0,0,0,0,0,0,0,0,0,0,0,0,1,0,0,0,0,0,0,0
2020,서울특별시 중랑구1,서울특별시 중랑구 상봉동(상봉시장앞 부근),2020-06-29 16:00:00,1,1,71.0,1,0,42.0,4,0,0,12,0,0,0,0,0,0,0,0,0,0,1,0,0,0,0,0,0,0,0,0,1,0,0,0,0,0,0,0,0,0,0,0,0,0,0,1,0,0,0,0,0,0,0,0,0,0,0,0,0,1,0,0,0,0,0,0,0,0,0,0,0,0,0
2020,서울특별시 중랑구1,서울특별시 중랑구 상봉동(상봉시장앞 부근),2020-07-16 10:00:00,0,1,55.0,4,0,27.0,0,0,0,12,0,0,0,0,0,0,0,0,0,0,0,0,1,0,0,0,0,0,0,0,0,0,0,0,1,0,0,0,0,0,0,0,0,0,0,0,0,0,1,0,0,0,0,0,0,0,0,0,0,1,0,0,0,0,0,0,0,0,0,0,0,0,0
2020,서울특별시 중랑구1,서울특별시 중랑구 상봉동(상봉시장앞 부근),2020-07-31 20:00:00,2,1,10.0,2,2,47.23777883246322,6,1,0,12,0,0,0,0,0,0,0,0,0,0,1,0,0,0,0,0,0,0,0,0,0,1,0,0,0,0,0,0,0,0,0,0,0,0,0,0,0,0,1,0,0,0,0,0,0,0,0,0,0,0,0,0,0,0,0,0,0,0,1,0,0,0,0
2020,서울특별시 중랑구1,서울특별시 중랑구 상봉동(상봉시장앞 부근),2020-09-14 19:00:00,0,1,36.0,4,1,58.0,0,0,0,12,0,0,0,0,0,0,1,0,0,0,0,0,0,0,0,0,0,0,0,0,0,0,0,0,1,0,0,0,0,0,0,0,0,0,0,0,0,0,1,0,0,0,0,0,0,0,0,0,0,0,0,0,0,0,0,1,0,0,0,0,0,0,0
2020,서울특별시 중랑구1,서울특별시 중랑구 상봉동(상봉시장앞 부근),2020-10-12 16:00:00,1,1,68.0,4,0,52.0,1,0,0,12,0,0,0,0,0,0,1,0,0,0,0,0,0,0,0,0,0,0,0,0,0,0,0,0,1,0,0,0,0,0,1,0,0,0,0,0,0,0,0,0,0,0,0,0,0,0,0,0,0,1,0,0,0,0,0,0,0,0,0,0,0,0,0
2020,서울특별시 중랑구1,서울특별시 중랑구 상봉동(상봉시장앞 부근),2020-10-29 20:00:00,1,1,31.0,1,0,56.0,1,0,0,12,0,0,0,0,0,0,0,0,0,0,1,0,0,0,0,0,1,0,0,0,0,0,0,0,0,0,0,0,0,0,0,0,0,0,0,0,0,0,1,0,0,0,0,0,0,0,0,0,1,0,0,0,0,0,0,0,0,0,0,0,0,0,0
2020,서울특별시 중랑구1,서울특별시 중랑구 상봉동(상봉시장앞 부근),2020-12-31 17:00:00,0,1,73.0,0,1,68.0,4,0,0,12,0,0,0,0,0,0,0,0,0,0,1,0,0,0,0,0,0,0,0,1,0,0,0,0,0,0,0,0,0,0,0,0,0,0,0,1,0,0,0,0,0,0,0,0,0,0,0,0,0,1,0,0,0,0,0,0,0,0,0,0,0,0,0
2020,서울특별시 중랑구2,서울특별시 중랑구 면목동(면목2동사거리 부근),2020-01-09 19:00:00,0,1,73.0,0,1,51.0,4,0,0,9,0,0,0,0,0,0,0,0,0,0,1,0,0,0,0,0,0,0,0,0,0,0,0,0,0,0,1,0,1,0,0,0,0,0,0,0,0,0,0,0,0,0,0,0,0,0,0,0,0,0,0,0,0,0,0,1,0,0,0,0,0,0,0
2020,서울특별시 중랑구2,서울특별시 중랑구 면목동(면목2동사거리 부근),2020-01-27 17:00:00,1,1,37.0,4,1,53.0,1,1,0,9,0,0,0,0,0,0,1,0,0,0,0,0,0,0,0,0,0,0,0,0,0,0,0,0,1,0,0,0,0,0,1,0,0,0,0,0,0,0,0,0,0,0,0,0,0,0,0,0,0,1,0,0,0,0,0,0,0,0,0,0,0,0,0
2020,서울특별시 중랑구2,서울특별시 중랑구 면목동(면목2동사거리 부근),2020-02-03 08:00:00,2,0,24.0,2,1,34.0,4,0,0,9,0,0,0,0,0,0,0,0,0,0,1,0,0,0,0,0,0,0,0,0,0,0,0,1,0,0,0,0,0,0,0,0,0,0,0,0,0,0,1,0,0,0,0,0,0,0,0,0,0,0,0,0,0,0,0,1,0,0,0,0,0,0,0
2020,서울특별시 중랑구2,서울특별시 중랑구 면목동(면목2동사거리 부근),2020-02-21 04:00:00,2,1,55.0,2,1,61.0,4,0,0,9,0,0,0,0,0,0,0,0,0,0,1,0,0,0,0,0,0,0,0,1,0,0,0,0,0,0,0,0,0,0,0,0,0,0,0,0,0,0,0,0,1,0,0,0,0,0,0,0,0,0,0,0,0,0,0,1,0,0,0,0,0,0,0
2020,서울특별시 중랑구2,서울특별시 중랑구 면목동(면목2동사거리 부근),2020-02-24 11:00:00,0,1,72.0,4,1,12.0,0,0,0,9,0,0,0,0,0,0,0,0,0,0,0,0,1,0,0,0,0,0,0,0,0,0,0,0,1,0,0,0,0,0,1,0,0,0,0,0,0,0,0,0,0,0,0,0,0,0,0,0,0,1,0,0,0,0,0,0,0,0,0,0,0,0,0
2020,서울특별시 중랑구2,서울특별시 중랑구 면목동(면목2동사거리 부근),2020-05-11 09:00:00,0,1,61.0,4,0,59.0,0,0,0,9,0,0,0,0,0,0,0,0,0,1,0,0,0,0,0,0,0,0,0,0,0,0,0,0,1,0,0,0,0,0,0,0,0,0,0,1,0,0,0,0,0,0,0,0,0,0,0,0,0,0,0,0,0,0,0,1,0,0,0,0,0,0,0
2020,서울특별시 중랑구2,서울특별시 중랑구 면목동(면목2동사거리 부근),2020-06-17 17:00:00,2,1,70.0,2,1,63.0,4,0,0,9,0,0,0,0,0,0,0,0,0,0,1,0,0,0,0,0,0,0,0,1,0,0,0,0,0,0,0,0,0,0,1,0,0,0,0,0,0,0,0,0,0,0,0,0,0,0,0,0,0,1,0,0,0,0,0,0,0,0,0,0,0,0,0
2020,서울특별시 중랑구2,서울특별시 중랑구 면목동(면목2동사거리 부근),2020-07-21 15:00:00,0,0,82.0,4,1,11.0,0,0,0,9,0,0,0,0,0,0,1,0,0,0,0,0,0,0,0,0,0,0,0,0,0,0,0,0,1,0,0,0,0,0,0,0,0,0,0,0,0,0,1,0,0,0,0,0,0,0,0,0,0,0,1,0,0,0,0,0,0,0,0,0,0,0,0
2020,서울특별시 중랑구2,서울특별시 중랑구 면목동(면목2동사거리 부근),2020-10-20 10:00:00,0,1,66.0,4,1,74.0,0,0,0,9,0,0,0,0,0,0,1,0,0,0,0,0,0,0,0,0,0,0,0,0,0,0,0,0,1,0,0,0,0,0,0,0,0,0,0,0,0,0,1,0,0,0,0,0,0,0,0,0,0,1,0,0,0,0,0,0,0,0,0,0,0,0,0
2020,서울특별시 중랑구3,서울특별시 중랑구 면목동(겸재작은도서관 부근),2020-04-30 14:00:00,0,1,17.0,2,0,3.0,0,0,0,11,0,0,0,0,0,0,0,0,0,0,1,0,0,0,0,0,1,0,0,0,0,0,0,0,0,0,0,0,0,0,0,0,0,0,0,0,0,0,1,0,0,0,0,0,1,0,0,0,0,0,0,0,0,0,0,0,0,0,0,0,0,0,0
2020,서울특별시 중랑구3,서울특별시 중랑구 면목동(겸재작은도서관 부근),2020-05-30 11:00:00,0,1,29.0,4,0,59.0,0,0,0,11,0,0,0,0,0,0,0,0,0,0,1,0,0,0,0,0,0,0,0,0,0,0,0,0,1,0,0,0,0,0,0,0,0,0,0,0,0,0,1,0,0,0,0,0,0,0,0,0,0,1,0,0,0,0,0,0,0,0,0,0,0,0,0
2020,서울특별시 중랑구3,서울특별시 중랑구 면목동(겸재작은도서관 부근),2020-06-19 20:00:00,2,0,60.0,2,2,47.23777883246322,5,0,0,11,0,0,0,0,0,0,0,0,0,0,1,0,0,0,0,0,0,1,0,0,0,0,0,0,0,0,0,0,0,0,0,0,0,0,0,0,1,0,0,0,0,0,0,0,0,0,0,0,0,0,0,1,0,0,0,0,0,0,0,0,0,0,0
2020,서울특별시 중랑구3,서울특별시 중랑구 면목동(겸재작은도서관 부근),2020-08-21 19:00:00,0,1,26.0,0,0,26.0,0,0,0,11,0,0,0,0,0,0,0,0,0,0,1,0,0,0,0,0,0,0,0,0,0,0,0,0,1,0,0,0,0,0,0,0,0,0,0,0,0,0,1,0,0,0,0,0,0,0,0,0,0,1,0,0,0,0,0,0,0,0,0,0,0,0,0
2020,서울특별시 중랑구3,서울특별시 중랑구 면목동(겸재작은도서관 부근),2020-09-25 06:00:00,1,1,54.0,4,0,69.0,1,1,0,11,0,0,0,0,0,0,0,0,0,0,1,0,0,0,0,0,1,0,0,0,0,0,0,0,0,0,0,0,0,0,0,0,0,0,0,0,0,0,1,0,0,0,0,0,0,0,1,0,0,0,0,0,0,0,0,0,0,0,0,0,0,0,0
2020,서울특별시 중랑구3,서울특별시 중랑구 면목동(겸재작은도서관 부근),2020-10-04 17:00:00,1,1,74.0,4,0,68.0,1,0,0,11,0,0,0,0,0,0,0,0,0,0,1,0,0,0,0,0,0,0,0,0,0,0,0,0,1,0,0,0,0,0,0,0,0,0,0,0,0,0,1,0,0,0,0,0,0,0,0,0,0,0,0,0,0,0,0,1,0,0,0,0,0,0,0
2020,서울특별시 중랑구3,서울특별시 중랑구 면목동(겸재작은도서관 부근),2020-10-07 21:00:00,0,1,21.0,0,1,31.0,0,0,0,11,0,0,0,0,0,0,0,0,0,0,1,0,0,0,0,0,0,0,0,0,0,0,0,0,1,0,0,0,0,0,0,0,0,0,0,0,0,0,1,0,0,0,0,0,0,0,0,0,0,1,0,0,0,0,0,0,0,0,0,0,0,0,0
2020,서울특별시 중랑구3,서울특별시 중랑구 면목동(겸재작은도서관 부근),2020-12-29 11:00:00,2,2,47.74785772029103,5,0,51.0,2,0,0,11,0,0,0,0,0,0,0,0,0,0,1,0,0,0,0,0,1,0,0,0,0,0,0,0,0,0,0,0,0,0,0,0,0,0,0,0,0,0,1,0,0,0,0,0,0,0,0,0,1,0,0,0,0,0,0,0,0,0,0,0,0,0,0
2020,서울특별시 중랑구4,서울특별시 중랑구 망우동(망우사거리 부근),2020-02-23 20:00:00,1,1,22.0,4,0,72.0,1,0,0,6,0,0,0,0,0,0,1,0,0,0,0,0,0,0,0,0,0,0,0,0,0,0,0,0,1,0,0,0,0,0,0,0,0,0,0,0,0,0,1,0,0,0,0,0,0,0,0,0,0,0,0,1,0,0,0,0,0,0,0,0,0,0,0
2020,서울특별시 중랑구4,서울특별시 중랑구 망우동(망우사거리 부근),2020-03-01 12:00:00,0,1,67.0,4,1,66.0,0,0,0,6,0,0,0,0,0,0,1,0,0,0,0,0,0,0,0,0,0,0,0,0,0,0,0,0,1,0,0,0,0,0,1,0,0,0,0,0,0,0,0,0,0,0,0,0,0,0,0,0,0,1,0,0,0,0,0,0,0,0,0,0,0,0,0
2020,서울특별시 중랑구4,서울특별시 중랑구 망우동(망우사거리 부근),2020-05-12 18:00:00,1,1,63.0,1,0,35.0,4,0,0,6,0,0,0,0,0,0,0,0,0,0,1,0,0,0,0,0,0,0,0,1,0,0,0,0,0,0,0,0,0,0,0,0,0,0,0,0,0,0,1,0,0,0,0,0,0,0,0,0,0,1,0,0,0,0,0,0,0,0,0,0,0,0,0
2020,서울특별시 중랑구4,서울특별시 중랑구 망우동(망우사거리 부근),2020-06-12 06:00:00,2,1,31.0,4,1,59.0,2,0,0,6,0,0,0,0,0,0,1,0,0,0,0,0,0,0,0,0,0,0,0,0,0,0,0,0,1,0,0,0,0,0,0,0,0,0,0,0,0,0,1,0,0,0,0,0,0,0,0,0,0,0,0,0,0,0,0,1,0,0,0,0,0,0,0
2020,서울특별시 중랑구4,서울특별시 중랑구 망우동(망우사거리 부근),2020-11-12 11:00:00,0,1,74.0,0,1,58.0,4,0,0,6,0,0,0,0,0,0,0,0,0,0,1,0,0,0,0,0,0,0,0,0,0,0,0,0,0,0,1,0,0,0,0,0,0,0,0,0,0,0,1,0,0,0,0,0,0,0,0,0,0,0,0,0,0,0,0,1,0,0,0,0,0,0,0
2020,서울특별시 중랑구4,서울특별시 중랑구 망우동(망우사거리 부근),2020-11-28 19:00:00,0,1,53.0,4,1,66.0,0,0,0,6,0,0,0,0,0,0,1,0,0,0,0,0,0,0,0,0,0,0,0,0,0,0,0,0,1,0,0,0,0,0,1,0,0,0,0,0,0,0,0,0,0,0,0,0,0,0,0,0,0,0,0,0,0,0,0,0,1,0,0,0,0,0,0
2020,서울특별시 중랑구5,서울특별시 중랑구 중화동(태능시장 부근),2020-04-25 13:00:00,0,1,65.0,4,1,42.0,0,0,0,7,0,0,0,0,0,0,0,0,0,0,1,0,0,0,0,0,0,0,0,0,0,0,0,1,0,0,0,0,0,0,0,0,0,0,0,0,0,0,1,0,0,0,0,0,0,0,0,0,0,1,0,0,0,0,0,0,0,0,0,0,0,0,0
2020,서울특별시 중랑구5,서울특별시 중랑구 중화동(태능시장 부근),2020-06-01 18:00:00,2,1,67.0,4,1,5.0,2,0,0,7,0,0,0,0,0,0,1,0,0,0,0,0,0,0,0,0,0,0,0,0,0,0,0,0,1,0,0,0,0,0,0,0,0,0,0,0,0,0,1,0,0,0,0,0,0,0,0,0,0,0,0,0,0,0,0,1,0,0,0,0,0,0,0
2020,서울특별시 중랑구5,서울특별시 중랑구 중화동(태능시장 부근),2020-07-11 21:00:00,1,1,29.0,2,1,55.0,1,0,0,7,0,0,0,0,0,0,0,0,0,1,0,0,0,0,0,0,0,0,0,0,0,0,0,0,1,0,0,0,1,0,0,0,0,0,0,0,0,0,0,0,0,0,0,0,0,0,0,0,0,1,0,0,0,0,0,0,0,0,0,0,0,0,0
2020,서울특별시 중랑구5,서울특별시 중랑구 중화동(태능시장 부근),2020-09-23 11:00:00,0,1,64.0,4,1,10.0,0,0,0,7,0,0,0,0,0,0,0,1,0,0,0,0,0,0,0,0,0,0,0,0,0,0,0,0,1,0,0,0,0,0,0,0,0,0,0,0,0,0,1,0,0,0,0,0,0,0,0,0,0,1,0,0,0,0,0,0,0,0,0,0,0,0,0
2020,서울특별시 중랑구5,서울특별시 중랑구 중화동(태능시장 부근),2020-10-25 18:00:00,1,1,77.0,1,1,48.0,4,0,0,7,0,0,0,0,0,0,0,0,0,0,1,0,0,0,0,0,0,0,0,0,0,0,0,1,0,0,0,0,0,0,0,0,0,0,0,0,0,0,0,0,1,0,0,0,0,0,0,0,0,0,1,0,0,0,0,0,0,0,0,0,0,0,0
2020,서울특별시 중랑구5,서울특별시 중랑구 중화동(태능시장 부근),2020-11-19 09:00:00,2,1,56.0,2,1,56.0,4,2,0,7,0,0,0,0,0,0,0,0,0,0,1,0,0,0,0,0,0,0,0,0,0,0,0,0,0,0,1,0,0,0,0,0,0,0,0,1,0,0,0,0,0,0,0,0,0,0,0,0,0,0,0,0,0,0,0,1,0,0,0,0,0,0,0
2020,서울특별시 중랑구6,서울특별시 중랑구 중화동(대원메디컬빌딩 부근),2020-02-27 13:00:00,1,0,63.0,1,1,65.0,4,0,0,6,0,0,0,0,0,0,0,0,0,0,1,0,0,0,0,0,0,0,0,1,0,0,0,0,0,0,0,0,0,0,1,0,0,0,0,0,0,0,0,0,0,0,0,0,0,0,0,0,0,1,0,0,0,0,0,0,0,0,0,0,0,0,0
2020,서울특별시 중랑구6,서울특별시 중랑구 중화동(대원메디컬빌딩 부근),2020-03-27 09:00:00,2,0,56.0,2,1,52.0,4,0,0,6,0,0,0,0,0,0,0,0,0,0,1,0,0,0,0,0,0,0,0,0,0,0,0,0,0,0,1,0,0,0,1,0,0,0,0,0,0,0,0,0,0,0,0,0,0,0,0,0,0,0,0,0,0,0,0,1,0,0,0,0,0,0,0
2020,서울특별시 중랑구6,서울특별시 중랑구 중화동(대원메디컬빌딩 부근),2020-04-04 16:00:00,0,1,82.0,0,1,25.0,4,0,0,6,0,0,0,0,0,0,0,0,0,0,1,0,0,0,0,0,0,0,0,0,0,0,0,1,0,0,0,0,0,0,0,0,0,0,0,0,0,0,1,0,0,0,0,0,0,0,0,0,0,0,1,0,0,0,0,0,0,0,0,0,0,0,0
2020,서울특별시 중랑구6,서울특별시 중랑구 중화동(대원메디컬빌딩 부근),2020-05-13 20:00:00,0,1,31.0,4,0,48.0,0,0,0,6,0,0,0,0,0,0,0,0,0,0,0,0,1,0,0,0,0,0,0,0,0,0,0,0,1,0,0,0,0,0,0,0,0,0,0,0,0,0,1,0,0,0,0,0,0,0,0,0,0,0,0,0,0,0,0,1,0,0,0,0,0,0,0
2020,서울특별시 중랑구6,서울특별시 중랑구 중화동(대원메디컬빌딩 부근),2020-09-01 12:00:00,2,1,15.0,2,0,37.0,4,0,0,6,0,0,0,0,0,0,0,0,0,0,1,0,0,0,0,0,0,0,0,1,0,0,0,0,0,0,0,0,0,0,1,0,0,0,0,0,0,0,0,0,0,0,0,0,0,0,0,0,0,1,0,0,0,0,0,0,0,0,0,0,0,0,0
2020,서울특별시 중랑구6,서울특별시 중랑구 중화동(대원메디컬빌딩 부근),2020-11-05 18:00:00,1,1,64.0,4,1,72.0,1,0,0,6,0,0,0,0,0,0,0,1,0,0,0,0,0,0,0,0,0,0,0,0,0,0,0,0,1,0,0,0,0,0,0,0,0,0,0,0,0,0,1,0,0,0,0,0,0,0,0,0,0,1,0,0,0,0,0,0,0,0,0,0,0,0,0
2020,서울특별시 중랑구7,서울특별시 중랑구 신내동(중랑소방서앞교차로 부근),2020-03-22 19:00:00,1,1,61.0,1,1,72.0,4,0,0,6,0,0,0,0,0,0,0,0,0,0,1,0,0,0,0,0,0,0,0,1,0,0,0,0,0,0,0,0,0,0,0,0,0,0,0,0,0,0,1,0,0,0,0,0,0,0,0,0,0,0,1,0,0,0,0,0,0,0,0,0,0,0,0
2020,서울특별시 중랑구7,서울특별시 중랑구 신내동(중랑소방서앞교차로 부근),2020-04-08 17:00:00,0,1,67.0,4,0,30.0,0,0,0,6,0,0,0,0,0,0,1,0,0,0,0,0,0,0,0,0,0,0,0,0,0,0,0,0,1,0,0,0,0,0,0,0,0,0,0,0,0,0,1,0,0,0,0,0,0,0,0,0,0,0,0,0,0,0,0,1,0,0,0,0,0,0,0
2020,서울특별시 중랑구7,서울특별시 중랑구 신내동(중랑소방서앞교차로 부근),2020-06-29 13:00:00,0,2,47.74785772029103,5,0,48.0,0,0,0,6,0,0,0,0,1,0,0,0,0,0,0,0,0,0,0,0,0,0,0,0,0,0,0,0,1,0,0,0,0,0,0,0,0,0,0,0,0,0,1,0,0,0,0,0,0,0,0,0,0,1,0,0,0,0,0,0,0,0,0,0,0,0,0
2020,서울특별시 중랑구7,서울특별시 중랑구 신내동(중랑소방서앞교차로 부근),2020-07-08 21:00:00,0,1,46.0,0,1,32.0,4,0,0,6,0,0,0,0,0,0,0,0,0,0,1,0,0,0,0,0,0,0,0,1,0,0,0,0,0,0,0,0,0,0,1,0,0,0,0,0,0,0,0,0,0,0,0,0,0,0,0,0,0,0,0,1,0,0,0,0,0,0,0,0,0,0,0
2020,서울특별시 중랑구7,서울특별시 중랑구 신내동(중랑소방서앞교차로 부근),2020-10-17 19:00:00,0,1,39.0,5,1,62.0,0,0,0,6,0,0,0,0,0,0,0,0,0,0,0,0,1,0,0,0,0,0,0,0,0,0,0,0,1,0,0,0,0,0,0,0,0,0,0,1,0,0,0,0,0,0,0,0,0,0,0,0,0,0,0,0,0,0,0,1,0,0,0,0,0,0,0
2020,서울특별시 중랑구7,서울특별시 중랑구 신내동(중랑소방서앞교차로 부근),2020-11-30 19:00:00,0,1,29.0,0,1,72.0,4,0,0,6,0,0,0,0,0,0,0,0,0,0,1,0,0,0,0,0,0,0,0,0,1,0,0,0,0,0,0,0,0,0,0,0,0,0,0,0,0,0,1,0,0,0,0,0,0,0,0,0,0,1,0,0,0,0,0,0,0,0,0,0,0,0,0
2020,서울특별시 중랑구8,서울특별시 중랑구 면목동(중랑전화국앞교차로 부근),2020-01-14 14:00:00,0,1,46.0,4,1,89.0,0,0,0,5,0,0,0,0,0,0,0,0,0,0,0,0,1,0,0,0,0,0,0,0,0,0,0,0,1,0,0,0,0,0,1,0,0,0,0,0,0,0,0,0,0,0,0,0,0,0,0,0,0,1,0,0,0,0,0,0,0,0,0,0,0,0,0
2020,서울특별시 중랑구8,서울특별시 중랑구 면목동(중랑전화국앞교차로 부근),2020-05-27 07:00:00,2,1,57.0,2,1,65.0,4,0,0,5,0,0,0,0,0,0,0,0,0,0,1,0,0,0,0,0,0,0,0,0,1,0,0,0,0,0,0,0,0,0,0,0,0,0,0,0,1,0,0,0,0,0,0,0,0,0,0,0,0,1,0,0,0,0,0,0,0,0,0,0,0,0,0
2020,서울특별시 중랑구8,서울특별시 중랑구 면목동(중랑전화국앞교차로 부근),2020-07-22 06:00:00,1,1,61.0,4,0,61.0,1,0,0,5,0,0,0,0,0,0,1,0,0,0,0,0,0,0,0,0,0,0,0,0,0,0,0,0,1,0,0,0,0,0,0,0,0,0,0,0,0,0,1,0,0,0,0,0,0,0,0,0,0,0,0,0,0,0,0,1,0,0,0,0,0,0,0
2020,서울특별시 중랑구8,서울특별시 중랑구 면목동(중랑전화국앞교차로 부근),2020-09-25 08:00:00,1,0,34.0,1,1,45.0,4,0,0,5,0,0,0,0,0,0,0,0,0,0,1,0,0,0,0,0,0,0,0,1,0,0,0,0,0,0,0,0,0,0,0,0,0,0,0,0,0,0,1,0,0,0,0,0,0,0,0,0,0,0,0,0,0,0,0,1,0,0,0,0,0,0,0