사고년도,다발시군구,지점명,사고일시,사고등급,가해자성별,가해자연령,가해자신체상해정도,피해자성별,피해자연령,피해자신체상해정도,기상상태,사망자수,부상자수,가해차종_개인형이동수단(PM),가해차종_건설기계,가해차종_기타,가해차종_농기계,가해차종_불명,가해차종_사륜오토바이(ATV),가해차종_승용차,가해차종_승합차,가해차종_원동기장치자전거,가해차종_이륜차,가해차종_자전거,가해차종_특수차,가해차종_화물차,피해차종_개인형이동수단(PM),피해차종_건설기계,피해차종_기타,피해차종_보행자,피해차종_불명,피해차종_사륜오토바이(ATV),피해차종_승용차,피해차종_승합차,피해차종_없음,피해차종_원동기장치자전거,피해차종_이륜차,피해차종_자전거,피해차종_특수차,피해차종_화물차,가해자법규위반_과속,가해자법규위반_교차로 통행방법 위반,가해자법규위반_교차로운행방법위반,가해자법규위반_기타,가해자법규위반_미분류,가해자법규위반_보행자 보호의무 위반,가해자법규위반_보행자보호의무위반,가해자법규위반_불법유턴,가해자법규위반_신호위반,가해자법규위반_안전거리 미확보,가해자법규위반_안전거리미확보,가해자법규위반_안전운전 의무 불이행,가해자법규위반_안전운전불이행,가해자법규위반_중앙선 침범,가해자법규위반_중앙선침범,가해자법규위반_직진우회전진행방해,가해자법규위반_차로위반,사고유형_차대사람 - 기타,사고유형_차대사람 - 길가장자리구역통행중,사고유형_차대사람 - 보도통행중,사고유형_차대사람 - 차도통행중,사고유형_차대사람 - 횡단중,사고유형_차대차 - 기타,사고유형_차대차 - 정면충돌,사고유형_차대차 - 추돌,사고유형_차대차 - 추돌 - 주정차중,사고유형_차대차 - 추돌 - 진행중,사고유형_차대차 - 측면직각충돌,사고유형_차대차 - 측면충돌,사고유형_차대차 - 후진중충돌,사고유형_차량단독 - 공작물충돌,사고유형_차량단독 - 기타,사고유형_차량단독 - 도로외이탈 - 추락,사고유형_차량단독 - 전도,사고유형_차량단독 - 전도전복,사고유형_차량단독 - 전도전복 - 전도
2020,서울특별시 영등포구10,서울특별시 영등포구 여의도동(빛의카페 부근),2020-09-19 17:00:00,0,0,22.0,4,0,29.0,0,0,0,4,0,0,0,0,0,0,0,0,0,0,1,0,0,0,0,0,0,0,0,0,0,0,0,0,1,0,0,0,0,0,0,0,0,0,0,0,0,0,1,0,0,0,0,0,0,0,0,0,0,1,0,0,0,0,0,0,0,0,0,0,0,0,0
2020,서울특별시 영등포구10,서울특별시 영등포구 여의도동(빛의카페 부근),2020-11-07 17:00:00,1,0,16.0,4,0,71.0,1,0,0,4,0,0,0,0,0,0,0,0,0,0,1,0,0,0,0,0,1,0,0,0,0,0,0,0,0,0,0,0,0,0,0,0,1,0,0,0,0,0,0,0,0,0,0,0,0,0,0,0,1,0,0,0,0,0,0,0,0,0,0,0,0,0,0
2020,서울특별시 영등포구11,서울특별시 영등포구 대림동(성락빌딩 부근),2020-03-15 20:00:00,0,1,65.0,4,1,56.0,4,0,0,4,0,0,0,0,0,0,0,0,0,0,1,0,0,0,0,0,0,0,0,1,0,0,0,0,0,0,0,0,0,0,0,0,0,0,0,0,0,0,1,0,0,0,0,0,0,0,0,0,0,1,0,0,0,0,0,0,0,0,0,0,0,0,0
2020,서울특별시 영등포구11,서울특별시 영등포구 대림동(성락빌딩 부근),2020-04-29 15:00:00,1,1,63.0,4,1,55.0,1,0,0,4,0,0,0,0,0,0,1,0,0,0,0,0,0,0,0,0,0,0,0,0,0,0,0,0,1,0,0,0,0,0,0,0,0,0,0,0,0,0,1,0,0,0,0,0,0,0,0,0,0,0,0,0,0,0,0,1,0,0,0,0,0,0,0
2020,서울특별시 영등포구11,서울특별시 영등포구 대림동(성락빌딩 부근),2020-08-24 11:00:00,0,1,85.0,0,1,48.0,4,0,0,4,0,0,0,0,0,0,0,0,0,0,1,0,0,0,0,0,0,0,0,0,0,0,0,0,0,0,1,0,0,0,0,0,0,0,0,0,0,0,1,0,0,0,0,0,0,0,0,0,0,1,0,0,0,0,0,0,0,0,0,0,0,0,0
2020,서울특별시 영등포구11,서울특별시 영등포구 대림동(성락빌딩 부근),2020-09-10 16:00:00,0,0,18.0,0,1,45.0,4,0,0,4,0,0,0,0,0,0,0,0,0,0,1,0,0,0,0,0,0,0,0,0,0,0,0,0,0,0,1,0,0,0,0,0,0,0,0,0,0,0,0,0,1,0,0,0,0,0,0,0,0,0,0,0,0,0,0,1,0,0,0,0,0,0,0
2020,서울특별시 영등포구12,서울특별시 영등포구 대림동(구로1교교차로 부근),2020-08-24 17:00:00,0,1,69.0,4,1,15.0,0,0,0,4,0,0,0,0,0,0,0,0,0,0,1,0,0,0,0,0,0,0,0,0,0,0,0,0,1,0,0,0,0,0,0,0,0,0,0,1,0,0,0,0,0,0,0,0,0,0,0,0,0,1,0,0,0,0,0,0,0,0,0,0,0,0,0
2020,서울특별시 영등포구12,서울특별시 영등포구 대림동(구로1교교차로 부근),2020-08-27 10:00:00,0,0,60.0,0,1,59.0,4,0,0,4,0,0,0,0,0,0,0,0,0,0,1,0,0,0,0,0,0,0,0,0,0,0,0,0,0,0,1,0,0,0,0,0,0,0,0,0,0,0,1,0,0,0,0,0,0,0,0,0,0,0,0,0,0,0,0,1,0,0,0,0,0,0,0
2020,서울특별시 영등포구12,서울특별시 영등포구 대림동(구로1교교차로 부근),2020-09-10 15:00:00,0,1,66.0,0,1,41.0,5,0,0,4,0,0,0,0,0,0,0,0,0,0,1,0,0,0,0,0,0,0,0,0,0,0,0,0,0,0,1,0,0,0,0,0,0,0,0,0,0,0,1,0,0,0,0,0,0,0,0,0,0,1,0,0,0,0,0,0,0,0,0,0,0,0,0
2020,서울특별시 영등포구12,서울특별시 영등포구 대림동(구로1교교차로 부근),2020-09-14 16:00:00,2,0,68.0,2,2,47.23777883246322,5,0,0,4,0,0,0,0,0,0,0,0,0,0,1,0,0,0,0,0,0,1,0,0,0,0,0,0,0,0,0,0,0,0,0,0,0,0,0,0,0,0,1,0,0,0,0,0,0,0,0,0,0,1,0,0,0,0,0,0,0,0,0,0,0,0,0
2020,서울특별시 영등포구13,서울특별시 영등포구 문래동3가(청과시장입구교차로 부근),2020-05-11 13:00:00,0,1,44.0,0,1,50.0,4,0,0,4,0,0,0,0,0,0,0,0,0,0,1,0,0,0,0,0,0,0,0,1,0,0,0,0,0,0,0,0,0,0,0,0,0,0,0,0,0,0,1,0,0,0,0,0,0,0,0,0,0,0,0,0,0,0,0,1,0,0,0,0,0,0,0
2020,서울특별시 영등포구13,서울특별시 영등포구 문래동3가(청과시장입구교차로 부근),2020-08-12 14:00:00,2,0,19.0,2,1,56.0,4,0,0,4,0,0,0,0,0,0,0,0,0,0,1,0,0,0,0,0,0,0,0,1,0,0,0,0,0,0,0,0,0,0,0,0,0,0,0,0,0,0,1,0,0,0,0,0,0,0,0,0,0,0,0,0,0,0,0,1,0,0,0,0,0,0,0
2020,서울특별시 영등포구13,서울특별시 영등포구 문래동3가(청과시장입구교차로 부근),2020-10-31 09:00:00,0,1,38.0,4,1,76.0,0,0,0,4,0,0,0,0,0,0,1,0,0,0,0,0,0,0,0,0,0,0,0,0,0,0,0,0,1,0,0,0,0,0,0,0,0,0,0,1,0,0,0,0,0,0,0,0,0,0,0,0,0,0,1,0,0,0,0,0,0,0,0,0,0,0,0
2020,서울특별시 영등포구13,서울특별시 영등포구 문래동3가(청과시장입구교차로 부근),2020-11-30 09:00:00,0,1,24.0,0,0,63.0,4,0,0,4,0,0,0,0,0,0,0,0,0,0,1,0,0,0,0,0,0,0,0,1,0,0,0,0,0,0,0,0,0,0,0,0,0,0,0,1,0,0,0,0,0,0,0,0,0,0,0,0,0,0,0,0,0,0,0,1,0,0,0,0,0,0,0
2020,서울특별시 영등포구14,서울특별시 영등포구 양평동2가(문래신동아아파트앞교차로 부근),2020-07-21 23:00:00,0,1,15.0,0,0,37.0,4,0,0,4,0,0,0,0,0,0,0,0,0,0,1,0,0,0,0,0,0,0,0,1,0,0,0,0,0,0,0,0,0,0,0,0,0,0,0,1,0,0,0,0,0,0,0,0,0,0,0,0,0,1,0,0,0,0,0,0,0,0,0,0,0,0,0
2020,서울특별시 영등포구14,서울특별시 영등포구 양평동2가(문래신동아아파트앞교차로 부근),2020-07-25 22:00:00,0,0,28.0,4,1,62.0,0,0,0,4,0,0,0,0,0,0,0,0,0,0,1,0,0,0,0,0,1,0,0,0,0,0,0,0,0,0,0,0,0,0,1,0,0,0,0,0,0,0,0,0,0,0,0,0,0,0,1,0,0,0,0,0,0,0,0,0,0,0,0,0,0,0,0
2020,서울특별시 영등포구14,서울특별시 영등포구 양평동2가(문래신동아아파트앞교차로 부근),2020-08-14 16:00:00,2,1,18.0,2,1,57.0,4,0,0,4,0,0,0,0,0,0,0,0,0,0,1,0,0,0,0,0,0,0,0,0,0,0,0,0,0,0,1,0,0,0,0,0,0,0,0,0,0,0,1,0,0,0,0,0,0,0,0,0,0,1,0,0,0,0,0,0,0,0,0,0,0,0,0
2020,서울특별시 영등포구14,서울특별시 영등포구 양평동2가(문래신동아아파트앞교차로 부근),2020-09-24 08:00:00,2,1,42.0,2,0,34.0,4,0,0,4,0,0,0,0,0,0,0,0,0,0,1,0,0,0,0,0,0,0,0,1,0,0,0,0,0,0,0,0,0,0,0,0,0,0,0,0,0,0,1,0,0,0,0,0,0,0,0,0,0,0,0,0,0,0,0,1,0,0,0,0,0,0,0
2020,서울특별시 영등포구15,서울특별시 영등포구 영등포동1가(영등포지하차도북측 부근),2020-01-16 08:00:00,1,1,64.0,4,0,52.0,1,0,1,2,0,0,0,0,0,0,1,0,0,0,0,0,0,0,0,0,0,0,0,0,0,0,0,0,1,0,0,0,0,0,0,0,0,0,0,0,0,0,1,0,0,0,0,0,0,0,0,0,0,1,0,0,0,0,0,0,0,0,0,0,0,0,0
2020,서울특별시 영등포구15,서울특별시 영등포구 영등포동1가(영등포지하차도북측 부근),2020-07-08 15:00:00,2,0,27.0,2,1,36.0,4,0,1,2,0,0,0,0,0,0,0,0,0,0,1,0,0,0,1,0,0,0,0,0,0,0,0,0,0,0,0,0,0,0,1,0,0,0,0,0,0,0,0,0,0,0,0,0,0,0,0,0,0,0,0,0,0,0,0,1,0,0,0,0,0,0,0
2020,서울특별시 영등포구15,서울특별시 영등포구 영등포동1가(영등포지하차도북측 부근),2020-08-13 10:00:00,3,1,47.0,3,1,58.0,4,0,1,2,0,0,0,0,0,0,0,0,0,0,1,0,0,0,0,0,0,0,0,0,0,0,0,0,0,0,1,0,0,0,0,0,0,0,0,0,0,0,1,0,0,0,0,0,0,0,0,0,0,1,0,0,0,0,0,0,0,0,0,0,0,0,0
2020,서울특별시 동작구1,서울특별시 동작구 본동(한강대교남측 부근),2020-03-31 13:00:00,0,1,71.0,4,1,16.0,0,0,0,13,0,0,0,0,0,0,1,0,0,0,0,0,0,0,0,0,0,0,0,0,0,0,0,0,1,0,0,0,0,0,0,0,0,0,0,0,0,0,1,0,0,0,0,0,0,0,0,0,0,0,0,0,0,0,0,1,0,0,0,0,0,0,0
2020,서울특별시 동작구1,서울특별시 동작구 본동(한강대교남측 부근),2020-04-26 16:00:00,1,2,47.74785772029103,5,1,29.0,1,0,0,13,0,0,0,0,0,0,0,0,0,0,1,0,0,0,0,0,0,0,0,0,0,0,0,0,1,0,0,0,0,0,0,0,0,0,0,0,0,0,1,0,0,0,0,0,0,0,0,0,0,0,0,1,0,0,0,0,0,0,0,0,0,0,0
2020,서울특별시 동작구1,서울특별시 동작구 본동(한강대교남측 부근),2020-05-17 08:00:00,0,1,56.0,4,1,43.0,0,0,0,13,0,0,0,0,0,0,1,0,0,0,0,0,0,0,0,0,0,0,0,0,0,0,0,0,1,0,0,0,0,0,0,0,0,0,0,0,0,0,1,0,0,0,0,0,0,0,0,0,0,0,0,0,0,0,0,1,0,0,0,0,0,0,0
2020,서울특별시 동작구1,서울특별시 동작구 본동(한강대교남측 부근),2020-05-21 09:00:00,0,0,31.0,0,2,47.23777883246322,6,0,0,13,0,0,0,0,0,0,0,0,0,0,1,0,0,0,0,0,0,0,0,0,0,1,0,0,0,0,0,0,0,0,0,0,0,0,0,0,0,0,1,0,0,0,0,0,0,0,0,0,0,0,0,0,0,0,0,0,0,1,0,0,0,0,0
2020,서울특별시 동작구1,서울특별시 동작구 본동(한강대교남측 부근),2020-05-24 17:00:00,0,1,39.0,4,0,25.0,0,0,0,13,0,0,0,0,0,0,0,0,0,0,1,0,0,0,0,0,0,0,0,0,0,0,0,0,1,0,0,0,0,0,0,0,0,0,0,0,0,0,1,0,0,0,0,0,0,0,0,0,0,0,0,0,0,0,0,1,0,0,0,0,0,0,0
2020,서울특별시 동작구1,서울특별시 동작구 본동(한강대교남측 부근),2020-05-25 10:00:00,0,1,28.0,4,0,26.0,0,0,0,13,0,0,0,0,0,0,0,0,0,0,0,0,1,0,0,0,0,0,0,0,0,0,0,0,1,0,0,0,0,0,0,0,0,0,0,0,0,0,1,0,0,0,0,0,0,0,0,0,0,0,0,0,0,0,0,1,0,0,0,0,0,0,0
2020,서울특별시 동작구1,서울특별시 동작구 본동(한강대교남측 부근),2020-05-25 22:00:00,1,1,49.0,4,1,35.0,1,0,0,13,0,0,0,0,0,0,1,0,0,0,0,0,0,0,0,0,0,0,0,0,0,0,0,0,1,0,0,0,0,0,0,0,0,0,0,0,0,0,1,0,0,0,0,0,0,0,0,0,0,0,0,0,0,0,0,1,0,0,0,0,0,0,0
2020,서울특별시 동작구1,서울특별시 동작구 본동(한강대교남측 부근),2020-06-02 02:00:00,0,1,58.0,4,0,20.0,0,0,0,13,0,0,0,0,0,0,1,0,0,0,0,0,0,0,0,0,0,0,0,0,0,0,0,0,1,0,0,0,0,0,0,0,0,0,0,0,0,0,1,0,0,0,0,0,0,0,0,0,0,0,0,1,0,0,0,0,0,0,0,0,0,0,0
2020,서울특별시 동작구1,서울특별시 동작구 본동(한강대교남측 부근),2020-07-11 07:00:00,0,0,36.0,0,1,23.0,0,0,0,13,0,0,0,0,0,0,0,0,0,0,1,0,0,0,0,0,1,0,0,0,0,0,0,0,0,0,0,0,0,0,0,0,0,0,0,0,0,0,1,0,0,0,0,0,1,0,0,0,0,0,0,0,0,0,0,0,0,0,0,0,0,0,0
2020,서울특별시 동작구1,서울특별시 동작구 본동(한강대교남측 부근),2020-07-18 05:00:00,1,1,75.0,4,1,46.0,1,0,0,13,0,0,0,0,0,0,1,0,0,0,0,0,0,0,0,0,0,0,0,0,0,0,0,0,1,0,0,0,0,0,0,0,0,0,0,1,0,0,0,0,0,0,0,0,0,0,0,0,0,0,0,0,0,0,0,1,0,0,0,0,0,0,0
2020,서울특별시 동작구1,서울특별시 동작구 본동(한강대교남측 부근),2020-09-20 19:00:00,2,0,43.0,2,0,52.0,4,0,0,13,0,0,0,0,0,0,0,0,0,0,1,0,0,0,0,0,0,0,0,0,0,0,0,0,1,0,0,0,0,0,0,0,0,0,0,0,0,0,1,0,0,0,0,0,0,0,0,0,0,1,0,0,0,0,0,0,0,0,0,0,0,0,0
2020,서울특별시 동작구1,서울특별시 동작구 본동(한강대교남측 부근),2020-09-27 12:00:00,2,1,43.0,2,1,44.0,4,0,0,13,0,0,0,0,0,0,0,0,0,0,1,0,0,0,0,0,0,0,0,0,0,0,0,0,1,0,0,0,0,0,0,0,0,0,0,0,0,0,1,0,0,0,0,0,0,0,0,0,0,0,0,0,0,0,0,1,0,0,0,0,0,0,0
2020,서울특별시 동작구2,서울특별시 동작구 흑석동(중앙대병원입구교차로 부근),2020-03-31 15:00:00,0,1,45.0,5,1,15.0,0,0,0,12,0,0,0,0,0,0,0,0,0,0,1,0,0,0,0,0,0,0,0,0,0,0,0,0,1,0,0,0,0,0,1,0,0,0,0,0,0,0,0,0,0,0,0,0,0,0,0,0,0,0,1,0,0,0,0,0,0,0,0,0,0,0,0
2020,서울특별시 동작구2,서울특별시 동작구 흑석동(중앙대병원입구교차로 부근),2020-04-05 15:00:00,0,1,21.0,0,1,50.0,4,0,0,12,0,0,0,0,0,0,0,0,0,0,1,0,0,0,0,0,0,0,0,0,0,0,0,0,1,0,0,0,0,0,0,0,0,0,0,0,0,0,1,0,0,0,0,0,0,0,0,0,0,0,1,0,0,0,0,0,0,0,0,0,0,0,0
2020,서울특별시 동작구2,서울특별시 동작구 흑석동(중앙대병원입구교차로 부근),2020-04-30 20:00:00,0,1,22.0,4,1,13.0,0,0,0,12,0,0,0,0,0,0,0,0,0,0,1,0,0,0,0,0,0,0,0,0,0,0,0,0,1,0,0,0,0,0,0,0,0,0,0,0,0,0,1,0,0,0,0,0,0,0,0,0,0,0,1,0,0,0,0,0,0,0,0,0,0,0,0
2020,서울특별시 동작구2,서울특별시 동작구 흑석동(중앙대병원입구교차로 부근),2020-05-17 15:00:00,1,1,57.0,1,0,28.0,1,0,0,12,0,0,0,0,0,0,0,0,0,0,1,0,0,0,0,0,0,0,0,0,0,0,0,0,1,0,0,0,0,0,0,0,0,0,0,0,0,0,1,0,0,0,0,0,0,0,0,0,0,0,0,1,0,0,0,0,0,0,0,0,0,0,0
2020,서울특별시 동작구2,서울특별시 동작구 흑석동(중앙대병원입구교차로 부근),2020-06-28 18:00:00,0,1,60.0,2,1,26.0,0,0,0,12,0,0,0,0,0,0,0,0,0,0,1,0,0,0,0,0,0,0,0,0,0,0,0,0,1,0,0,0,0,0,0,0,0,0,0,0,0,0,1,0,0,0,0,0,0,0,0,0,0,0,0,0,0,0,0,1,0,0,0,0,0,0,0
2020,서울특별시 동작구2,서울특별시 동작구 흑석동(중앙대병원입구교차로 부근),2020-09-20 20:00:00,0,1,38.0,2,1,42.0,2,0,0,12,0,0,0,0,0,0,0,0,0,0,1,0,0,0,0,0,0,0,0,0,0,0,0,0,1,0,0,0,0,0,0,0,0,0,0,0,0,0,1,0,0,0,0,0,0,0,0,0,0,0,0,1,0,0,0,0,0,0,0,0,0,0,0
2020,서울특별시 동작구2,서울특별시 동작구 흑석동(중앙대병원입구교차로 부근),2020-09-23 23:00:00,0,1,18.0,2,1,24.0,0,0,0,12,0,0,0,0,0,0,0,0,0,0,1,0,0,0,0,0,1,0,0,0,0,0,0,0,0,0,0,0,0,0,0,0,0,0,0,0,0,0,1,0,0,0,0,0,1,0,0,0,0,0,0,0,0,0,0,0,0,0,0,0,0,0,0
2020,서울특별시 동작구3,서울특별시 동작구 노량진동(장성교회 부근),2020-02-21 08:00:00,0,1,47.0,4,1,33.0,0,0,0,6,0,0,0,0,0,0,1,0,0,0,0,0,0,0,0,0,0,0,0,0,0,0,0,0,1,0,0,0,0,0,0,0,0,0,0,0,1,0,0,0,0,0,0,0,0,0,0,0,0,0,0,0,0,0,0,1,0,0,0,0,0,0,0
2020,서울특별시 동작구3,서울특별시 동작구 노량진동(장성교회 부근),2020-05-30 13:00:00,1,0,35.0,4,0,62.0,1,0,0,6,0,0,0,0,0,0,0,0,0,0,1,0,0,0,0,0,1,0,0,0,0,0,0,0,0,0,0,0,0,0,0,0,1,0,0,0,0,0,0,0,0,0,0,0,0,0,0,0,1,0,0,0,0,0,0,0,0,0,0,0,0,0,0
2020,서울특별시 동작구3,서울특별시 동작구 노량진동(장성교회 부근),2020-06-21 10:00:00,1,1,55.0,5,0,65.0,1,0,0,6,0,0,0,0,0,0,0,0,0,1,0,0,0,0,0,0,0,0,0,0,0,0,0,0,1,0,0,0,0,0,0,0,0,0,0,0,0,0,1,0,0,0,0,0,0,0,0,0,0,0,0,0,0,0,0,1,0,0,0,0,0,0,0
2020,서울특별시 동작구3,서울특별시 동작구 노량진동(장성교회 부근),2020-08-23 15:00:00,0,1,27.0,0,1,67.0,4,0,0,6,0,0,0,0,0,0,0,0,0,0,1,0,0,0,0,0,0,0,0,0,0,0,0,0,0,0,1,0,0,0,0,0,0,0,0,0,0,0,1,0,0,0,0,0,0,0,0,0,0,0,0,0,0,0,0,1,0,0,0,0,0,0,0
2020,서울특별시 동작구3,서울특별시 동작구 노량진동(장성교회 부근),2020-10-21 15:00:00,0,1,13.0,4,0,50.0,0,0,0,6,0,0,0,0,0,0,0,0,0,0,1,0,0,0,0,0,1,0,0,0,0,0,0,0,0,0,0,0,0,0,0,0,0,0,0,1,0,0,0,0,0,0,0,0,1,0,0,0,0,0,0,0,0,0,0,0,0,0,0,0,0,0,0
2020,서울특별시 동작구3,서울특별시 동작구 노량진동(장성교회 부근),2020-12-11 18:00:00,0,1,56.0,4,1,41.0,0,0,0,6,0,0,0,0,0,0,0,1,0,0,0,0,0,0,0,0,0,0,0,0,0,0,0,0,1,0,0,0,0,0,0,0,0,0,0,0,0,0,1,0,0,0,0,0,0,0,0,0,0,0,0,0,0,0,0,1,0,0,0,0,0,0,0
2020,서울특별시 동작구4,서울특별시 동작구 사당동(골든시네마타워 부근),2020-03-01 22:00:00,0,0,52.0,0,1,29.0,4,2,0,6,0,0,0,0,0,0,0,0,0,0,1,0,0,0,0,0,0,0,0,1,0,0,0,0,0,0,0,0,0,0,0,0,0,0,0,0,0,0,1,0,0,0,0,0,0,0,0,0,0,0,0,0,0,0,0,1,0,0,0,0,0,0,0
2020,서울특별시 동작구4,서울특별시 동작구 사당동(골든시네마타워 부근),2020-04-18 15:00:00,0,1,36.0,0,1,49.0,4,0,0,6,0,0,0,0,0,0,0,0,0,0,1,0,0,0,0,0,0,0,0,0,0,0,0,0,0,0,1,0,0,0,0,0,0,0,0,0,0,0,0,0,1,0,0,0,0,0,0,0,0,1,0,0,0,0,0,0,0,0,0,0,0,0,0
2020,서울특별시 동작구4,서울특별시 동작구 사당동(골든시네마타워 부근),2020-06-07 10:00:00,2,0,42.0,2,0,49.0,4,0,0,6,0,0,0,0,0,0,0,0,0,0,1,0,0,0,0,0,0,0,0,1,0,0,0,0,0,0,0,0,0,0,0,0,0,0,0,0,0,0,1,0,0,0,0,0,0,0,0,0,0,0,0,0,0,0,0,1,0,0,0,0,0,0,0
2020,서울특별시 동작구4,서울특별시 동작구 사당동(골든시네마타워 부근),2020-09-14 16:00:00,0,1,12.0,0,0,26.0,4,0,0,6,0,0,0,0,0,0,0,0,0,0,1,0,0,0,0,0,0,0,0,1,0,0,0,0,0,0,0,0,0,0,0,0,0,0,0,0,0,0,1,0,0,0,0,0,0,0,0,0,0,1,0,0,0,0,0,0,0,0,0,0,0,0,0
2020,서울특별시 동작구4,서울특별시 동작구 사당동(골든시네마타워 부근),2020-09-24 12:00:00,0,1,69.0,0,2,47.23777883246322,5,0,0,6,0,0,0,0,0,0,0,0,0,0,1,0,0,0,0,0,0,0,0,0,0,0,0,1,0,0,0,0,0,0,0,0,0,0,0,0,0,0,1,0,0,0,0,0,0,0,0,0,0,0,0,0,0,0,0,1,0,0,0,0,0,0,0
2020,서울특별시 동작구4,서울특별시 동작구 사당동(골든시네마타워 부근),2020-09-29 11:00:00,0,1,61.0,0,0,47.0,4,0,0,6,0,0,0,0,0,0,0,0,0,0,1,0,0,0,0,0,0,0,0,1,0,0,0,0,0,0,0,0,0,0,0,0,0,0,0,0,0,0,1,0,0,0,0,0,0,0,0,0,0,0,0,0,0,0,0,1,0,0,0,0,0,0,0
2020,서울특별시 동작구5,서울특별시 동작구 신대방동(신대방삼거리역앞교차로 부근),2020-06-05 09:00:00,2,1,70.0,2,1,33.0,4,0,0,6,0,0,0,0,0,0,0,0,0,0,1,0,0,0,0,0,0,0,0,0,1,0,0,0,0,0,0,0,0,0,0,0,0,0,0,1,0,0,0,0,0,0,0,0,0,0,0,0,0,1,0,0,0,0,0,0,0,0,0,0,0,0,0
2020,서울특별시 동작구5,서울특별시 동작구 신대방동(신대방삼거리역앞교차로 부근),2020-07-31 17:00:00,0,1,67.0,4,1,10.0,0,0,0,6,0,0,0,0,0,0,1,0,0,0,0,0,0,0,0,0,0,0,0,0,0,0,0,0,1,0,0,0,0,0,0,0,0,0,0,1,0,0,0,0,0,0,0,0,0,0,0,0,0,1,0,0,0,0,0,0,0,0,0,0,0,0,0
2020,서울특별시 동작구5,서울특별시 동작구 신대방동(신대방삼거리역앞교차로 부근),2020-09-09 00:00:00,0,1,57.0,4,1,54.0,0,0,0,6,0,0,0,0,0,0,0,0,0,1,0,0,0,0,0,0,0,0,0,0,0,0,0,0,1,0,0,0,0,0,0,0,0,0,0,1,0,0,0,0,0,0,0,0,0,0,0,0,0,1,0,0,0,0,0,0,0,0,0,0,0,0,0
2020,서울특별시 동작구5,서울특별시 동작구 신대방동(신대방삼거리역앞교차로 부근),2020-09-18 13:00:00,2,1,84.0,2,1,64.0,4,0,0,6,0,0,0,0,0,0,0,0,0,0,1,0,0,0,0,0,0,0,0,1,0,0,0,0,0,0,0,0,0,0,0,0,0,0,0,0,1,0,0,0,0,0,0,0,0,0,0,0,0,0,0,0,0,0,0,1,0,0,0,0,0,0,0
2020,서울특별시 동작구5,서울특별시 동작구 신대방동(신대방삼거리역앞교차로 부근),2020-09-22 12:00:00,0,1,42.0,4,1,47.0,0,0,0,6,0,0,0,0,0,0,0,0,0,1,0,0,0,0,0,0,0,0,0,0,0,0,0,0,1,0,0,0,0,0,0,0,0,0,0,0,0,0,1,0,0,0,0,0,0,0,0,0,0,0,0,0,0,0,0,1,0,0,0,0,0,0,0
2020,서울특별시 동작구5,서울특별시 동작구 신대방동(신대방삼거리역앞교차로 부근),2020-10-12 11:00:00,2,1,62.0,4,0,81.0,2,0,0,6,0,0,0,0,0,0,0,0,0,0,1,0,0,0,0,0,1,0,0,0,0,0,0,0,0,0,0,0,0,0,0,0,1,0,0,0,0,0,0,0,0,0,0,0,0,0,1,0,0,0,0,0,0,0,0,0,0,0,0,0,0,0,0
2020,서울특별시 동작구6,서울특별시 동작구 신대방동(대림사거리 부근),2020-02-28 20:00:00,1,1,66.0,4,0,57.0,1,1,0,5,0,0,0,0,0,0,1,0,0,0,0,0,0,0,0,0,0,0,0,0,0,0,0,0,1,0,0,0,0,0,0,0,0,0,0,0,1,0,0,0,0,0,0,0,0,0,0,0,0,0,0,0,0,0,0,1,0,0,0,0,0,0,0
2020,서울특별시 동작구6,서울특별시 동작구 신대방동(대림사거리 부근),2020-03-21 14:00:00,1,0,24.0,4,1,55.0,1,0,0,5,0,0,0,0,0,0,1,0,0,0,0,0,0,0,0,0,0,0,0,0,0,0,0,0,1,0,0,0,0,0,0,0,0,0,0,1,0,0,0,0,0,0,0,0,0,0,0,0,0,0,0,0,0,0,0,1,0,0,0,0,0,0,0
2020,서울특별시 동작구6,서울특별시 동작구 신대방동(대림사거리 부근),2020-10-06 15:00:00,0,1,54.0,0,1,61.0,4,0,0,5,0,0,0,0,0,0,0,0,0,0,1,0,0,0,0,0,0,0,0,1,0,0,0,0,0,0,0,0,0,0,0,0,0,0,0,0,0,0,0,0,1,0,0,0,0,0,0,0,0,0,0,0,0,0,0,1,0,0,0,0,0,0,0
2020,서울특별시 동작구6,서울특별시 동작구 신대방동(대림사거리 부근),2020-10-28 14:00:00,1,1,42.0,4,0,67.0,1,0,0,5,0,0,0,0,0,0,1,0,0,0,0,0,0,0,0,0,0,0,0,0,0,0,0,0,1,0,0,0,0,0,0,0,0,0,0,0,0,0,1,0,0,0,0,0,0,0,0,0,0,0,0,0,0,0,0,1,0,0,0,0,0,0,0
2020,서울특별시 관악구1,서울특별시 관악구 신림동(신사동주민센터입구교차로 부근),2020-06-16 09:00:00,0,0,49.0,0,1,61.0,4,0,1,4,0,0,0,0,0,0,0,0,0,0,1,0,0,0,0,0,0,0,0,1,0,0,0,0,0,0,0,0,0,0,0,0,0,0,0,1,0,0,0,0,0,0,0,0,0,0,0,0,0,0,1,0,0,0,0,0,0,0,0,0,0,0,0
2020,서울특별시 관악구1,서울특별시 관악구 신림동(신사동주민센터입구교차로 부근),2020-06-17 18:00:00,0,0,50.0,4,0,27.0,0,0,1,4,0,0,0,0,0,0,1,0,0,0,0,0,0,0,0,0,0,0,0,0,0,0,0,0,1,0,0,0,0,0,0,0,0,0,0,0,0,0,1,0,0,0,0,0,0,0,0,0,0,1,0,0,0,0,0,0,0,0,0,0,0,0,0