사고년도,다발시군구,지점명,사고일시,사고등급,가해자성별,가해자연령,가해자신체상해정도,피해자성별,피해자연령,피해자신체상해정도,기상상태,사망자수,부상자수,가해차종_개인형이동수단(PM),가해차종_건설기계,가해차종_기타,가해차종_농기계,가해차종_불명,가해차종_사륜오토바이(ATV),가해차종_승용차,가해차종_승합차,가해차종_원동기장치자전거,가해차종_이륜차,가해차종_자전거,가해차종_특수차,가해차종_화물차,피해차종_개인형이동수단(PM),피해차종_건설기계,피해차종_기타,피해차종_보행자,피해차종_불명,피해차종_사륜오토바이(ATV),피해차종_승용차,피해차종_승합차,피해차종_없음,피해차종_원동기장치자전거,피해차종_이륜차,피해차종_자전거,피해차종_특수차,피해차종_화물차,가해자법규위반_과속,가해자법규위반_교차로 통행방법 위반,가해자법규위반_교차로운행방법위반,가해자법규위반_기타,가해자법규위반_미분류,가해자법규위반_보행자 보호의무 위반,가해자법규위반_보행자보호의무위반,가해자법규위반_불법유턴,가해자법규위반_신호위반,가해자법규위반_안전거리 미확보,가해자법규위반_안전거리미확보,가해자법규위반_안전운전 의무 불이행,가해자법규위반_안전운전불이행,가해자법규위반_중앙선 침범,가해자법규위반_중앙선침범,가해자법규위반_직진우회전진행방해,가해자법규위반_차로위반,사고유형_차대사람 - 기타,사고유형_차대사람 - 길가장자리구역통행중,사고유형_차대사람 - 보도통행중,사고유형_차대사람 - 차도통행중,사고유형_차대사람 - 횡단중,사고유형_차대차 - 기타,사고유형_차대차 - 정면충돌,사고유형_차대차 - 추돌,사고유형_차대차 - 추돌 - 주정차중,사고유형_차대차 - 추돌 - 진행중,사고유형_차대차 - 측면직각충돌,사고유형_차대차 - 측면충돌,사고유형_차대차 - 후진중충돌,사고유형_차량단독 - 공작물충돌,사고유형_차량단독 - 기타,사고유형_차량단독 - 도로외이탈 - 추락,사고유형_차량단독 - 전도,사고유형_차량단독 - 전도전복,사고유형_차량단독 - 전도전복 - 전도
2020,경기도 광명시2,경기도 광명시 광명동(구로구광명시 부근),2020-10-26 10:00:00,2,1,68.0,2,1,66.0,4,0,0,5,0,0,0,0,0,0,0,0,0,0,1,0,0,0,0,0,0,0,0,1,0,0,0,0,0,0,0,0,0,0,0,0,0,0,0,0,0,0,1,0,0,0,0,0,0,0,0,0,0,0,0,0,0,0,0,1,0,0,0,0,0,0,0
2020,경기도 광명시3,경기도 광명시 광명동(더착한커피광명점 부근),2020-01-16 09:00:00,0,1,57.0,0,1,45.0,4,0,0,4,0,0,0,0,0,0,0,0,0,0,1,0,0,0,0,0,0,0,0,0,0,0,0,0,0,0,1,0,0,0,0,0,0,0,0,1,0,0,0,0,0,0,0,0,0,0,0,0,0,0,0,0,0,0,0,1,0,0,0,0,0,0,0
2020,경기도 광명시3,경기도 광명시 광명동(더착한커피광명점 부근),2020-05-27 07:00:00,0,1,59.0,0,1,64.0,4,0,0,4,0,0,0,0,0,0,0,0,0,0,1,0,0,0,0,0,0,0,0,0,1,0,0,0,0,0,0,0,0,0,0,0,0,0,0,0,0,0,0,0,1,0,0,0,0,0,0,0,0,0,0,0,0,0,0,1,0,0,0,0,0,0,0
2020,경기도 광명시3,경기도 광명시 광명동(더착한커피광명점 부근),2020-10-05 10:00:00,0,1,84.0,0,1,58.0,4,0,0,4,0,0,0,0,0,0,0,0,0,0,1,0,0,0,0,0,0,0,0,0,0,0,0,0,0,0,1,0,0,0,0,0,0,0,0,1,0,0,0,0,0,0,0,0,0,0,0,0,0,0,0,0,0,0,0,1,0,0,0,0,0,0,0
2020,경기도 광명시3,경기도 광명시 광명동(더착한커피광명점 부근),2020-11-29 15:00:00,0,1,38.0,4,1,45.0,0,0,0,4,0,0,0,0,0,0,1,0,0,0,0,0,0,0,0,0,0,0,0,0,0,0,0,0,1,0,0,0,1,0,0,0,0,0,0,0,0,0,0,0,0,0,0,0,0,0,0,0,0,0,0,0,0,0,0,1,0,0,0,0,0,0,0
2020,경기도 평택시1,경기도 평택시 세교동(통복사거리 부근),2020-07-05 08:00:00,1,1,47.0,4,1,81.0,1,0,0,4,0,0,0,0,0,0,1,0,0,0,0,0,0,0,0,0,0,0,0,0,0,0,0,0,1,0,0,0,0,0,0,0,0,0,0,0,0,0,1,0,0,0,0,0,0,0,0,0,0,1,0,0,0,0,0,0,0,0,0,0,0,0,0
2020,경기도 평택시1,경기도 평택시 세교동(통복사거리 부근),2020-09-25 06:00:00,1,1,27.0,1,1,59.0,4,0,0,4,0,0,0,0,0,0,0,0,0,0,1,0,0,0,0,0,0,0,0,0,0,0,0,0,0,0,1,0,0,0,0,0,0,0,0,1,0,0,0,0,0,0,0,0,0,0,0,0,0,0,0,0,0,0,0,1,0,0,0,0,0,0,0
2020,경기도 평택시1,경기도 평택시 세교동(통복사거리 부근),2020-10-24 17:00:00,1,1,14.0,4,0,60.0,1,0,0,4,0,0,0,0,0,0,0,0,0,0,1,0,0,0,0,0,1,0,0,0,0,0,0,0,0,0,0,0,0,0,0,0,0,0,0,0,0,0,1,0,0,0,0,0,1,0,0,0,0,0,0,0,0,0,0,0,0,0,0,0,0,0,0
2020,경기도 평택시1,경기도 평택시 세교동(통복사거리 부근),2020-11-11 09:00:00,2,1,28.0,2,1,29.0,4,0,0,4,0,0,0,0,0,0,0,0,0,0,1,0,0,0,0,0,0,0,0,0,0,0,0,0,0,0,1,0,1,0,0,0,0,0,0,0,0,0,0,0,0,0,0,0,0,0,0,0,0,1,0,0,0,0,0,0,0,0,0,0,0,0,0
2020,경기도 평택시2,경기도 평택시 용이동(용이동705 부근),2020-06-29 15:00:00,1,0,41.0,4,1,10.0,1,0,0,5,0,0,0,0,0,0,1,0,0,0,0,0,0,0,0,0,0,0,0,0,0,0,0,0,1,0,0,0,0,0,0,0,0,0,0,1,0,0,0,0,0,0,0,0,0,0,0,0,0,0,0,0,0,0,0,1,0,0,0,0,0,0,0
2020,경기도 평택시2,경기도 평택시 용이동(용이동705 부근),2020-07-18 15:00:00,0,1,17.0,0,1,47.0,4,0,0,5,0,0,0,0,0,0,0,0,0,0,1,0,0,0,0,0,0,0,0,1,0,0,0,0,0,0,0,0,0,0,0,0,0,0,0,0,0,0,0,0,1,0,0,0,0,0,0,0,0,0,1,0,0,0,0,0,0,0,0,0,0,0,0
2020,경기도 평택시2,경기도 평택시 용이동(용이동705 부근),2020-11-16 11:00:00,0,0,67.0,2,1,50.0,0,0,0,5,0,0,0,0,0,0,0,0,0,0,1,0,0,0,0,0,0,0,0,0,0,0,0,0,1,0,0,0,0,0,0,0,0,0,0,0,0,0,1,0,0,0,0,0,0,0,0,0,0,0,1,0,0,0,0,0,0,0,0,0,0,0,0
2020,경기도 평택시2,경기도 평택시 용이동(용이동705 부근),2020-11-29 18:00:00,0,1,25.0,4,1,12.0,0,1,0,5,0,0,0,0,0,0,0,0,0,1,0,0,0,0,0,0,0,0,0,0,0,0,0,0,1,0,0,0,0,0,1,0,0,0,0,0,0,0,0,0,0,0,0,0,0,0,0,0,0,1,0,0,0,0,0,0,0,0,0,0,0,0,0
2020,경기도 동두천시1,경기도 동두천시 지행동(크라운732입구 부근),2020-02-29 12:00:00,1,1,48.0,4,1,78.0,1,0,0,7,0,0,0,0,0,0,1,0,0,0,0,0,0,0,0,0,0,0,0,0,0,0,0,0,1,0,0,0,0,0,0,0,0,0,0,1,0,0,0,0,0,0,0,0,0,0,0,0,0,0,0,0,0,0,0,1,0,0,0,0,0,0,0
2020,경기도 동두천시1,경기도 동두천시 지행동(크라운732입구 부근),2020-04-09 17:00:00,0,0,62.0,4,1,12.0,0,0,0,7,0,0,0,0,0,0,1,0,0,0,0,0,0,0,0,0,0,0,0,0,0,0,0,0,1,0,0,0,0,0,0,0,0,0,0,0,0,0,1,0,0,0,0,0,0,0,0,0,0,0,0,0,0,0,0,1,0,0,0,0,0,0,0
2020,경기도 동두천시1,경기도 동두천시 지행동(크라운732입구 부근),2020-05-22 17:00:00,0,1,60.0,4,1,11.0,0,0,0,7,0,0,0,0,0,0,1,0,0,0,0,0,0,0,0,0,0,0,0,0,0,0,0,0,1,0,0,0,0,0,0,0,0,0,0,0,0,0,1,0,0,0,0,0,0,0,0,0,0,0,0,0,0,0,0,1,0,0,0,0,0,0,0
2020,경기도 동두천시1,경기도 동두천시 지행동(크라운732입구 부근),2020-06-15 10:00:00,1,1,64.0,4,1,86.0,1,0,0,7,0,0,0,0,0,0,1,0,0,0,0,0,0,0,0,0,0,0,0,0,0,0,0,0,1,0,0,0,0,0,0,0,0,0,0,0,0,0,1,0,0,0,0,0,0,0,0,0,0,1,0,0,0,0,0,0,0,0,0,0,0,0,0
2020,경기도 동두천시1,경기도 동두천시 지행동(크라운732입구 부근),2020-07-12 14:00:00,2,1,60.0,4,1,44.0,2,0,0,7,0,0,0,0,0,0,0,0,0,0,0,0,1,0,0,0,0,0,0,0,0,0,0,0,1,0,0,0,0,0,0,0,0,0,0,0,0,0,1,0,0,0,0,0,0,0,0,0,0,1,0,0,0,0,0,0,0,0,0,0,0,0,0
2020,경기도 동두천시1,경기도 동두천시 지행동(크라운732입구 부근),2020-09-09 14:00:00,1,0,40.0,4,1,76.0,1,1,0,7,0,0,0,0,0,0,1,0,0,0,0,0,0,0,0,0,0,0,0,0,0,0,0,0,1,0,0,0,0,0,0,0,0,0,0,0,0,0,1,0,0,0,0,0,0,0,0,0,0,0,0,0,0,0,0,1,0,0,0,0,0,0,0
2020,경기도 동두천시1,경기도 동두천시 지행동(크라운732입구 부근),2020-09-10 15:00:00,1,1,59.0,1,0,25.0,4,0,0,7,0,0,0,0,0,0,0,0,0,0,1,0,0,0,0,0,1,0,0,0,0,0,0,0,0,0,0,0,0,0,0,0,1,0,0,0,0,0,0,0,0,0,0,0,0,0,0,0,1,0,0,0,0,0,0,0,0,0,0,0,0,0,0
2020,경기도 안산시 상록구1,경기도 안산시 상록구 이동(RICHSMOOTHIE 부근),2020-02-04 01:00:00,0,1,54.0,4,1,19.0,0,0,0,9,0,0,0,0,0,0,1,0,0,0,0,0,0,0,0,0,0,0,0,0,0,0,0,0,1,0,0,0,0,0,0,0,0,0,0,1,0,0,0,0,0,0,0,0,0,0,0,0,0,0,0,0,0,0,0,1,0,0,0,0,0,0,0
2020,경기도 안산시 상록구1,경기도 안산시 상록구 이동(RICHSMOOTHIE 부근),2020-02-11 18:00:00,0,1,27.0,4,1,52.0,0,0,0,9,0,0,0,0,0,0,1,0,0,0,0,0,0,0,0,0,0,0,0,0,0,0,0,0,1,0,0,0,0,0,0,0,0,0,0,1,0,0,0,0,0,0,0,0,0,0,0,0,0,0,0,0,0,0,0,1,0,0,0,0,0,0,0
2020,경기도 안산시 상록구1,경기도 안산시 상록구 이동(RICHSMOOTHIE 부근),2020-04-12 15:00:00,0,1,41.0,4,0,31.0,0,0,0,9,0,0,0,0,0,0,0,0,0,1,0,0,0,0,0,0,0,0,0,0,0,0,0,0,1,0,0,0,0,0,0,0,0,0,0,1,0,0,0,0,0,0,0,0,0,0,0,0,0,0,0,0,0,0,0,1,0,0,0,0,0,0,0
2020,경기도 안산시 상록구1,경기도 안산시 상록구 이동(RICHSMOOTHIE 부근),2020-07-11 17:00:00,1,0,54.0,4,0,26.0,1,0,0,9,0,0,0,0,0,0,1,0,0,0,0,0,0,0,0,0,0,0,0,0,0,0,0,0,1,0,0,0,0,0,0,0,0,0,0,0,0,0,1,0,0,0,0,0,0,0,0,0,0,0,0,0,0,0,0,1,0,0,0,0,0,0,0
2020,경기도 안산시 상록구1,경기도 안산시 상록구 이동(RICHSMOOTHIE 부근),2020-07-16 14:00:00,1,1,78.0,4,0,64.0,1,0,0,9,0,0,0,0,0,0,0,0,0,0,0,0,1,0,0,0,0,0,0,0,0,0,0,0,1,0,0,0,1,0,0,0,0,0,0,0,0,0,0,0,0,0,0,0,0,0,0,0,0,1,0,0,0,0,0,0,0,0,0,0,0,0,0
2020,경기도 안산시 상록구1,경기도 안산시 상록구 이동(RICHSMOOTHIE 부근),2020-07-22 13:00:00,0,0,63.0,4,1,70.0,0,0,0,9,0,0,0,0,0,0,0,0,0,0,1,0,0,0,0,0,1,0,0,0,0,0,0,0,0,0,0,0,0,0,0,0,0,0,0,0,0,0,1,0,0,0,0,0,0,0,1,0,0,0,0,0,0,0,0,0,0,0,0,0,0,0,0
2020,경기도 안산시 상록구1,경기도 안산시 상록구 이동(RICHSMOOTHIE 부근),2020-11-29 14:00:00,0,1,28.0,4,1,65.0,4,2,0,9,0,0,0,0,0,0,0,0,0,0,1,0,0,0,0,0,0,0,0,1,0,0,0,0,0,0,0,0,0,0,0,0,0,0,0,0,0,0,1,0,0,0,0,0,0,0,0,0,0,1,0,0,0,0,0,0,0,0,0,0,0,0,0
2020,경기도 안산시 상록구2,경기도 안산시 상록구 이동(안산교 부근),2020-04-03 02:00:00,0,1,23.0,4,1,27.0,0,0,0,6,0,0,0,0,0,0,1,0,0,0,0,0,0,0,0,0,0,0,0,0,0,0,0,0,1,0,0,0,0,0,0,0,0,0,0,1,0,0,0,0,0,0,0,0,0,0,0,0,0,1,0,0,0,0,0,0,0,0,0,0,0,0,0
2020,경기도 안산시 상록구2,경기도 안산시 상록구 이동(안산교 부근),2020-05-05 18:00:00,1,1,10.0,5,1,47.0,1,0,0,6,0,0,0,0,0,0,0,0,0,0,1,0,0,0,0,0,0,0,0,0,0,0,0,0,1,0,0,0,0,0,0,0,0,0,0,0,0,0,1,0,0,0,0,0,0,0,0,0,0,1,0,0,0,0,0,0,0,0,0,0,0,0,0
2020,경기도 안산시 상록구2,경기도 안산시 상록구 이동(안산교 부근),2020-07-03 15:00:00,1,1,67.0,4,1,62.0,1,0,0,6,0,0,0,0,0,0,1,0,0,0,0,0,0,0,0,0,0,0,0,0,0,0,0,0,1,0,0,0,0,0,0,0,0,0,0,0,0,0,1,0,0,0,0,0,0,0,0,0,0,1,0,0,0,0,0,0,0,0,0,0,0,0,0
2020,경기도 안산시 상록구2,경기도 안산시 상록구 이동(안산교 부근),2020-09-25 06:00:00,0,2,47.74785772029103,5,1,44.0,0,0,0,6,0,0,0,0,1,0,0,0,0,0,0,0,0,0,0,0,0,0,0,0,0,0,0,0,1,0,0,0,0,0,1,0,0,0,0,0,0,0,0,0,0,0,0,0,0,0,0,0,0,0,0,0,0,0,0,1,0,0,0,0,0,0,0
2020,경기도 안산시 상록구2,경기도 안산시 상록구 이동(안산교 부근),2020-10-28 08:00:00,0,1,25.0,4,0,27.0,0,0,0,6,0,0,0,0,0,0,1,0,0,0,0,0,0,0,0,0,0,0,0,0,0,0,0,0,1,0,0,0,0,0,0,0,0,0,0,0,0,0,1,0,0,0,0,0,0,0,0,0,0,0,0,0,0,0,0,1,0,0,0,0,0,0,0
2020,경기도 안산시 상록구2,경기도 안산시 상록구 이동(안산교 부근),2020-11-06 18:00:00,0,1,48.0,4,0,38.0,0,0,0,6,0,0,0,0,0,0,0,0,0,0,1,0,0,0,0,0,1,0,0,0,0,0,0,0,0,0,0,0,0,0,0,0,0,0,0,0,0,0,1,0,0,0,0,0,1,0,0,0,0,0,0,0,0,0,0,0,0,0,0,0,0,0,0
2020,경기도 안산시 상록구3,경기도 안산시 상록구 본오동(본오지하차도 부근),2020-01-02 17:00:00,0,0,58.0,4,1,26.0,0,0,0,5,0,0,0,0,0,0,1,0,0,0,0,0,0,0,0,0,0,0,0,0,0,0,0,0,1,0,0,0,0,0,0,0,0,0,0,1,0,0,0,0,0,0,0,0,0,0,0,0,0,0,0,0,0,0,0,1,0,0,0,0,0,0,0
2020,경기도 안산시 상록구3,경기도 안산시 상록구 본오동(본오지하차도 부근),2020-08-31 18:00:00,0,1,64.0,4,0,30.0,0,0,0,5,0,0,0,0,0,0,1,0,0,0,0,0,0,0,0,0,0,0,0,0,0,0,0,0,1,0,0,0,0,0,0,0,0,0,0,0,0,0,1,0,0,0,0,0,0,0,0,0,0,1,0,0,0,0,0,0,0,0,0,0,0,0,0
2020,경기도 안산시 상록구3,경기도 안산시 상록구 본오동(본오지하차도 부근),2020-10-23 07:00:00,0,0,48.0,4,1,17.0,0,0,0,5,0,0,0,0,0,0,1,0,0,0,0,0,0,0,0,0,0,0,0,0,0,0,0,0,1,0,0,0,0,0,0,0,0,0,0,0,0,0,1,0,0,0,0,0,0,0,0,0,0,1,0,0,0,0,0,0,0,0,0,0,0,0,0
2020,경기도 안산시 상록구3,경기도 안산시 상록구 본오동(본오지하차도 부근),2020-10-27 09:00:00,0,1,45.0,4,0,56.0,0,0,0,5,0,0,0,0,0,0,0,0,0,0,0,0,1,0,0,0,0,0,0,0,0,0,0,0,1,0,0,0,0,0,0,0,0,0,0,0,0,0,1,0,0,0,0,0,0,0,0,0,0,1,0,0,0,0,0,0,0,0,0,0,0,0,0
2020,경기도 안산시 상록구3,경기도 안산시 상록구 본오동(본오지하차도 부근),2020-10-27 17:00:00,0,1,62.0,4,1,44.0,0,0,0,5,0,0,0,0,0,0,0,0,0,0,0,0,1,0,0,0,0,0,0,0,0,0,0,0,1,0,0,0,0,0,0,0,0,0,0,0,0,0,1,0,0,0,0,0,0,0,0,0,0,1,0,0,0,0,0,0,0,0,0,0,0,0,0
2020,경기도 안산시 상록구4,경기도 안산시 상록구 사동(사리사거리 부근),2020-03-28 23:00:00,3,1,52.0,3,1,58.0,4,0,1,2,0,0,0,0,0,0,0,0,0,0,1,0,0,0,0,0,0,0,0,0,0,0,0,0,0,0,1,0,0,0,1,0,0,0,0,0,0,0,0,0,0,0,0,0,0,0,0,0,0,1,0,0,0,0,0,0,0,0,0,0,0,0,0
2020,경기도 안산시 상록구4,경기도 안산시 상록구 사동(사리사거리 부근),2020-09-18 13:00:00,0,0,61.0,4,1,25.0,0,0,1,2,0,0,0,0,0,0,1,0,0,0,0,0,0,0,0,0,0,0,0,0,0,0,0,0,1,0,0,0,0,0,0,0,0,0,0,1,0,0,0,0,0,0,0,0,0,0,0,0,0,1,0,0,0,0,0,0,0,0,0,0,0,0,0
2020,경기도 안산시 상록구4,경기도 안산시 상록구 사동(사리사거리 부근),2020-09-29 09:00:00,1,1,28.0,1,1,31.0,4,0,1,2,0,0,0,0,0,0,0,0,0,0,1,0,0,0,0,0,0,0,0,1,0,0,0,0,0,0,0,0,0,0,0,0,0,0,0,0,0,0,1,0,0,0,0,0,0,0,0,0,0,1,0,0,0,0,0,0,0,0,0,0,0,0,0
2020,경기도 안산시 단원구1,경기도 안산시 단원구 초지동(화정교 부근),2020-02-09 21:00:00,0,1,21.0,4,1,28.0,0,0,0,6,0,0,0,0,0,0,1,0,0,0,0,0,0,0,0,0,0,0,0,0,0,0,0,0,1,0,0,0,0,0,0,0,0,0,0,0,0,0,1,0,0,0,0,0,0,0,0,0,0,0,0,0,0,0,0,1,0,0,0,0,0,0,0
2020,경기도 안산시 단원구1,경기도 안산시 단원구 초지동(화정교 부근),2020-06-28 12:00:00,0,0,48.0,4,0,23.0,0,0,0,6,0,0,0,0,0,0,1,0,0,0,0,0,0,0,0,0,0,0,0,0,0,0,0,0,1,0,0,0,0,0,0,0,0,0,0,1,0,0,0,0,0,0,0,0,0,0,0,0,0,0,1,0,0,0,0,0,0,0,0,0,0,0,0
2020,경기도 안산시 단원구1,경기도 안산시 단원구 초지동(화정교 부근),2020-08-06 22:00:00,0,1,19.0,4,1,60.0,0,0,0,6,0,0,0,0,0,0,0,0,0,0,1,0,0,0,0,0,1,0,0,0,0,0,0,0,0,0,0,0,0,0,0,0,0,0,0,0,0,0,1,0,0,0,0,0,1,0,0,0,0,0,0,0,0,0,0,0,0,0,0,0,0,0,0
2020,경기도 안산시 단원구1,경기도 안산시 단원구 초지동(화정교 부근),2020-10-16 13:00:00,0,1,63.0,4,1,62.0,0,0,0,6,0,0,0,0,0,0,0,0,0,0,0,0,1,0,0,0,0,0,0,0,0,0,0,0,1,0,0,0,0,0,0,0,0,0,0,0,0,0,1,0,0,0,0,0,0,0,0,0,0,0,0,0,0,0,0,1,0,0,0,0,0,0,0
2020,경기도 안산시 단원구1,경기도 안산시 단원구 초지동(화정교 부근),2020-11-02 09:00:00,1,1,26.0,1,0,35.0,4,0,0,6,0,0,0,0,0,0,0,0,0,0,1,0,0,0,0,0,0,0,0,1,0,0,0,0,0,0,0,0,0,0,0,0,0,0,0,0,0,0,1,0,0,0,0,0,0,0,0,0,0,1,0,0,0,0,0,0,0,0,0,0,0,0,0
2020,경기도 안산시 단원구1,경기도 안산시 단원구 초지동(화정교 부근),2020-12-02 08:00:00,0,1,36.0,4,0,22.0,0,0,0,6,0,0,0,0,0,0,1,0,0,0,0,0,0,0,0,0,0,0,0,0,0,0,0,0,1,0,0,0,0,0,0,0,0,0,0,1,0,0,0,0,0,0,0,0,0,0,0,0,0,0,0,0,0,0,0,1,0,0,0,0,0,0,0
2020,경기도 안산시 단원구2,경기도 안산시 단원구 선부동(주커피안산세이브시티점 부근),2020-01-23 10:00:00,0,1,39.0,0,0,55.0,4,0,0,5,0,0,0,0,0,0,0,0,0,0,1,0,0,0,0,0,0,0,0,1,0,0,0,0,0,0,0,0,0,0,0,0,0,0,0,0,0,0,1,0,0,0,0,0,0,0,0,0,0,1,0,0,0,0,0,0,0,0,0,0,0,0,0
2020,경기도 안산시 단원구2,경기도 안산시 단원구 선부동(주커피안산세이브시티점 부근),2020-02-06 14:00:00,1,0,65.0,4,1,73.0,1,0,0,5,0,0,0,0,0,0,1,0,0,0,0,0,0,0,0,0,0,0,0,0,0,0,0,0,1,0,0,0,0,0,1,0,0,0,0,0,0,0,0,0,0,0,0,0,0,0,0,0,0,1,0,0,0,0,0,0,0,0,0,0,0,0,0
2020,경기도 안산시 단원구2,경기도 안산시 단원구 선부동(주커피안산세이브시티점 부근),2020-03-02 09:00:00,1,1,84.0,1,0,45.0,4,0,0,5,0,0,0,0,0,0,0,0,0,0,1,0,0,0,0,0,0,0,0,1,0,0,0,0,0,0,0,0,0,0,0,0,0,0,0,0,0,0,1,0,0,0,0,0,0,0,0,0,0,0,0,0,0,0,0,1,0,0,0,0,0,0,0
2020,경기도 안산시 단원구2,경기도 안산시 단원구 선부동(주커피안산세이브시티점 부근),2020-03-16 11:00:00,0,1,75.0,0,1,50.0,4,0,0,5,0,0,0,0,0,0,0,0,0,0,1,0,0,0,0,0,0,0,0,0,0,0,0,0,0,0,1,0,0,0,0,0,0,0,0,0,0,0,1,0,0,0,0,0,0,0,0,0,0,1,0,0,0,0,0,0,0,0,0,0,0,0,0
2020,경기도 안산시 단원구2,경기도 안산시 단원구 선부동(주커피안산세이브시티점 부근),2020-05-25 17:00:00,2,0,56.0,2,1,25.0,4,0,0,5,0,0,0,0,0,0,0,0,0,0,1,0,0,0,0,0,0,0,0,1,0,0,0,0,0,0,0,0,0,0,0,0,0,0,0,0,0,0,1,0,0,0,0,0,0,0,0,0,0,0,1,0,0,0,0,0,0,0,0,0,0,0,0
2020,경기도 안산시 단원구3,경기도 안산시 단원구 고잔동(호수공원사거리 부근),2020-02-11 22:00:00,0,1,38.0,4,1,15.0,0,0,0,5,0,0,0,0,0,0,1,0,0,0,0,0,0,0,0,0,0,0,0,0,0,0,0,0,1,0,0,0,0,0,0,0,0,0,0,1,0,0,0,0,0,0,0,0,0,0,0,0,0,1,0,0,0,0,0,0,0,0,0,0,0,0,0
2020,경기도 안산시 단원구3,경기도 안산시 단원구 고잔동(호수공원사거리 부근),2020-02-23 18:00:00,0,1,14.0,0,1,28.0,4,0,0,5,0,0,0,0,0,0,0,0,0,0,1,0,0,0,0,0,0,0,0,1,0,0,0,0,0,0,0,0,0,0,1,0,0,0,0,0,0,0,0,0,0,0,0,0,0,0,0,0,0,1,0,0,0,0,0,0,0,0,0,0,0,0,0
2020,경기도 안산시 단원구3,경기도 안산시 단원구 고잔동(호수공원사거리 부근),2020-08-24 19:00:00,1,1,12.0,1,0,61.0,4,0,0,5,0,0,0,0,0,0,0,0,0,0,1,0,0,0,0,0,0,0,0,1,0,0,0,0,0,0,0,0,0,0,0,0,0,0,0,1,0,0,0,0,0,0,0,0,0,0,0,0,0,1,0,0,0,0,0,0,0,0,0,0,0,0,0
2020,경기도 안산시 단원구3,경기도 안산시 단원구 고잔동(호수공원사거리 부근),2020-11-13 07:00:00,1,1,59.0,4,1,61.0,1,0,0,5,0,0,0,0,0,0,0,0,0,0,1,0,0,0,0,0,0,0,0,0,0,0,0,0,1,0,0,0,0,0,0,0,0,0,0,0,0,0,1,0,0,0,0,0,0,0,0,0,0,0,0,0,0,0,0,1,0,0,0,0,0,0,0
2020,경기도 안산시 단원구3,경기도 안산시 단원구 고잔동(호수공원사거리 부근),2020-11-19 16:00:00,2,1,35.0,4,1,12.0,2,0,0,5,0,0,0,0,0,0,0,0,0,0,0,0,1,0,0,0,0,0,0,0,0,0,0,0,1,0,0,0,0,0,0,0,0,0,0,0,0,0,1,0,0,0,0,0,0,0,0,0,0,0,0,0,0,0,0,1,0,0,0,0,0,0,0
2020,경기도 안산시 단원구4,경기도 안산시 단원구 고잔동(25시광장사거리 부근),2020-06-29 20:00:00,1,1,60.0,4,1,16.0,1,2,0,4,0,0,0,0,0,0,1,0,0,0,0,0,0,0,0,0,0,0,0,0,0,0,0,0,1,0,0,0,0,0,0,0,0,0,0,0,0,0,1,0,0,0,0,0,0,0,0,0,0,0,0,0,0,0,0,1,0,0,0,0,0,0,0
2020,경기도 안산시 단원구4,경기도 안산시 단원구 고잔동(25시광장사거리 부근),2020-09-08 09:00:00,1,0,60.0,1,1,53.0,4,0,0,4,0,0,0,0,0,0,0,0,0,0,1,0,0,0,0,0,0,0,0,1,0,0,0,0,0,0,0,0,0,0,0,0,0,0,0,0,0,0,1,0,0,0,0,0,0,0,0,0,0,0,1,0,0,0,0,0,0,0,0,0,0,0,0
2020,경기도 안산시 단원구4,경기도 안산시 단원구 고잔동(25시광장사거리 부근),2020-09-22 13:00:00,1,0,33.0,4,0,25.0,1,0,0,4,0,0,0,0,0,0,0,0,0,0,1,0,0,0,0,0,1,0,0,0,0,0,0,0,0,0,0,0,0,0,0,0,1,0,0,0,0,0,0,0,0,0,0,0,0,0,0,0,1,0,0,0,0,0,0,0,0,0,0,0,0,0,0
2020,경기도 안산시 단원구4,경기도 안산시 단원구 고잔동(25시광장사거리 부근),2020-11-21 02:00:00,0,1,65.0,5,0,58.0,0,0,0,4,0,0,0,0,0,0,1,0,0,0,0,0,0,0,0,0,0,0,0,0,0,0,0,0,1,0,0,0,0,0,0,0,0,0,0,1,0,0,0,0,0,0,0,0,0,0,0,0,0,0,0,0,0,0,0,1,0,0,0,0,0,0,0
2020,경기도 안산시 단원구5,경기도 안산시 단원구 고잔동(덕성초교사거리 부근),2020-06-07 15:00:00,0,2,47.74785772029103,5,0,62.0,0,0,0,4,0,0,0,0,1,0,0,0,0,0,0,0,0,0,0,0,0,0,0,0,0,0,0,0,1,0,0,0,0,0,0,0,0,0,0,1,0,0,0,0,0,0,0,0,0,0,0,0,0,0,0,0,0,0,0,1,0,0,0,0,0,0,0
2020,경기도 안산시 단원구5,경기도 안산시 단원구 고잔동(덕성초교사거리 부근),2020-08-05 15:00:00,0,1,44.0,4,0,39.0,0,1,0,4,0,0,0,0,0,0,0,0,0,0,0,0,1,0,0,0,0,0,0,0,0,0,0,0,1,0,0,0,0,0,0,0,0,0,0,0,0,0,1,0,0,0,0,0,0,0,0,0,0,1,0,0,0,0,0,0,0,0,0,0,0,0,0
2020,경기도 안산시 단원구5,경기도 안산시 단원구 고잔동(덕성초교사거리 부근),2020-10-04 23:00:00,0,1,22.0,0,2,47.23777883246322,5,3,0,4,0,0,0,0,0,0,0,0,0,0,1,0,0,0,0,1,0,0,0,0,0,0,0,0,0,0,0,0,0,0,0,0,0,0,0,0,0,0,0,0,1,0,0,0,0,0,0,0,0,1,0,0,0,0,0,0,0,0,0,0,0,0,0